ROUTE_ID,STOP_ID,ROUTE_NAME,STOP_NAME,OBJECTID,x,y
4622,14001000,Pukete,"20 Tupelo St, Hamilton",1,1796797.002,5821113.3696
19537,14001013,Meteor,"126 Ellicott Rd, Hamilton",2,1797207.2951,5815458.1785
3771,14001013,Orbiter,"126 Ellicott Rd, Hamilton",3,1797207.2951,5815458.1785
4620,14001015,Te Rapa,"202 Sandwich Rd, Hamilton",4,1798126.531,5819726.9019
4622,14001015,Pukete,"202 Sandwich Rd, Hamilton",5,1798126.531,5819726.9019
4622,14001017,Pukete,"86 Sandwich Rd, Hamilton",6,1798725.7996,5819252.1279
4622,14001020,Pukete,"12 Braid Rd, Hamilton",7,1799043.4963,5818674.1892
9032,14001024,Rototuna Circular,"10 Borman Rd, Hamilton",8,1800816.2789,5822674.5472
9032,14001025,Rototuna Circular,"Opp 22 Borman Rd, Hamilton",9,1800932.8443,5822640.9566
4622,14001028,Pukete,"1340 Victoria St, Hamilton",10,1799472.5324,5817250.5646
4612,14001029,Claudelands,"18 Fifth Ave, Hamilton",11,1802128.9325,5817007.722
4606,14001036,Fairfield,"611 Victoria St, Hamilton",12,1800761.5614,5815713.0604
4612,14001036,Claudelands,"611 Victoria St, Hamilton",13,1800761.5614,5815713.0604
4616,14001036,Rototuna,"611 Victoria St, Hamilton",14,1800761.5614,5815713.0604
4622,14001036,Pukete,"611 Victoria St, Hamilton",15,1800761.5614,5815713.0604
4648,14001036,Chartwell,"611 Victoria St, Hamilton",16,1800761.5614,5815713.0604
9022,14001036,Flagstaff,"611 Victoria St, Hamilton",17,1800761.5614,5815713.0604
9032,14001036,Rototuna Circular,"611 Victoria St, Hamilton",18,1800761.5614,5815713.0604
4606,14001038,Fairfield,"967 Victoria St, Hamilton",19,1800376.7217,5816274.8412
4616,14001038,Rototuna,"967 Victoria St, Hamilton",20,1800376.7217,5816274.8412
4622,14001038,Pukete,"967 Victoria St, Hamilton",21,1800376.7217,5816274.8412
4648,14001038,Chartwell,"967 Victoria St, Hamilton",22,1800376.7217,5816274.8412
9022,14001038,Flagstaff,"967 Victoria St, Hamilton",23,1800376.7217,5816274.8412
9032,14001038,Rototuna Circular,"967 Victoria St, Hamilton",24,1800376.7217,5816274.8412
19537,14001043,Meteor,"150 Tristram St, Hamilton",25,1800358.6289,5815462.8086
4612,14001044,Claudelands,"15C Chedworth Ave, Hamilton",26,1801190.0186,5819238.6312
3771,14001049,Orbiter,"121 Discovery Dr, Hamilton",27,1798783.303,5821991.9349
4641,14001049,Flagstaff North,"121 Discovery Dr, Hamilton",28,1798783.303,5821991.9349
3720,14001054,Tamahere/Matangi,"211 Cambridge Rd, Hamilton (Caltex)",29,1804361.9596,5813751.1698
4604,14001054,Hillcrest,"211 Cambridge Rd, Hamilton (Caltex)",30,1804361.9596,5813751.1698
4618,14001054,Hamilton Gardens Uni,"211 Cambridge Rd, Hamilton (Caltex)",31,1804361.9596,5813751.1698
4606,14001058,Fairfield,"61 Bankwood Rd, Hamilton (Fairfield College)",32,1800543.4631,5818211.1041
4616,14001058,Rototuna,"61 Bankwood Rd, Hamilton (Fairfield College)",33,1800543.4631,5818211.1041
9022,14001058,Flagstaff,"61 Bankwood Rd, Hamilton (Fairfield College)",34,1800543.4631,5818211.1041
9032,14001058,Rototuna Circular,"61 Bankwood Rd, Hamilton (Fairfield College)",35,1800543.4631,5818211.1041
15643,14001066,Bremworth / Templeview,"38 King St, Hamilton",36,1799717.4843,5815318.8802
19537,14001068,Meteor,"2 Nevada Rd, Hamilton",37,1804877.9296,5814916.9342
19537,14001071,Meteor,"150 Masters Ave, Hamilton",38,1804987.7054,5814597.7361
19537,14001074,Meteor,"68 Masters Ave, Hamilton",39,1804355.8336,5814390.2161
19537,14001078,Meteor,"96 Hillcrest Rd, Hamilton",40,1804096.4561,5814830.4229
19537,14001080,Meteor,"66 Hyde Ave, Hamilton (Nawton Mall)",41,1796982.5506,5816080.1018
19537,14001083,Meteor,"272 Clyde St, Hamilton (opp Four Square)",42,1803326.6777,5814957.0279
3771,14001083,Orbiter,"272 Clyde St, Hamilton (opp Four Square)",43,1803326.6777,5814957.0279
4610,14001083,University,"272 Clyde St, Hamilton (opp Four Square)",44,1803326.6777,5814957.0279
3771,14001089,Orbiter,"Opp 27 Te Kōwhai Rd E, Hamilton",45,1796179.6844,5820174.4095
4604,14001091,Hillcrest,"401 Grey St, Hamilton",46,1801901.0173,5814715.3645
4618,14001091,Hamilton Gardens Uni,"401 Grey St, Hamilton",47,1801901.0173,5814715.3645
3771,14001098,Orbiter,"158 Pūkete Rd, Hamilton",48,1797284.2863,5820573.6311
4604,14001100,Hillcrest,"430 Grey St, Hamilton",49,1801896.8953,5814787.973
4618,14001100,Hamilton Gardens Uni,"430 Grey St, Hamilton",50,1801896.8953,5814787.973
9022,14001101,Flagstaff,"Opp 1105 River Rd, Hamilton",51,1798838.7201,5820318.658
9032,14001101,Rototuna Circular,"Opp 1105 River Rd, Hamilton",52,1798838.7201,5820318.658
19537,14001109,Meteor,"271 Clyde St, Hamilton (Four Square)",53,1803319.5218,5814965.9146
3771,14001109,Orbiter,"271 Clyde St, Hamilton (Four Square)",54,1803319.5218,5814965.9146
4610,14001109,University,"271 Clyde St, Hamilton (Four Square)",55,1803319.5218,5814965.9146
4648,14001124,Chartwell,"558 River Rd, Hamilton",56,1799931.9552,5817284.8363
9022,14001124,Flagstaff,"558 River Rd, Hamilton",57,1799931.9552,5817284.8363
9032,14001124,Rototuna Circular,"558 River Rd, Hamilton",58,1799931.9552,5817284.8363
19537,14001125,Meteor,"42 Lloyd Dr, Hamilton",59,1796462.2563,5816718.2518
4608,14001126,Fitzroy,"78 Alison St, Hamilton (opp Gower Park)",60,1799954.1145,5813129.5472
19537,14001129,Meteor,"57 Silverdale Rd, Hamilton",61,1805102.1839,5814520.9305
4618,14001129,Hamilton Gardens Uni,"57 Silverdale Rd, Hamilton",62,1805102.1839,5814520.9305
4638,14001130,Dinsdale,"211 Grandview Rd, Hamilton",63,1796352.2004,5815658.7431
4610,14001135,University,"21 Wilson St, Hamilton",64,1802634.8497,5815281.162
3771,14001139,Orbiter,"44 Whatawhata Rd, Hamilton (Dinsdale Shops)",65,1797735.1019,5814531
4638,14001139,Dinsdale,"44 Whatawhata Rd, Hamilton (Dinsdale Shops)",66,1797735.1019,5814531
3720,14001141,Tamahere/Matangi,"69 Knighton Rd, Hamilton",67,1803418.5591,5814823.0031
4618,14001141,Hamilton Gardens Uni,"69 Knighton Rd, Hamilton",68,1803418.5591,5814823.0031
15643,14001144,Bremworth / Templeview,"30 Tuhikaramea Rd, Hamilton",69,1797880.6341,5814430.7451
19537,14001145,Meteor,"167 Dinsdale Rd, Hamilton",70,1796968.5906,5814866.8953
4638,14001145,Dinsdale,"167 Dinsdale Rd, Hamilton",71,1796968.5906,5814866.8953
3771,14001147,Orbiter,"120 Killarney Rd, Hamilton",72,1798847.1796,5814531.985
4638,14001147,Dinsdale,"120 Killarney Rd, Hamilton",73,1798847.1796,5814531.985
12858,14001161,Comet,"400 Ulster St, Hamilton",74,1799393.8964,5816984.2093
3771,14001163,Orbiter,"67 Anglesea St, Hamilton",75,1801291.2123,5814535.9888
4608,14001163,Fitzroy,"67 Anglesea St, Hamilton",76,1801291.2123,5814535.9888
3771,14001168,Orbiter,"219A Killarney Rd, Hamilton",77,1798100.811,5814546.9054
4638,14001168,Dinsdale,"219A Killarney Rd, Hamilton",78,1798100.811,5814546.9054
3771,14001170,Orbiter,"180 Whatawhata Rd, Hamilton",79,1796862.823,5814319.3937
3771,14001171,Orbiter,"112 Avalon Dr, Hamilton (Turners)",80,1797392.1483,5817117.1414
12858,14001178,Comet,"31 Bruce Ave, Hamilton",81,1801423.2477,5811925.9523
4618,14001185,Hamilton Gardens Uni,"49 MacFarlane St, Hamilton",82,1801908.2503,5813740.6273
19537,14001189,Meteor,"20 Lloyd Dr, Hamilton",83,1796450.5721,5816878.639
12858,14001190,Comet,"740 Te Rapa Rd, Hamilton (Z Service Station)",84,1797397.4889,5819303.1533
3771,14001191,Orbiter,"Opp 1162 River Rd, Hamilton",85,1798405.4611,5820824.8608
9032,14001191,Rototuna Circular,"Opp 1162 River Rd, Hamilton",86,1798405.4611,5820824.8608
9022,14001200,Flagstaff,"94 Endeavour Ave, Hamilton",87,1798485.6465,5821434.279
15643,14001201,Bremworth / Templeview,"3 Amanda Ave, Hamilton",88,1797602.7513,5813987.2936
9022,14001203,Flagstaff,"Opp 23 Endeavour Ave, Hamilton",89,1798904.015,5820912.6667
3771,14001204,Orbiter,"1126 River Rd, Hamilton",90,1798663.9636,5820696.9431
9022,14001204,Flagstaff,"1126 River Rd, Hamilton",91,1798663.9636,5820696.9431
9032,14001204,Rototuna Circular,"1126 River Rd, Hamilton",92,1798663.9636,5820696.9431
4620,14001208,Te Rapa,"185 Māeroa Rd, Hamilton",93,1798944.85,5816364.507
3771,14001212,Orbiter,Lynden Court East A (Chartwell Shopping Centre),94,1800757.8847,5819337.8438
4606,14001212,Fairfield,Lynden Court East A (Chartwell Shopping Centre),95,1800757.8847,5819337.8438
4612,14001212,Claudelands,Lynden Court East A (Chartwell Shopping Centre),96,1800757.8847,5819337.8438
4616,14001212,Rototuna,Lynden Court East A (Chartwell Shopping Centre),97,1800757.8847,5819337.8438
4641,14001212,Flagstaff North,Lynden Court East A (Chartwell Shopping Centre),98,1800757.8847,5819337.8438
4648,14001212,Chartwell,Lynden Court East A (Chartwell Shopping Centre),99,1800757.8847,5819337.8438
9022,14001212,Flagstaff,Lynden Court East A (Chartwell Shopping Centre),100,1800757.8847,5819337.8438
9032,14001212,Rototuna Circular,Lynden Court East A (Chartwell Shopping Centre),101,1800757.8847,5819337.8438
3771,14001216,Orbiter,"52 Hukanui Rd, Hamilton",102,1801256.4808,5818390.026
4641,14001216,Flagstaff North,"52 Hukanui Rd, Hamilton",103,1801256.4808,5818390.026
4656,14001219,Nawton,"60 Grandview Rd, Hamilton",104,1797333.6462,5816432.9318
9032,14001221,Rototuna Circular,"140 Clarkin Rd, Hamilton",105,1800615.1329,5817773.3223
4618,14001222,Hamilton Gardens Uni,"44 MacFarlane St, Hamilton",106,1801922.5891,5813702.3959
19537,14001224,Meteor,"Transport Centre (Bryce St, Platform 3)",107,1800582.1008,5815403.3617
4616,14001232,Rototuna,Lynden Court West E (Chartwell Shopping Centre),108,1800727.9349,5819364.9554
4641,14001232,Flagstaff North,Lynden Court West E (Chartwell Shopping Centre),109,1800727.9349,5819364.9554
4648,14001232,Chartwell,Lynden Court West E (Chartwell Shopping Centre),110,1800727.9349,5819364.9554
9022,14001232,Flagstaff,Lynden Court West E (Chartwell Shopping Centre),111,1800727.9349,5819364.9554
9032,14001232,Rototuna Circular,Lynden Court West E (Chartwell Shopping Centre),112,1800727.9349,5819364.9554
3771,14001235,Orbiter,"7 Foreman Rd, Hamilton",113,1796892.4214,5818292.2975
4656,14001235,Nawton,"7 Foreman Rd, Hamilton",114,1796892.4214,5818292.2975
19537,14001239,Meteor,"Opp 132 Masters Ave, Hamilton",115,1804814.9743,5814536.6353
3771,14001247,Orbiter,"77 Hukanui Rd, Hamilton",116,1801226.5041,5818399.9432
4641,14001247,Flagstaff North,"77 Hukanui Rd, Hamilton",117,1801226.5041,5818399.9432
3771,14001254,Orbiter,"Opp 452 Hukanui Rd, Hamilton",118,1800369.373,5821439.0193
4641,14001254,Flagstaff North,"Opp 452 Hukanui Rd, Hamilton",119,1800369.373,5821439.0193
9032,14001254,Rototuna Circular,"Opp 452 Hukanui Rd, Hamilton",120,1800369.373,5821439.0193
15643,14001255,Bremworth / Templeview,"Opp 39 Amanda Ave, Hamilton",121,1797310.9755,5813822.8617
4648,14001257,Chartwell,"50 Glen Lynne Ave, Hamilton",122,1799980.6478,5819846.6723
9022,14001257,Flagstaff,"50 Glen Lynne Ave, Hamilton",123,1799980.6478,5819846.6723
9032,14001257,Rototuna Circular,"50 Glen Lynne Ave, Hamilton",124,1799980.6478,5819846.6723
12858,14001259,Comet,"381 Te Rapa Rd, Hamilton (Road and Sport)",125,1798419.3396,5817933.4763
4648,14001271,Chartwell,"58 Comries Rd, Hamilton",126,1800169.6107,5819096.1527
4648,14001272,Chartwell,"17 Herbert Rd, Hamilton",127,1800030.2586,5819271.6408
12858,14001277,Comet,"35 Acacia Cr, Hamilton",128,1801848.1451,5810735.7525
4648,14001278,Chartwell,"4 Glen Lynne Ave, Hamilton",129,1799591.7252,5819711.3114
9022,14001278,Flagstaff,"4 Glen Lynne Ave, Hamilton",130,1799591.7252,5819711.3114
9032,14001278,Rototuna Circular,"4 Glen Lynne Ave, Hamilton",131,1799591.7252,5819711.3114
4648,14001282,Chartwell,"768 River Rd, Hamilton (near Day's Park)",132,1799714.4366,5818481.2957
9022,14001282,Flagstaff,"768 River Rd, Hamilton (near Day's Park)",133,1799714.4366,5818481.2957
3771,14001293,Orbiter,"234 Kahikātea Dr, Hamilton",134,1799304.6553,5813274.9154
3771,14001294,Orbiter,"110 Kahikātea Dr, Hamilton (Z Service Station)",135,1799884.8692,5813080.1719
3771,14001295,Orbiter,"243 Kahikātea Dr, Hamilton",136,1799283.9687,5813268.3104
3771,14001296,Orbiter,"71A Kahikātea Dr, Hamilton",137,1800081.8912,5813000.74
4608,14001296,Fitzroy,"71A Kahikātea Dr, Hamilton",138,1800081.8912,5813000.74
3771,14001297,Orbiter,"16 Moreland Ave, Hamilton",139,1797003.461,5820950.1943
4622,14001297,Pukete,"16 Moreland Ave, Hamilton",140,1797003.461,5820950.1943
4606,14001300,Fairfield,"81 Bankwood Rd, Hamilton",141,1800569.4301,5818446.7109
4616,14001300,Rototuna,"81 Bankwood Rd, Hamilton",142,1800569.4301,5818446.7109
9022,14001300,Flagstaff,"81 Bankwood Rd, Hamilton",143,1800569.4301,5818446.7109
9032,14001300,Rototuna Circular,"81 Bankwood Rd, Hamilton",144,1800569.4301,5818446.7109
4612,14001308,Claudelands,"3 Chedworth Ave, Hamilton",145,1801042.1595,5819202.0451
4622,14001311,Pukete,"28 Maui St, Hamilton",146,1796181.4483,5820863.5385
4656,14001317,Nawton,"5 Wall St, Hamilton",147,1797458.4226,5816678.543
4656,14001319,Nawton,"35 Dominion Rd, Hamilton",148,1797139.6466,5816770.3451
12858,14001325,Comet,"39 Saxbys Rd, Hamilton",149,1800569.5498,5811313.9039
12858,14001327,Comet,"35 Deanwell Ave, Hamilton",150,1800364.4443,5811641.2336
12858,14001329,Comet,"36A Prisk St, Hamilton",151,1800182.8262,5812170.9217
4606,14001332,Fairfield,"124 Comries Rd, Hamilton",152,1800666.9674,5819224.737
4616,14001332,Rototuna,"124 Comries Rd, Hamilton",153,1800666.9674,5819224.737
4648,14001332,Chartwell,"124 Comries Rd, Hamilton",154,1800666.9674,5819224.737
9022,14001332,Flagstaff,"124 Comries Rd, Hamilton",155,1800666.9674,5819224.737
9032,14001332,Rototuna Circular,"124 Comries Rd, Hamilton",156,1800666.9674,5819224.737
12858,14001333,Comet,"52 Ōhaupō Rd, Hamilton",157,1800792.4827,5812814.5643
4608,14001333,Fitzroy,"52 Ōhaupō Rd, Hamilton",158,1800792.4827,5812814.5643
4608,14001335,Fitzroy,"64 Alison St, Hamilton",159,1799961.9898,5813292.2077
19537,14001336,Meteor,"Opp 100 Hillcrest Rd, Hamilton",160,1804091.5218,5814844.6473
9032,14001338,Rototuna Circular,"41 Clarkin Rd, Hamilton",161,1800051.7251,5817639.5352
4638,14001339,Dinsdale,"20 Farnborough Dr, Hamilton",162,1796153.5165,5816717.5078
3771,14001341,Orbiter,"30 Palmerston St, Hamilton",163,1801075.4764,5814326.0773
4608,14001341,Fitzroy,"30 Palmerston St, Hamilton",164,1801075.4764,5814326.0773
4656,14001344,Nawton,"95 Rimu St, Hamilton",165,1798826.881,5816133.2223
3771,14001354,Orbiter,"19 Palmerston St, Hamilton",166,1801101.8357,5814333.1568
4608,14001354,Fitzroy,"19 Palmerston St, Hamilton",167,1801101.8357,5814333.1568
4656,14001370,Nawton,"200 Seddon Rd, Hamilton",168,1799271.9016,5816160.7317
4622,14001383,Pukete,"Opp 1161 Victoria St, Hamilton",169,1800231.8345,5816550.1571
4648,14001383,Chartwell,"Opp 1161 Victoria St, Hamilton",170,1800231.8345,5816550.1571
9022,14001383,Flagstaff,"Opp 1161 Victoria St, Hamilton",171,1800231.8345,5816550.1571
9032,14001383,Rototuna Circular,"Opp 1161 Victoria St, Hamilton",172,1800231.8345,5816550.1571
12858,14001388,Comet,"48 Māhoe St, Hamilton",173,1800531.5429,5812604.7439
4610,14001391,University,"52 Te Aroha St, Hamilton",174,1801943.1108,5815964.0554
12858,14001393,Comet,"6 Glenview Tce, Hamilton",175,1801086.7412,5811752.8303
12858,14001395,Comet,"144 Ōhaupō Rd, Hamilton",176,1800893.9637,5812074.3079
4608,14001395,Fitzroy,"144 Ōhaupō Rd, Hamilton",177,1800893.9637,5812074.3079
12858,14001398,Comet,"32 Ōhaupō Rd, Hamilton",178,1800720.707,5813060.8193
3771,14001398,Orbiter,"32 Ōhaupō Rd, Hamilton",179,1800720.707,5813060.8193
4608,14001398,Fitzroy,"32 Ōhaupō Rd, Hamilton",180,1800720.707,5813060.8193
12858,14001399,Comet,Waikato Hospital Northbound,181,1800795.3471,5813317.9345
3771,14001399,Orbiter,Waikato Hospital Northbound,182,1800795.3471,5813317.9345
4608,14001399,Fitzroy,Waikato Hospital Northbound,183,1800795.3471,5813317.9345
4641,14001407,Flagstaff North,"Opp 10 Petersburg Dr, Hamilton",184,1797312.126,5822068.7887
4616,14001410,Rototuna,"Opp 222 Borman Rd, Hamilton",185,1799917.7198,5822624.8465
9022,14001410,Flagstaff,"Opp 222 Borman Rd, Hamilton",186,1799917.7198,5822624.8465
9032,14001410,Rototuna Circular,"Opp 222 Borman Rd, Hamilton",187,1799917.7198,5822624.8465
12858,14001414,Comet,Waikato Hospital Southbound,188,1800801.1974,5813286.9235
3771,14001414,Orbiter,Waikato Hospital Southbound,189,1800801.1974,5813286.9235
4608,14001414,Fitzroy,Waikato Hospital Southbound,190,1800801.1974,5813286.9235
12858,14001417,Comet,"45 Ōhaupō Rd, Hamilton",191,1800779.7917,5812893.7102
4608,14001417,Fitzroy,"45 Ōhaupō Rd, Hamilton",192,1800779.7917,5812893.7102
19537,14001419,Meteor,"Opp Gate 5, University of Waikato",193,1804303.5779,5815331.9554
4648,14001430,Chartwell,"42 Pulham Cr, Hamilton",194,1799998.7701,5819754.1848
15643,14001438,Bremworth / Templeview,"190 Tuhikaramea Rd, Hamilton",195,1797344.5724,5813416.5612
3771,14001440,Orbiter,"29 Moreland Ave, Hamilton",196,1797002.515,5820969.6475
4622,14001440,Pukete,"29 Moreland Ave, Hamilton",197,1797002.515,5820969.6475
4612,14001441,Claudelands,Lynden Court East C (Chartwell Shopping Centre),198,1800728.1737,5819383.8056
4656,14001442,Nawton,"49 Breckons Ave, Hamilton",199,1796947.2462,5817020.5537
4641,14001445,Flagstaff North,"403 Borman Rd, Hamilton",200,1798114.1635,5822841.779
9032,14001445,Rototuna Circular,"403 Borman Rd, Hamilton",201,1798114.1635,5822841.779
19537,14001450,Meteor,"24 Maple Ave, Hamilton",202,1797255.7963,5815435.0561
4610,14001464,University,"Opp 90 Te Aroha St, Hamilton",203,1802340.666,5816075.5453
19537,14001477,Meteor,"171 Clyde St, Hamilton",204,1802631.802,5815007.0846
3771,14001477,Orbiter,"171 Clyde St, Hamilton",205,1802631.802,5815007.0846
12858,14001482,Comet,"37 Splitt Ave, Hamilton",206,1802123.8043,5811629.0033
4616,14001487,Rototuna,"113 Huntington Dr, Hamilton",207,1801369.5819,5819923.2229
4648,14001487,Chartwell,"113 Huntington Dr, Hamilton",208,1801369.5819,5819923.2229
12858,14001490,Comet,The Base (Platform A),209,1796577.7326,5819814.6209
4620,14001491,Te Rapa,The Base (Platform B),210,1796589.0322,5819810.0578
4622,14001491,Pukete,The Base (Platform B),211,1796589.0322,5819810.0578
4608,14001494,Fitzroy,"8 Waterford Rd, Hamilton",212,1802557.3008,5812454.488
4648,14001496,Chartwell,"26 Glen Lynne Ave, Hamilton",213,1799853.8525,5819809.8865
9022,14001496,Flagstaff,"26 Glen Lynne Ave, Hamilton",214,1799853.8525,5819809.8865
9032,14001496,Rototuna Circular,"26 Glen Lynne Ave, Hamilton",215,1799853.8525,5819809.8865
4612,14001499,Claudelands,"62 London St, Hamilton",216,1800645.0652,5815740.6989
4620,14001502,Te Rapa,"Opp 50 Garnett Ave, Hamilton",217,1798470.932,5817550.9068
4656,14001504,Nawton,"26 Wall St, Hamilton",218,1797337.6882,5816866.3076
4656,14001511,Nawton,"36 Grandview Rd, Hamilton",219,1797486.9135,5816543.6207
4622,14001513,Pukete,"1240 Victoria St, Hamilton",220,1799960.4511,5816868.5398
4648,14001513,Chartwell,"1240 Victoria St, Hamilton",221,1799960.4511,5816868.5398
9022,14001513,Flagstaff,"1240 Victoria St, Hamilton",222,1799960.4511,5816868.5398
9032,14001513,Rototuna Circular,"1240 Victoria St, Hamilton",223,1799960.4511,5816868.5398
3771,14001514,Orbiter,"5 Discovery Dr, Hamilton",224,1798259.675,5821109.6145
4616,14001523,Rototuna,"12 Turakina Rise, Hamilton (Woolworths)",225,1798952.3938,5822592.878
9022,14001523,Flagstaff,"12 Turakina Rise, Hamilton (Woolworths)",226,1798952.3938,5822592.878
9032,14001523,Rototuna Circular,"12 Turakina Rise, Hamilton (Woolworths)",227,1798952.3938,5822592.878
12858,14001524,Comet,"568 Anglesea St, Hamilton",228,1800259.074,5816028.7377
4656,14001524,Nawton,"568 Anglesea St, Hamilton",229,1800259.074,5816028.7377
4606,14001528,Fairfield,"126 Fairfield Rd, Hamilton",230,1800912.3093,5817344.8082
4608,14001532,Fitzroy,"62 Pine Ave, Hamilton",231,1801356.6897,5812439.1195
4612,14001541,Claudelands,"131 Fairview St, Hamilton",232,1802404.4049,5818733.1346
3771,14001547,Orbiter,"Opp 72 Peachgrove Rd, Hamilton",233,1802366.5987,5815657.0737
4610,14001547,University,"Opp 72 Peachgrove Rd, Hamilton",234,1802366.5987,5815657.0737
4641,14001547,Flagstaff North,"Opp 72 Peachgrove Rd, Hamilton",235,1802366.5987,5815657.0737
4612,14001550,Claudelands,"25A Fifth Ave, Hamilton",236,1802150.5817,5817031.8663
3720,14001564,Tamahere/Matangi,"218 Cambridge Rd, Hamilton",237,1804328.3218,5813737.3926
4604,14001564,Hillcrest,"218 Cambridge Rd, Hamilton",238,1804328.3218,5813737.3926
4618,14001564,Hamilton Gardens Uni,"218 Cambridge Rd, Hamilton",239,1804328.3218,5813737.3926
4616,14001566,Rototuna,"64 Callum Brae Dr, Hamilton",240,1799810.0205,5821162.2232
4606,14001567,Fairfield,"3 Snell Dr, Hamilton",241,1802200.1556,5818587.1032
9032,14001573,Rototuna Circular,"83 Clarkin Rd, Hamilton",242,1800274.0225,5817697.7923
12858,14001600,Comet,"9 Garden Heights Ave, Hamilton",243,1801556.0282,5811440.0052
19537,14001608,Meteor,"56 Commerce St, Hamilton",244,1799639.3704,5815509.3788
3771,14001614,Orbiter,"70 Foreman Rd, Hamilton",245,1796793.8127,5818999.8311
4656,14001614,Nawton,"70 Foreman Rd, Hamilton",246,1796793.8127,5818999.8311
4656,14001615,Nawton,"5 Waimarie St, Hamilton (Fraser High School)",247,1797725.8309,5815859.9528
4608,14001616,Fitzroy,"40 Urlich Ave, Hamilton",248,1801108.5955,5812070.4415
3771,14001620,Orbiter,"114 Discovery Dr, Hamilton",249,1798806.71,5821982.488
4641,14001620,Flagstaff North,"114 Discovery Dr, Hamilton",250,1798806.71,5821982.488
4606,14001624,Fairfield,"204 Tramway Rd, Hamilton",251,1802419.4395,5818057.7343
3771,14001629,Orbiter,"359 Peachgrove Rd, Hamilton",252,1801714.4642,5817602.7901
4606,14001629,Fairfield,"359 Peachgrove Rd, Hamilton",253,1801714.4642,5817602.7901
4641,14001629,Flagstaff North,"359 Peachgrove Rd, Hamilton",254,1801714.4642,5817602.7901
12858,14001633,Comet,"573 Te Rapa Rd, Hamilton",255,1797910.2612,5818603.6702
4606,14001636,Fairfield,"56 Fairfield Rd, Hamilton",256,1800433.2978,5817346.3766
4606,14001640,Fairfield,"19 Oakley Ave, Hamilton",257,1800926.1993,5816505.37
19537,14001641,Meteor,"22 Hillcrest Rd, Hamilton",258,1803878.0641,5814304.1264
9032,14001642,Rototuna Circular,"7 Wiltshire Dr, Hamilton",259,1801432.098,5821363.2724
4618,14001648,Hamilton Gardens Uni,"82 Brookfield St, Hamilton",260,1802728.7769,5813836.0202
3771,14001649,Orbiter,"62 Church Rd, Hamilton (Flex Fitness)",261,1796547.1248,5820536.1061
4622,14001649,Pukete,"62 Church Rd, Hamilton (Flex Fitness)",262,1796547.1248,5820536.1061
3771,14001652,Orbiter,"16 Church Rd, Hamilton",263,1796835.7217,5821011.8262
12858,14001657,Comet,"300 Te Rapa Rd, Hamilton",264,1798729.353,5817732.0014
4622,14001659,Pukete,"1335 Victoria St, Hamilton",265,1799494.002,5817226.5051
3771,14001663,Orbiter,"Ruakura Rd, Hamilton (opp Innovation Park)",266,1803529.0104,5816021.9316
4608,14001672,Fitzroy,"118 Fitzroy Ave, Hamilton",267,1802438.2113,5812208.0292
4608,14001677,Fitzroy,"12 Norrie St, Hamilton",268,1802199.3466,5812796.7458
4641,14001682,Flagstaff North,"Opp 129 Cumberland Dr, Hamilton",269,1797534.6156,5822385.0118
19537,14001683,Meteor,"88 Silverdale Rd, Hamilton",270,1804938.8785,5814756.5182
4618,14001683,Hamilton Gardens Uni,"88 Silverdale Rd, Hamilton",271,1804938.8785,5814756.5182
4608,14001685,Fitzroy,"72 Urlich Ave, Hamilton",272,1801160.2197,5812304.6882
12858,14001687,Comet,"80 Pelorus St, Hamilton",273,1802116.5406,5811260.1967
4606,14001690,Fairfield,"48 Holland Rd, Hamilton",274,1801297.3213,5817348.7302
3771,14001692,Orbiter,"Ruakura Rd, Hamilton (Innovation Park)",275,1803568.3886,5816030.9024
19537,14001697,Meteor,"109 Cambridge Rd, Hamilton",276,1803855.5058,5814033.1147
3720,14001697,Tamahere/Matangi,"109 Cambridge Rd, Hamilton",277,1803855.5058,5814033.1147
4604,14001697,Hillcrest,"109 Cambridge Rd, Hamilton",278,1803855.5058,5814033.1147
4618,14001697,Hamilton Gardens Uni,"109 Cambridge Rd, Hamilton",279,1803855.5058,5814033.1147
3771,14001720,Orbiter,"19 Church Rd, Hamilton",280,1796843.5543,5821011.1951
4656,14001723,Nawton,"27 Rotokauri Rd, Hamilton",281,1797023.4615,5817431.8704
3771,14001724,Orbiter,"20 Hukanui Rd, Hamilton",282,1801460.0611,5818191.7291
4641,14001724,Flagstaff North,"20 Hukanui Rd, Hamilton",283,1801460.0611,5818191.7291
4620,14001726,Te Rapa,"Opp 153 Māeroa Rd, Hamilton",284,1798933.6163,5816569.2294
4610,14001731,University,"75 Cameron Rd, Hamilton",285,1803262.0461,5815507.3143
4610,14001739,University,"92 Te Aroha St, Hamilton",286,1802293.3838,5816052.9254
12858,14001741,Comet,"17 Saxbys Rd, Hamilton",287,1800837.1861,5811412.8657
4618,14001744,Hamilton Gardens Uni,"70 Jellicoe Dr, Hamilton",288,1801677.2472,5813646.0122
4608,14001754,Fitzroy,"103 Lake Cr, Hamilton",289,1800228.6344,5813590.3543
15643,14001756,Bremworth / Templeview,"Opp 77 Queens Ave, Hamilton",290,1799670.3451,5814734.0452
4638,14001756,Dinsdale,"Opp 77 Queens Ave, Hamilton",291,1799670.3451,5814734.0452
3771,14001757,Orbiter,"72 Peachgrove Rd, Hamilton",292,1802393.7495,5815539.1504
4610,14001757,University,"72 Peachgrove Rd, Hamilton",293,1802393.7495,5815539.1504
4641,14001757,Flagstaff North,"72 Peachgrove Rd, Hamilton",294,1802393.7495,5815539.1504
4638,14001759,Dinsdale,"25 Mārama St, Hamilton",295,1800054.9395,5815037.7127
4656,14001773,Nawton,"118 Rimu St, Hamilton",296,1798641.4943,5816181.2978
4612,14001779,Claudelands,"46 Raymond St, Hamilton",297,1803058.9961,5818233.7547
3771,14001793,Orbiter,"255 Peachgrove Rd, Hamilton",298,1801935.214,5817003.8885
4612,14001793,Claudelands,"255 Peachgrove Rd, Hamilton",299,1801935.214,5817003.8885
4641,14001793,Flagstaff North,"255 Peachgrove Rd, Hamilton",300,1801935.214,5817003.8885
15643,14001795,Bremworth / Templeview,"26 King St, Hamilton",301,1799804.1165,5815394.109
3771,14001812,Orbiter,"272 Peachgrove Rd, Hamilton",302,1801924.9462,5817034.4534
4612,14001812,Claudelands,"272 Peachgrove Rd, Hamilton",303,1801924.9462,5817034.4534
4641,14001812,Flagstaff North,"272 Peachgrove Rd, Hamilton",304,1801924.9462,5817034.4534
9022,14001813,Flagstaff,"78A Endeavour Ave, Hamilton",305,1798757.8183,5821384.6421
12858,14001821,Comet,"1 Splitt Ave, Hamilton",306,1801856.6716,5811899.8989
4638,14001834,Dinsdale,"116 Farnborough Dr, Hamilton",307,1795544.995,5816283.8213
4616,14001839,Rototuna,"Opp 39 Kimbrae Dr, Hamilton",308,1799840.6174,5823121.1033
9022,14001839,Flagstaff,"Opp 39 Kimbrae Dr, Hamilton",309,1799840.6174,5823121.1033
9032,14001839,Rototuna Circular,"Opp 39 Kimbrae Dr, Hamilton",310,1799840.6174,5823121.1033
4610,14001842,University,"228 Old Farm Rd, Hamilton",311,1803762.9462,5815859.6905
4641,14001846,Flagstaff North,"8 Farringdon Dr, Hamilton",312,1799013.5908,5822051.4467
15643,14001853,Bremworth / Templeview,"23 Poaka Ave, Hamilton",313,1797624.3949,5814235.4403
4620,14001858,Te Rapa,"66 Garnett Ave, Hamilton",314,1798423.9901,5817614.6609
4648,14001862,Chartwell,"Opp 588 River Rd, Hamilton",315,1799821.0505,5817407.3349
9022,14001862,Flagstaff,"Opp 588 River Rd, Hamilton",316,1799821.0505,5817407.3349
9032,14001862,Rototuna Circular,"Opp 588 River Rd, Hamilton",317,1799821.0505,5817407.3349
4618,14001865,Hamilton Gardens Uni,"18 Wellington St, Hamilton",318,1801969.0211,5814391.465
12858,14001872,Comet,"10 Garden Heights Ave, Hamilton",319,1801570.2268,5811433.5499
4604,14001889,Hillcrest,"291 Grey St, Hamilton",320,1801974.5909,5814446.0697
4618,14001889,Hamilton Gardens Uni,"291 Grey St, Hamilton",321,1801974.5909,5814446.0697
15643,14001903,Bremworth / Templeview,"31 King St, Hamilton",322,1799815.326,5815395.9476
19537,14001908,Meteor,"53 Commerce St, Hamilton",323,1799659.4183,5815522.1056
4606,14001909,Fairfield,"110 Bankwood Rd, Hamilton",324,1800568.1257,5818655.6446
4616,14001909,Rototuna,"110 Bankwood Rd, Hamilton",325,1800568.1257,5818655.6446
9022,14001909,Flagstaff,"110 Bankwood Rd, Hamilton",326,1800568.1257,5818655.6446
9032,14001909,Rototuna Circular,"110 Bankwood Rd, Hamilton",327,1800568.1257,5818655.6446
4616,14001915,Rototuna,"1044 Heaphy Tce, Hamilton",328,1801024.236,5817214.2742
9022,14001915,Flagstaff,"1044 Heaphy Tce, Hamilton",329,1801024.236,5817214.2742
4604,14001921,Hillcrest,"108 Naylor St, Hamilton",330,1803112.7089,5814162.527
4618,14001921,Hamilton Gardens Uni,"108 Naylor St, Hamilton",331,1803112.7089,5814162.527
4606,14001928,Fairfield,"75 Holland Rd, Hamilton",332,1801397.3473,5817463.4279
12858,14001929,Comet,"3 Thackeray St, Hamilton (Anglesea Pharmacy)",333,1800982.9692,5814808.6663
4604,14001930,Hillcrest,"24 Howell Ave, Hamilton",334,1804397.0575,5813384.776
3771,14001940,Orbiter,"Pūkete Rd, Hamilton (Cullimore St)",335,1797392.6385,5819932.4904
4620,14001940,Te Rapa,"Pūkete Rd, Hamilton (Cullimore St)",336,1797392.6385,5819932.4904
4620,14001946,Te Rapa,"5 Norris Ave, Hamilton (Kiwispan)",337,1798346.8156,5818608.2717
4606,14001948,Fairfield,"201 Hukanui Rd, Hamilton",338,1800877.828,5819401.0313
4612,14001948,Claudelands,"201 Hukanui Rd, Hamilton",339,1800877.828,5819401.0313
19537,14001954,Meteor,"Opp 7 Silverdale Rd, Hamilton",340,1805329.2885,5814256.9859
4618,14001954,Hamilton Gardens Uni,"Opp 7 Silverdale Rd, Hamilton",341,1805329.2885,5814256.9859
4606,14001960,Fairfield,"84 Mardon Rd, Hamilton",342,1802260.6713,5817676.8912
12858,14001964,Comet,"252 Ulster St, Hamilton",343,1799791.0168,5816523.0589
4656,14001972,Nawton,"56 Rimu St, Hamilton",344,1799070.5516,5816143.3965
12858,14001992,Comet,"70 Dixon Rd, Hamilton",345,1802225.72,5811375.7346
4616,14001994,Rototuna,"106 Wentworth Dr, Hamilton",346,1799164.1834,5822364.0349
4610,14001995,University,"Opp 228 Old Farm Rd, Hamilton",347,1803748.1383,5815866.7194
3771,14001999,Orbiter,"Pūkete Rd, Hamilton (opp Cullimore St)",348,1797376.2704,5819955.8661
4620,14001999,Te Rapa,"Pūkete Rd, Hamilton (opp Cullimore St)",349,1797376.2704,5819955.8661
19537,14002032,Meteor,"130 Anglesea St, Hamilton",350,1801139.6428,5814763.1036
4604,14002032,Hillcrest,"130 Anglesea St, Hamilton",351,1801139.6428,5814763.1036
4608,14002032,Fitzroy,"130 Anglesea St, Hamilton",352,1801139.6428,5814763.1036
4610,14002032,University,"130 Anglesea St, Hamilton",353,1801139.6428,5814763.1036
4618,14002032,Hamilton Gardens Uni,"130 Anglesea St, Hamilton",354,1801139.6428,5814763.1036
4620,14002033,Te Rapa,"68 Māeroa Rd, Hamilton",355,1799236.0096,5816997.358
19537,14002036,Meteor,"12 Norton Rd, Hamilton",356,1799951.8058,5815602.3055
4620,14002036,Te Rapa,"12 Norton Rd, Hamilton",357,1799951.8058,5815602.3055
3771,14002040,Orbiter,"19 Ellicott Rd, Hamilton",358,1798029.1611,5816075.0366
4656,14002040,Nawton,"19 Ellicott Rd, Hamilton",359,1798029.1611,5816075.0366
15643,14002044,Bremworth / Templeview,"Opp 68 Whatawhata Rd, Hamilton",360,1797633.3691,5814487.9862
3771,14002044,Orbiter,"Opp 68 Whatawhata Rd, Hamilton",361,1797633.3691,5814487.9862
4638,14002044,Dinsdale,"Opp 68 Whatawhata Rd, Hamilton",362,1797633.3691,5814487.9862
15643,14002053,Bremworth / Templeview,"151 Duke St, Hamilton",363,1798331.6466,5813929.5574
3771,14002057,Orbiter,"130 Pūkete Rd, Hamilton",364,1797332.2382,5820307.113
4641,14002060,Flagstaff North,"7 Farringdon Dr, Hamilton",365,1799006.5566,5822066.939
3771,14002063,Orbiter,"212 Thomas Rd, Hamilton",366,1799795.4455,5821683.0946
4641,14002063,Flagstaff North,"212 Thomas Rd, Hamilton",367,1799795.4455,5821683.0946
9032,14002072,Rototuna Circular,"22 St. James Dr, Hamilton",368,1801268.6173,5821226.5824
3771,14002075,Orbiter,"452 Hukanui Rd, Hamilton",369,1800380.6864,5821440.0768
4641,14002075,Flagstaff North,"452 Hukanui Rd, Hamilton",370,1800380.6864,5821440.0768
9032,14002075,Rototuna Circular,"452 Hukanui Rd, Hamilton",371,1800380.6864,5821440.0768
12858,14002081,Comet,"674 Te Rapa Rd, Hamilton (PB Tech)",372,1797636.3054,5818994.4693
12858,14002083,Comet,"48 Saxbys Rd, Hamilton",373,1800564.1447,5811322.6845
3771,14002087,Orbiter,"Opp 299 Hukanui Rd, Hamilton",374,1800430.1935,5820056.0454
4616,14002087,Rototuna,"Opp 299 Hukanui Rd, Hamilton",375,1800430.1935,5820056.0454
4641,14002087,Flagstaff North,"Opp 299 Hukanui Rd, Hamilton",376,1800430.1935,5820056.0454
4648,14002087,Chartwell,"Opp 299 Hukanui Rd, Hamilton",377,1800430.1935,5820056.0454
4616,14002090,Rototuna,"11 Alconbury Dr, Hamilton",378,1800108.5411,5821851.1906
9022,14002090,Flagstaff,"11 Alconbury Dr, Hamilton",379,1800108.5411,5821851.1906
3771,14002093,Orbiter,"299 Hukanui Rd, Hamilton",380,1800432.5658,5819997.6944
4616,14002093,Rototuna,"299 Hukanui Rd, Hamilton",381,1800432.5658,5819997.6944
4641,14002093,Flagstaff North,"299 Hukanui Rd, Hamilton",382,1800432.5658,5819997.6944
4648,14002093,Chartwell,"299 Hukanui Rd, Hamilton",383,1800432.5658,5819997.6944
9032,14002093,Rototuna Circular,"299 Hukanui Rd, Hamilton",384,1800432.5658,5819997.6944
3771,14002096,Orbiter,"28 Foreman Rd, Hamilton",385,1796979.1837,5818551.3713
4656,14002096,Nawton,"28 Foreman Rd, Hamilton",386,1796979.1837,5818551.3713
4616,14002097,Rototuna,"19 Callum Brae Dr, Hamilton",387,1800030.1342,5820886.8648
12858,14002112,Comet,"370 Anglesea St, Hamilton (opp Transport Centre)",388,1800621.8722,5815506.8494
3771,14002116,Orbiter,"Opp 58 Peachgrove Rd, Hamilton (Boys High)",389,1802389.8769,5815435.4255
4610,14002116,University,"Opp 58 Peachgrove Rd, Hamilton (Boys High)",390,1802389.8769,5815435.4255
4641,14002116,Flagstaff North,"Opp 58 Peachgrove Rd, Hamilton (Boys High)",391,1802389.8769,5815435.4255
4638,14002124,Dinsdale,"Opp 187 Ward St, Hamilton (Girls High)",392,1800481.586,5815192.6618
4610,14002125,University,"68 Cameron Rd, Hamilton",393,1803257.9118,5815564.7121
15643,14002129,Bremworth / Templeview,"7 Queens Ave, Hamilton",394,1799916.5257,5815005.7673
4638,14002129,Dinsdale,"7 Queens Ave, Hamilton",395,1799916.5257,5815005.7673
4656,14002135,Nawton,"40 Dominion Rd, Hamilton",396,1797118.0218,5816765.3112
3771,14002137,Orbiter,"117 Avalon Dr, Hamilton",397,1797339.7617,5817177.1501
15643,14002145,Bremworth / Templeview,"15 Poaka Ave, Hamilton",398,1797602.9699,5814322.8321
19537,14002148,Meteor,"55 Hillcrest Rd, Hamilton",399,1804009.7693,5814586.0657
3771,14002160,Orbiter,"88 Ellicott Rd, Hamilton",400,1797557.8272,5815613.3481
19537,14002161,Meteor,"Gate 5, University of Waikato",401,1804301.677,5815298.6908
4606,14002162,Fairfield,"118 Holland Rd, Hamilton",402,1801602.9911,5817589.6414
4622,14002166,Pukete,"7 Tupelo St, Hamilton",403,1796654.7191,5821094.2007
4616,14002170,Rototuna,Rototuna Shopping Centre,404,1800402.3047,5821817.6489
9022,14002170,Flagstaff,Rototuna Shopping Centre,405,1800402.3047,5821817.6489
9032,14002170,Rototuna Circular,Rototuna Shopping Centre,406,1800402.3047,5821817.6489
4616,14002177,Rototuna,"63 Huntington Dr, Hamilton",407,1801172.7739,5820395.9331
4648,14002177,Chartwell,"63 Huntington Dr, Hamilton",408,1801172.7739,5820395.9331
19537,14002180,Meteor,"209 Clyde St, Hamilton",409,1802948.1623,5814979.0793
3771,14002180,Orbiter,"209 Clyde St, Hamilton",410,1802948.1623,5814979.0793
4610,14002180,University,"209 Clyde St, Hamilton",411,1802948.1623,5814979.0793
9022,14002181,Flagstaff,"94 Glen Lynne Ave, Hamilton",412,1800394.4305,5819959.5374
9032,14002181,Rototuna Circular,"94 Glen Lynne Ave, Hamilton",413,1800394.4305,5819959.5374
19537,14002187,Meteor,"35 Baverstock Rd, Hamilton",414,1796410.7231,5817218.0155
19537,14002230,Meteor,"73 Clyde St, Hamilton",415,1802160.3932,5814907.6419
3771,14002230,Orbiter,"73 Clyde St, Hamilton",416,1802160.3932,5814907.6419
4641,14002230,Flagstaff North,"73 Clyde St, Hamilton",417,1802160.3932,5814907.6419
3771,14002236,Orbiter,"222 Killarney Rd, Hamilton",418,1798091.0706,5814559.1683
4638,14002236,Dinsdale,"222 Killarney Rd, Hamilton",419,1798091.0706,5814559.1683
3771,14002240,Orbiter,"4 Foreman Rd, Hamilton",420,1796908.3539,5818291.3615
4656,14002240,Nawton,"4 Foreman Rd, Hamilton",421,1796908.3539,5818291.3615
19537,14002264,Meteor,"170 Dinsdale Rd, Hamilton",422,1796976.6797,5814858.8183
4638,14002264,Dinsdale,"170 Dinsdale Rd, Hamilton",423,1796976.6797,5814858.8183
3771,14002270,Orbiter,"81 Ellicott Rd, Hamilton",424,1797651.2512,5815658.0722
4618,14002271,Hamilton Gardens Uni,"Gate 10, University of Waikato",425,1804651.7164,5815129.8334
4608,14002272,Fitzroy,"2 Alison St, Hamilton",426,1800005.8945,5813712.6944
4638,14002277,Dinsdale,"30 Brymer Rd, Hamilton",427,1796107.2588,5815900.4151
4618,14002281,Hamilton Gardens Uni,"Opp 5 Jellicoe Dr, Hamilton",428,1801645.9215,5814208.2955
12858,14002283,Comet,"110A Māhoe St, Hamilton",429,1800267.8145,5812445.5177
19537,14002291,Meteor,"Opp Gate 2, University of Waikato",430,1803590.1573,5815277.7688
3718,14002291,Tauwhare Pa,"Opp Gate 2, University of Waikato",431,1803590.1573,5815277.7688
3771,14002291,Orbiter,"Opp Gate 2, University of Waikato",432,1803590.1573,5815277.7688
4610,14002291,University,"Opp Gate 2, University of Waikato",433,1803590.1573,5815277.7688
4618,14002291,Hamilton Gardens Uni,"Opp Gate 2, University of Waikato",434,1803590.1573,5815277.7688
4608,14002293,Fitzroy,"2 Willis St, Hamilton",435,1801419.2353,5812705.2984
4612,14002305,Claudelands,"89 Crosby Rd, Hamilton",436,1801796.2672,5818999.1802
4616,14002311,Rototuna,"44 Callum Brae Dr, Hamilton",437,1799996.6243,5820955.8529
4618,14002313,Hamilton Gardens Uni,"76 MacFarlane St, Hamilton",438,1801867.9351,5813916.5962
4620,14002321,Te Rapa,"12 Tōtara Dr, Hamilton",439,1798097.4001,5819831.7512
4622,14002321,Pukete,"12 Tōtara Dr, Hamilton",440,1798097.4001,5819831.7512
4606,14002327,Fairfield,"7 Mardon Rd, Hamilton",441,1801788.8617,5817533.8326
4620,14002331,Te Rapa,"11 Mitcham Ave, Hamilton",442,1798584.8826,5817012.9475
4622,14002336,Pukete,"4 Tupelo St, Hamilton",443,1796633.2525,5821074.0608
3771,14002345,Orbiter,"258 Thomas Rd, Hamilton",444,1799300.8256,5821590.5062
4616,14002346,Rototuna,"2 Cate Rd, Hamilton",445,1799860.1,5821398.7482
4620,14002347,Te Rapa,"92 Māeroa Rd, Hamilton",446,1799062.3436,5816871.8702
4612,14002355,Claudelands,"19 Radiata St, Hamilton",447,1802746.2723,5818282.0973
3771,14002357,Orbiter,"Opp 343 Hukanui Rd, Hamilton",448,1800374.8824,5820352.299
4616,14002357,Rototuna,"Opp 343 Hukanui Rd, Hamilton",449,1800374.8824,5820352.299
4641,14002357,Flagstaff North,"Opp 343 Hukanui Rd, Hamilton",450,1800374.8824,5820352.299
9032,14002357,Rototuna Circular,"Opp 343 Hukanui Rd, Hamilton",451,1800374.8824,5820352.299
12858,14002359,Comet,"82 Pembroke St, Hamilton",452,1800824.951,5813996.4224
3771,14002359,Orbiter,"82 Pembroke St, Hamilton",453,1800824.951,5813996.4224
4608,14002359,Fitzroy,"82 Pembroke St, Hamilton",454,1800824.951,5813996.4224
19537,14002361,Meteor,"82 Clyde St, Hamilton",455,1802199.7411,5814907.0704
3771,14002361,Orbiter,"82 Clyde St, Hamilton",456,1802199.7411,5814907.0704
4641,14002361,Flagstaff North,"82 Clyde St, Hamilton",457,1802199.7411,5814907.0704
4612,14002367,Claudelands,"95 Fifth Ave, Hamilton",458,1802599.1482,5817301.8275
19537,14002368,Meteor,"109 Dominion Rd, Hamilton",459,1796438.0066,5816536.3179
4620,14002370,Te Rapa,"4 Vardon Rd, Hamilton",460,1798527.7428,5817940.4874
9032,14002372,Rototuna Circular,"103 Thomas Rd, Hamilton",461,1800564.0208,5821610.3885
12858,14002373,Comet,"4 Prisk St, Hamilton",462,1800126.1998,5812377.7173
19537,14002376,Meteor,"Gate 2, University of Waikato",463,1803635.1194,5815326.2884
3718,14002376,Tauwhare Pa,"Gate 2, University of Waikato",464,1803635.1194,5815326.2884
3771,14002376,Orbiter,"Gate 2, University of Waikato",465,1803635.1194,5815326.2884
4610,14002376,University,"Gate 2, University of Waikato",466,1803635.1194,5815326.2884
4618,14002376,Hamilton Gardens Uni,"Gate 2, University of Waikato",467,1803635.1194,5815326.2884
19537,14002381,Meteor,"7 Anzac Parade, Hamilton",468,1801394.8789,5814714.9994
3771,14002381,Orbiter,"7 Anzac Parade, Hamilton",469,1801394.8789,5814714.9994
4604,14002381,Hillcrest,"7 Anzac Parade, Hamilton",470,1801394.8789,5814714.9994
4610,14002381,University,"7 Anzac Parade, Hamilton",471,1801394.8789,5814714.9994
4618,14002381,Hamilton Gardens Uni,"7 Anzac Parade, Hamilton",472,1801394.8789,5814714.9994
4606,14002383,Fairfield,"10 Ranfurly Ave, Hamilton",473,1800347.7988,5817244.8611
9032,14002400,Rototuna Circular,"94 Thomas Rd, Hamilton",474,1800619.4425,5821622.9197
12858,14002420,Comet,"14 Houchens Rd, Hamilton",475,1801855.2052,5811033.2231
4606,14002431,Fairfield,"10 Boundary Rd, Hamilton",476,1800797.3099,5816608.5581
4616,14002431,Rototuna,"10 Boundary Rd, Hamilton",477,1800797.3099,5816608.5581
9022,14002431,Flagstaff,"10 Boundary Rd, Hamilton",478,1800797.3099,5816608.5581
4656,14002439,Nawton,"57 Grandview Rd, Hamilton",479,1797372.6929,5816447.8735
4618,14002443,Hamilton Gardens Uni,"59 MacFarlane St, Hamilton",480,1801888.0536,5813813.726
4618,14002444,Hamilton Gardens Uni,"19 Wellington St, Hamilton",481,1801951.4327,5814391.7702
4618,14002452,Hamilton Gardens Uni,"14A Galloway St, Hamilton",482,1802925.6648,5813763.3953
4604,14002461,Hillcrest,"293 Cambridge Rd, Hamilton",483,1804611.4275,5813537.6776
4604,14002462,Hillcrest,"62 Howell Ave, Hamilton",484,1804176.0764,5813348.514
19537,14002469,Meteor,"34 Morris Rd, Hamilton",485,1804777.7331,5814155.5849
4604,14002475,Hillcrest,"4 Louise Pl, Hamilton",486,1804109.1801,5813272.891
4604,14002485,Hillcrest,"292 Cambridge Rd, Hamilton",487,1804592.9689,5813525.2561
4616,14002489,Rototuna,"52 Wentworth Dr, Hamilton",488,1799065.0939,5821865.111
4641,14002489,Flagstaff North,"52 Wentworth Dr, Hamilton",489,1799065.0939,5821865.111
4616,14002491,Rototuna,"37 Cate Rd, Hamilton",490,1799656.7106,5821801.5104
4641,14002491,Flagstaff North,"37 Cate Rd, Hamilton",491,1799656.7106,5821801.5104
4608,14002509,Fitzroy,Transport Centre (Platform I),492,1800562.6253,5815455.397
4616,14002510,Rototuna,Transport Centre (Platform J),493,1800559.9631,5815451.0205
9032,14002511,Rototuna Circular,Transport Centre (Platform K),494,1800557.3782,5815446.1979
9022,14002512,Flagstaff,Transport Centre (Platform L),495,1800555.0602,5815441.4798
4648,14002513,Chartwell,Transport Centre (Platform M),496,1800552.7395,5815436.6508
4606,14002514,Fairfield,Transport Centre (Platform N),497,1800550.9418,5815431.5869
4612,14002515,Claudelands,Transport Centre (Platform O),498,1800548.9761,5815426.8603
4604,14002516,Hillcrest,Transport Centre (Platform P),499,1800547.2583,5815421.4614
4610,14002517,University,Transport Centre (Platform Q),500,1800545.821,5815416.7219
4618,14002517,Hamilton Gardens Uni,Transport Centre (Platform Q),501,1800545.821,5815416.7219
4638,14002518,Dinsdale,Transport Centre (Platform R),502,1800544.2794,5815411.3187
15643,14002519,Bremworth / Templeview,Transport Centre (Platform S),503,1800543.1944,5815406.5706
4656,14002520,Nawton,Transport Centre (Platform T),504,1800541.8317,5815401.274
4622,14002521,Pukete,Transport Centre (Platform U),505,1800540.7385,5815396.193
4620,14002522,Te Rapa,Transport Centre (Platform V),506,1800539.3785,5815391.0075
15643,14002530,Bremworth / Templeview,Transport Centre,507,1800563.6576,5815480.3994
4604,14002530,Hillcrest,Transport Centre,508,1800563.6576,5815480.3994
4606,14002530,Fairfield,Transport Centre,509,1800563.6576,5815480.3994
4608,14002530,Fitzroy,Transport Centre,510,1800563.6576,5815480.3994
4610,14002530,University,Transport Centre,511,1800563.6576,5815480.3994
4612,14002530,Claudelands,Transport Centre,512,1800563.6576,5815480.3994
4616,14002530,Rototuna,Transport Centre,513,1800563.6576,5815480.3994
4618,14002530,Hamilton Gardens Uni,Transport Centre,514,1800563.6576,5815480.3994
4620,14002530,Te Rapa,Transport Centre,515,1800563.6576,5815480.3994
4622,14002530,Pukete,Transport Centre,516,1800563.6576,5815480.3994
4638,14002530,Dinsdale,Transport Centre,517,1800563.6576,5815480.3994
4648,14002530,Chartwell,Transport Centre,518,1800563.6576,5815480.3994
4656,14002530,Nawton,Transport Centre,519,1800563.6576,5815480.3994
9022,14002530,Flagstaff,Transport Centre,520,1800563.6576,5815480.3994
9032,14002530,Rototuna Circular,Transport Centre,521,1800563.6576,5815480.3994
3718,14002536,Tauwhare Pa,"595 Ruakura Rd, Newstead",522,1806926.1345,5815875.4186
3718,14002537,Tauwhare Pa,"Opp 595 Ruakura Rd, Newstead",523,1806901.3754,5815888.2777
3718,14002538,Tauwhare Pa,"Tauwhare Pā, Tauwhare",524,1813192.2149,5815259.5259
3720,14002539,Tamahere/Matangi,"604 Matangi Rd, Matangi",525,1810729.6498,5813244.0116
3720,14002540,Tamahere/Matangi,"Tamahere Eventide Home and Village, Tamahere",526,1806738.0573,5811533.2822
3720,14002541,Tamahere/Matangi,"Tamahere Skate Park and Village, Tamahere",527,1807100.3934,5810442.9608
3720,14002542,Tamahere/Matangi,"206 Newell Rd, Tamahere",528,1805401.556,5811050.7875
3720,14002543,Tamahere/Matangi,"603 Matangi Rd, Matangi",529,1810739.2613,5813252.2214
3720,14002544,Tamahere/Matangi,"Newell Rd, Tamahere (opp 3 Riverfields Ln)",530,1805405.9841,5811469.3961
3720,14002545,Tamahere/Matangi,"264B Newell Rd, Tamahere",531,1805853.42,5810820.8331
3720,14002546,Tamahere/Matangi,"Opp 334 Newell Rd, Tamahere",532,1806380.5091,5810399.3109
3720,14002548,Tamahere/Matangi,"235A Tauwhare Rd, Tauwhare",533,1809411.5772,5811651.1292
3720,14002549,Tamahere/Matangi,"360 Matangi Rd, Matangi (hail2ride)",534,1808458.1523,5813370.6998
3720,14002550,Tamahere/Matangi,"Atawhai Assisi Home, Matangi",535,1806526.633,5813361.85
3720,14002551,Tamahere/Matangi,"Matangi Rd, Matangi (opp Strawberry Farm) (hail2ride)",536,1807758.6928,5813141.2015
3720,14002553,Tamahere/Matangi,"Matangi Rd, Matangi (Estate Driveway) (hail2ride)",537,1807770.4625,5813151.6253
3720,14002554,Tamahere/Matangi,"Opp Atawhai Assisi Home, Matangi",538,1806566.3573,5813375.4455
3720,14002555,Tamahere/Matangi,"Opp 356 Matangi Rd, Matangi (hail2ride)",539,1808460.4073,5813400.9209
3720,14002556,Tamahere/Matangi,"Opp 235A Tauwhare Rd, Tauwhare",540,1809441.5911,5811628.3854
3720,14002557,Tamahere/Matangi,"Alfred Main Dr, Tamahere (near Kendrick Ln)",541,1806023.5117,5811999.349
3720,14002558,Tamahere/Matangi,"334 Newell Rd, Tamahere",542,1806402.0662,5810327.6602
3720,14002559,Tamahere/Matangi,"Opp 264B Newell Rd, Tamahere",543,1805835.7927,5810761.9873
3718,14002560,Tauwhare Pa,"Hoeka Rd, Matangi (after Tauhare Rd)",544,1811215.067,5813771.2005
3718,14002561,Tauwhare Pa,"Hoeka Rd, Matangi (near Woodside Rd) (hail2ride)",545,1810404.0829,5815647.4308
9032,14002565,Rototuna Circular,"46 Thomas Rd, Hamilton",546,1801018.8819,5821563.0045
4606,14002566,Fairfield,"205 Tramway Rd, Hamilton",547,1802407.4418,5818057.3629
3718,14002569,Tauwhare Pa,"Hoeka Rd, Matangi (opp Woodside Rd) (hail2ride)",548,1810405.5037,5815683.3575
12858,14002570,Comet,"2 Tomin Rd, Hamilton",549,1800957.7368,5811740.2545
3718,14002571,Tauwhare Pa,"Hoeka Rd, Matangi (before Tauwhare Rd)",550,1811218.9356,5813815.1408
3718,14002572,Tauwhare Pa,"643 Tauwhare Rd, Matangi",551,1811999.754,5814713.7942
3718,14002574,Tauwhare Pa,"Opp 643 Tauwhare Rd, Matangi",552,1812008.0703,5814702.4042
4616,14002588,Rototuna,"123 Wentworth Dr, Hamilton",553,1799152.461,5822371.6461
4612,14002589,Claudelands,"20 Chedworth Ave, Hamilton",554,1801257.1975,5819249.4267
4638,14002593,Dinsdale,"50 Western Heights Dr, Hamilton",555,1796437.7589,5815403.7696
9032,14002672,Rototuna Circular,"Opp 91 Barrington Dr, Hamilton",556,1801150.1753,5822256.5493
15643,14002674,Bremworth / Templeview,"25 Amanda Ave, Hamilton",557,1797368.3991,5813950.6161
3771,14002679,Orbiter,"356 Peachgrove Rd, Hamilton",558,1801721.3309,5817616.8346
4606,14002679,Fairfield,"356 Peachgrove Rd, Hamilton",559,1801721.3309,5817616.8346
4641,14002679,Flagstaff North,"356 Peachgrove Rd, Hamilton",560,1801721.3309,5817616.8346
19537,14002681,Meteor,"31 Nevada Rd, Hamilton",561,1805113.4567,5815103.6101
4648,14002682,Chartwell,"Opp 667 River Rd, Hamilton",562,1799728.5629,5817933.6008
9022,14002682,Flagstaff,"Opp 667 River Rd, Hamilton",563,1799728.5629,5817933.6008
4656,14002687,Nawton,"68 Breckons Ave, Hamilton",564,1796945.4858,5816751.6749
12858,14002688,Comet,"201 Te Rapa Rd, Hamilton",565,1799120.4761,5817554.1522
4622,14002688,Pukete,"201 Te Rapa Rd, Hamilton",566,1799120.4761,5817554.1522
12858,14002691,Comet,"20 Deanwell Ave, Hamilton",567,1800402.7092,5811482.7521
4618,14002695,Hamilton Gardens Uni,"89 Fox St, Hamilton",568,1803073.8069,5814118.2081
12858,14002701,Comet,Transport Centre (Anglesea St),569,1800614.9666,5815489.2653
4618,14002756,Hamilton Gardens Uni,"37 Brookfield St, Hamilton",570,1802491.7118,5813779.9002
9032,14002765,Rototuna Circular,"1768 River Rd, Hamilton",571,1797676.0107,5821414.6445
4618,14002769,Hamilton Gardens Uni,"2 Wellington St, Hamilton",572,1801782.4774,5814337.0816
9032,14002789,Rototuna Circular,"22 Thomas Rd, Hamilton",573,1801303.6912,5821489.3245
4656,14002793,Nawton,"61 Rimu St, Hamilton",574,1799075.273,5816123.6292
9032,14002854,Rototuna Circular,"Opp 1770 River Rd, Hamilton",575,1797628.4961,5821426.3315
12858,14002863,Comet,"36 Deanwell Ave, Hamilton",576,1800375.5653,5811636.027
4622,14002882,Pukete,"5 Braid Rd, Hamilton",577,1798984.5399,5818646.4981
19537,14002886,Meteor,"78 Morrinsville Rd, Hamilton",578,1805077.5232,5813941.3601
3720,14002886,Tamahere/Matangi,"78 Morrinsville Rd, Hamilton",579,1805077.5232,5813941.3601
4618,14002886,Hamilton Gardens Uni,"78 Morrinsville Rd, Hamilton",580,1805077.5232,5813941.3601
4620,14002889,Te Rapa,"13 Norris Ave, Hamilton",581,1798207.0167,5818773.634
4638,14002954,Dinsdale,"27 Caernarvon St, Hamilton (Caernarvon Park)",582,1797110.9692,5814572.2459
4612,14002968,Claudelands,"901 Heaphy Tce, Hamilton",583,1801256.8995,5816621.7642
4620,14002970,Te Rapa,"Opp 66 Garnett Ave, Hamilton",584,1798428.215,5817592.4634
4656,14002974,Nawton,"153 Rimu St, Hamilton",585,1798370.2525,5816247.6859
12858,14002987,Comet,"3 Deanwell Ave, Hamilton",586,1800412.7815,5811335.9381
12858,14002989,Comet,"58 Splitt Ave, Hamilton",587,1802134.3227,5811609.0043
15643,14002992,Bremworth / Templeview,"5 Lethborg St, Hamilton",588,1798244.3065,5813917.3394
3771,14002994,Orbiter,"Opp 1122 River Rd, Hamilton",589,1798672.5287,5820635.9771
9022,14002994,Flagstaff,"Opp 1122 River Rd, Hamilton",590,1798672.5287,5820635.9771
9032,14002994,Rototuna Circular,"Opp 1122 River Rd, Hamilton",591,1798672.5287,5820635.9771
15643,14002995,Bremworth / Templeview,"Norton Rd, Hamilton (Seddon Park)",592,1800281.3011,5815518.8763
19537,14002995,Meteor,"Norton Rd, Hamilton (Seddon Park)",593,1800281.3011,5815518.8763
4620,14002995,Te Rapa,"Norton Rd, Hamilton (Seddon Park)",594,1800281.3011,5815518.8763
4656,14003054,Nawton,"25 Waimarie St, Hamilton",595,1797603.3761,5815969.0048
4604,14003061,Hillcrest,"43 Cambridge Rd, Hamilton",596,1803510.5504,5814152.4593
4618,14003061,Hamilton Gardens Uni,"43 Cambridge Rd, Hamilton",597,1803510.5504,5814152.4593
4606,14003062,Fairfield,"2 Snell Dr, Hamilton",598,1802196.2344,5818599.7466
3771,14003063,Orbiter,"87 Discovery Dr, Hamilton",599,1798445.919,5821861.1576
9022,14003063,Flagstaff,"87 Discovery Dr, Hamilton",600,1798445.919,5821861.1576
9032,14003067,Rototuna Circular,"27 Thomas Rd, Hamilton",601,1801309.5003,5821474.415
4616,14003069,Rototuna,"39 Kimbrae Dr, Hamilton",602,1799821.7473,5823114.0334
9022,14003069,Flagstaff,"39 Kimbrae Dr, Hamilton",603,1799821.7473,5823114.0334
9032,14003069,Rototuna Circular,"39 Kimbrae Dr, Hamilton",604,1799821.7473,5823114.0334
4656,14003074,Nawton,"115 Rimu St, Hamilton",605,1798656.8479,5816167.8619
4620,14003080,Te Rapa,"37 Forest Lake Rd, Hamilton",606,1799001.4655,5817091.6353
4656,14003095,Nawton,"6 Holmes St, Hamilton",607,1797278.2552,5816195.6495
19537,14003098,Meteor,"3 Norton Rd, Hamilton",608,1799937.4304,5815594.9444
4620,14003098,Te Rapa,"3 Norton Rd, Hamilton",609,1799937.4304,5815594.9444
4606,14003151,Fairfield,"229 Clarkin Rd, Hamilton",610,1801036.2003,5817899.4074
3771,14003161,Orbiter,"343 Hukanui Rd, Hamilton",611,1800361.6865,5820347.7342
4616,14003161,Rototuna,"343 Hukanui Rd, Hamilton",612,1800361.6865,5820347.7342
4641,14003161,Flagstaff North,"343 Hukanui Rd, Hamilton",613,1800361.6865,5820347.7342
9032,14003161,Rototuna Circular,"343 Hukanui Rd, Hamilton",614,1800361.6865,5820347.7342
4604,14003174,Hillcrest,"79 Naylor St, Hamilton",615,1802875.8364,5814136.5284
19537,14003177,Meteor,"43 Morris Rd, Hamilton",616,1804706.3874,5814315.9255
4604,14003181,Hillcrest,"Opp 315 Grey St, Hamilton (Steele Park)",617,1801963.8319,5814531.8326
4618,14003181,Hamilton Gardens Uni,"Opp 315 Grey St, Hamilton (Steele Park)",618,1801963.8319,5814531.8326
4606,14003182,Fairfield,"169 Bankwood Rd, Hamilton",619,1800456.9887,5819029.9601
4616,14003182,Rototuna,"169 Bankwood Rd, Hamilton",620,1800456.9887,5819029.9601
9022,14003182,Flagstaff,"169 Bankwood Rd, Hamilton",621,1800456.9887,5819029.9601
9032,14003182,Rototuna Circular,"169 Bankwood Rd, Hamilton",622,1800456.9887,5819029.9601
19537,14003185,Meteor,"131 Anglesea St, Hamilton",623,1801131.7984,5814760.4884
4604,14003185,Hillcrest,"131 Anglesea St, Hamilton",624,1801131.7984,5814760.4884
4608,14003185,Fitzroy,"131 Anglesea St, Hamilton",625,1801131.7984,5814760.4884
4610,14003185,University,"131 Anglesea St, Hamilton",626,1801131.7984,5814760.4884
4618,14003185,Hamilton Gardens Uni,"131 Anglesea St, Hamilton",627,1801131.7984,5814760.4884
4606,14003256,Fairfield,"12 Bankwood Rd, Hamilton",628,1800640.6116,5817968.9016
4616,14003256,Rototuna,"12 Bankwood Rd, Hamilton",629,1800640.6116,5817968.9016
9022,14003256,Flagstaff,"12 Bankwood Rd, Hamilton",630,1800640.6116,5817968.9016
9032,14003256,Rototuna Circular,"12 Bankwood Rd, Hamilton",631,1800640.6116,5817968.9016
15643,14003270,Bremworth / Templeview,"103 Poaka Ave, Hamilton",632,1797551.156,5813794.6059
4612,14003271,Claudelands,"23 Raymond St, Hamilton",633,1803112.9882,5818033.1231
4620,14003286,Te Rapa,"Garnett Ave, Hamilton (Te Rapa Shops)",634,1798433.5475,5817850.3773
4618,14003288,Hamilton Gardens Uni,"40 Jellicoe Dr, Hamilton",635,1801476.1031,5813764.506
4616,14003290,Rototuna,"Opp 956 Heaphy Tce, Hamilton",636,1801131.112,5816913.1992
9022,14003290,Flagstaff,"Opp 956 Heaphy Tce, Hamilton",637,1801131.112,5816913.1992
4620,14003327,Te Rapa,"56 Norton Rd, Hamilton",638,1799499.8996,5815703.0748
15643,14003351,Bremworth / Templeview,"18 McKay Dr, Hamilton",639,1795590.9607,5811880.6838
4616,14003354,Rototuna,"Opp 267 Borman Rd, Hamilton",640,1799195.0867,5822537.1548
9022,14003354,Flagstaff,"Opp 267 Borman Rd, Hamilton",641,1799195.0867,5822537.1548
12858,14003366,Comet,"397A Ulster St, Hamilton",642,1799384.2674,5816951.2675
12858,14003370,Comet,"218B Anglesea St, Hamilton",643,1800943.4065,5815040.7149
19537,14003370,Meteor,"218B Anglesea St, Hamilton",644,1800943.4065,5815040.7149
4604,14003370,Hillcrest,"218B Anglesea St, Hamilton",645,1800943.4065,5815040.7149
4608,14003370,Fitzroy,"218B Anglesea St, Hamilton",646,1800943.4065,5815040.7149
4610,14003370,University,"218B Anglesea St, Hamilton",647,1800943.4065,5815040.7149
4618,14003370,Hamilton Gardens Uni,"218B Anglesea St, Hamilton",648,1800943.4065,5815040.7149
4638,14003373,Dinsdale,"28 Mārama St, Hamilton",649,1800063.6882,5815071.3659
4608,14003376,Fitzroy,"3 Urlich Ave, Hamilton",650,1800936.1352,5812024.7763
4612,14003381,Claudelands,"18 Powells Rd, Hamilton",651,1802765.899,5817664.9122
3720,14003384,Tamahere/Matangi,"38 Knighton Rd, Hamilton",652,1803475.1599,5814532.0147
4618,14003384,Hamilton Gardens Uni,"38 Knighton Rd, Hamilton",653,1803475.1599,5814532.0147
12858,14003393,Comet,"671 Te Rapa Rd, Hamilton",654,1797635.8953,5818957.1599
9032,14003464,Rototuna Circular,"88 Clarkin Rd, Hamilton",655,1800270.8034,5817687.5687
4606,14003475,Fairfield,"12 Oakley Ave, Hamilton",656,1800931.1736,5816517.7957
3771,14003486,Orbiter,"28 Moreland Ave, Hamilton",657,1797132.7839,5820919.3451
4622,14003486,Pukete,"28 Moreland Ave, Hamilton",658,1797132.7839,5820919.3451
19537,14003493,Meteor,"Opp 187 Knighton Rd, Hamilton",659,1803883.6879,5815785.1916
3718,14003493,Tauwhare Pa,"Opp 187 Knighton Rd, Hamilton",660,1803883.6879,5815785.1916
3771,14003493,Orbiter,"Opp 187 Knighton Rd, Hamilton",661,1803883.6879,5815785.1916
4610,14003493,University,"Opp 187 Knighton Rd, Hamilton",662,1803883.6879,5815785.1916
4618,14003493,Hamilton Gardens Uni,"Opp 187 Knighton Rd, Hamilton",663,1803883.6879,5815785.1916
19537,14003535,Meteor,"3 Maple Ave, Hamilton",664,1797314.0815,5815225.3683
19537,14003536,Meteor,"45 Lake Rd, Hamilton",665,1799523.518,5815434.8756
19537,14003537,Meteor,"193-195 Massey St, Hamilton",666,1798210.2118,5814762.8767
19537,14003538,Meteor,"194 Massey St, Hamilton",667,1798218.7332,5814785.5955
19537,14003539,Meteor,"Te Wetini Dr, Hamilton (before Taiatea Dr)",668,1795863.6117,5818483.0902
19537,14003540,Meteor,"Te Wetini Dr, Hamilton (after Taiatea Dr)",669,1795866.753,5818514.7394
3771,14003555,Orbiter,"Opp 258 Thomas Rd, Hamilton",670,1799307.0408,5821574.0096
4608,14003556,Fitzroy,"66 Bader St, Hamilton",671,1801932.5244,5812915.4118
4606,14003562,Fairfield,"16 Tamihana Ave, Hamilton",672,1800579.0211,5816877.0338
9022,14003567,Flagstaff,"1049 River Rd, Hamilton",673,1799164.4933,5819967.4764
9032,14003567,Rototuna Circular,"1049 River Rd, Hamilton",674,1799164.4933,5819967.4764
4606,14003569,Fairfield,"7 Boundary Rd, Hamilton",675,1800771.968,5816613.8396
4616,14003569,Rototuna,"7 Boundary Rd, Hamilton",676,1800771.968,5816613.8396
9022,14003569,Flagstaff,"7 Boundary Rd, Hamilton",677,1800771.968,5816613.8396
19537,14003570,Meteor,"112 Aberdeen Dr, Hamilton",678,1797053.9049,5815130.9045
3771,14003572,Orbiter,"41 Moreland Ave, Hamilton",679,1797109.1491,5820926.5721
4622,14003572,Pukete,"41 Moreland Ave, Hamilton",680,1797109.1491,5820926.5721
3771,14003575,Orbiter,"13 Te Kōwhai Rd E, Hamilton",681,1796311.7576,5820236.1517
4622,14003575,Pukete,"13 Te Kōwhai Rd E, Hamilton",682,1796311.7576,5820236.1517
9032,14003585,Rototuna Circular,"55 Thomas Rd, Hamilton",683,1801044.7715,5821543.3864
4641,14003586,Flagstaff North,"396 Borman Rd, Hamilton",684,1798167.103,5822827.9608
9032,14003586,Rototuna Circular,"396 Borman Rd, Hamilton",685,1798167.103,5822827.9608
4641,14003595,Flagstaff North,"33 Magellan Rise, Hamilton",686,1798194.8823,5822001.9881
9022,14003595,Flagstaff,"33 Magellan Rise, Hamilton",687,1798194.8823,5822001.9881
9032,14003617,Rototuna Circular,"57 Wiltshire Dr, Hamilton",688,1801559.4177,5821106.3335
4612,14003635,Claudelands,"43 Chedworth Ave, Hamilton",689,1801449.7911,5819254.9359
4620,14003642,Te Rapa,"6 Garnett Ave, Hamilton",690,1798662.5167,5817366.7455
4612,14003644,Claudelands,"36 Chedworth Ave, Hamilton",691,1801444.6209,5819245.4021
4656,14003649,Nawton,"53 Waimarie St, Hamilton",692,1797425.6495,5816135.1558
4656,14003655,Nawton,"89 Breckons Ave, Hamilton",693,1796958.7977,5816744.4724
19537,14003656,Meteor,"1 Nevada Rd, Hamilton",694,1804864.2222,5814922.0502
4648,14003657,Chartwell,"53 Herbert Rd, Hamilton",695,1799919.3726,5819643.189
4606,14003675,Fairfield,"53 Mardon Rd, Hamilton",696,1802026.1779,5817611.2499
4656,14003676,Nawton,"79 Grandview Rd, Hamilton",697,1797241.7028,5816354.6363
3771,14003677,Orbiter,"249 Hukanui Rd, Hamilton (opp Hukanui Primary)",698,1800660.3488,5819669.8167
4616,14003677,Rototuna,"249 Hukanui Rd, Hamilton (opp Hukanui Primary)",699,1800660.3488,5819669.8167
4641,14003677,Flagstaff North,"249 Hukanui Rd, Hamilton (opp Hukanui Primary)",700,1800660.3488,5819669.8167
4648,14003677,Chartwell,"249 Hukanui Rd, Hamilton (opp Hukanui Primary)",701,1800660.3488,5819669.8167
9022,14003677,Flagstaff,"249 Hukanui Rd, Hamilton (opp Hukanui Primary)",702,1800660.3488,5819669.8167
9032,14003677,Rototuna Circular,"249 Hukanui Rd, Hamilton (opp Hukanui Primary)",703,1800660.3488,5819669.8167
4616,14003688,Rototuna,"41 Boundary Rd, Hamilton",704,1800958.0199,5816660.8212
9022,14003688,Flagstaff,"41 Boundary Rd, Hamilton",705,1800958.0199,5816660.8212
3720,14003689,Tamahere/Matangi,"Bollard Rd, Tamahere (past Expressway Exit)",706,1806377.5905,5811862.5621
4616,14003698,Rototuna,"Opp 73 Moonlight Dr, Hamilton",707,1799687.0633,5822520.8695
4641,14003698,Flagstaff North,"Opp 73 Moonlight Dr, Hamilton",708,1799687.0633,5822520.8695
9022,14003698,Flagstaff,"Opp 73 Moonlight Dr, Hamilton",709,1799687.0633,5822520.8695
9032,14003698,Rototuna Circular,"Opp 73 Moonlight Dr, Hamilton",710,1799687.0633,5822520.8695
4620,14003699,Te Rapa,"16 Forsyth St, Hamilton",711,1798629.2619,5818396.3874
4616,14003702,Rototuna,"25 Kimbrae Dr, Hamilton",712,1800008.7348,5822986.2647
9022,14003702,Flagstaff,"25 Kimbrae Dr, Hamilton",713,1800008.7348,5822986.2647
9032,14003702,Rototuna Circular,"25 Kimbrae Dr, Hamilton",714,1800008.7348,5822986.2647
4608,14003711,Fitzroy,"102 Lake Cr, Hamilton",715,1800244.6631,5813593.7393
4622,14003722,Pukete,"66 Mauī St, Hamilton",716,1796010.6992,5821162.1651
12858,14003724,Comet,"165 Ulster St, Hamilton",717,1800059.5307,5816378.7868
4641,14003727,Flagstaff North,"1787 River Rd, Hamilton",718,1797480.4551,5821508.0449
4606,14003749,Fairfield,"39 Casey Ave, Hamilton",719,1800548.6852,5816974.0407
4616,14003752,Rototuna,"1047 Heaphy Tce, Hamilton",720,1801011.0825,5817209.8207
9022,14003752,Flagstaff,"1047 Heaphy Tce, Hamilton",721,1801011.0825,5817209.8207
4606,14003757,Fairfield,"610 Victoria St, Hamilton",722,1800783.095,5815712.5352
4612,14003757,Claudelands,"610 Victoria St, Hamilton",723,1800783.095,5815712.5352
4616,14003757,Rototuna,"610 Victoria St, Hamilton",724,1800783.095,5815712.5352
4622,14003757,Pukete,"610 Victoria St, Hamilton",725,1800783.095,5815712.5352
4648,14003757,Chartwell,"610 Victoria St, Hamilton",726,1800783.095,5815712.5352
9022,14003757,Flagstaff,"610 Victoria St, Hamilton",727,1800783.095,5815712.5352
9032,14003757,Rototuna Circular,"610 Victoria St, Hamilton",728,1800783.095,5815712.5352
3720,14003759,Tamahere/Matangi,"3 Knighton Rd, Hamilton",729,1803548.4888,5814201.5259
4618,14003759,Hamilton Gardens Uni,"3 Knighton Rd, Hamilton",730,1803548.4888,5814201.5259
12858,14003760,Comet,"110 Ōhaupō Rd, Hamilton",731,1800947.093,5812328.2212
4608,14003760,Fitzroy,"110 Ōhaupō Rd, Hamilton",732,1800947.093,5812328.2212
15643,14003763,Bremworth / Templeview,"1 Poaka Ave, Hamilton",733,1797588.0464,5814416.0868
12858,14003795,Comet,"15 Houchens Rd, Hamilton",734,1801850.2859,5811002.1911
4608,14003806,Fitzroy,"Opp 209 Dixon Rd, Hamilton (Summerset Village)",735,1802737.3254,5811843.0044
19537,14003816,Meteor,"73 Massey St, Hamilton",736,1798836.207,5815100.6852
12858,14003835,Comet,"48 Pelorus St, Hamilton",737,1801847.2487,5811266.9058
4612,14003843,Claudelands,"77 Fifth Ave, Hamilton",738,1802456.0222,5817216.5176
19537,14003845,Meteor,"208 Clyde St, Hamilton",739,1802902.177,5814972.4406
3771,14003845,Orbiter,"208 Clyde St, Hamilton",740,1802902.177,5814972.4406
4610,14003845,University,"208 Clyde St, Hamilton",741,1802902.177,5814972.4406
4608,14003851,Fitzroy,"9 Waterford Rd, Hamilton",742,1802581.7955,5812465.4325
4656,14003860,Nawton,"26 Odlin Cr, Hamilton",743,1796786.2888,5817303.5375
4608,14003868,Fitzroy,"40 Odette St, Hamilton",744,1801434.5519,5812553.8014
4610,14003872,University,"16A Old Farm Rd, Hamilton",745,1802832.1104,5815260.091
15643,14003874,Bremworth / Templeview,"279 Kahikātea Dr, Hamilton",746,1798827.8679,5813413.0359
12858,14003879,Comet,"71 Bruce Ave, Hamilton",747,1801652.9635,5812163.6782
4648,14003883,Chartwell,"Opp 778 River Rd, Hamilton (Day's Park)",748,1799696.6974,5818548.4576
9022,14003883,Flagstaff,"Opp 778 River Rd, Hamilton (Day's Park)",749,1799696.6974,5818548.4576
9032,14003906,Rototuna Circular,"91 Barrington Dr, Hamilton",750,1801148.6409,5822269.5778
15643,14003907,Bremworth / Templeview,"55 Killarney Rd, Hamilton",751,1799343.1066,5814527.238
4638,14003907,Dinsdale,"55 Killarney Rd, Hamilton",752,1799343.1066,5814527.238
4641,14003913,Flagstaff North,"Opp 33 Magellan Rise, Hamilton",753,1798197.8038,5822013.4653
9022,14003913,Flagstaff,"Opp 33 Magellan Rise, Hamilton",754,1798197.8038,5822013.4653
4638,14003914,Dinsdale,"27 Brymer Rd, Hamilton",755,1796144.361,5815863.5567
9032,14003925,Rototuna Circular,"Opp 103 Horsham Downs Rd, Hamilton",756,1800523.5961,5822341.6468
4641,14003926,Flagstaff North,"342 Borman Rd, Hamilton",757,1798480.8793,5822537.0618
9022,14003926,Flagstaff,"342 Borman Rd, Hamilton",758,1798480.8793,5822537.0618
9032,14003926,Rototuna Circular,"342 Borman Rd, Hamilton",759,1798480.8793,5822537.0618
4622,14003933,Pukete,"1161 Victoria St, Hamilton",760,1800213.4689,5816552.3803
4648,14003933,Chartwell,"1161 Victoria St, Hamilton",761,1800213.4689,5816552.3803
9022,14003933,Flagstaff,"1161 Victoria St, Hamilton",762,1800213.4689,5816552.3803
9032,14003933,Rototuna Circular,"1161 Victoria St, Hamilton",763,1800213.4689,5816552.3803
15643,14003937,Bremworth / Templeview,"85 Amanda Ave, Hamilton",764,1797042.31,5813835.6309
4612,14003940,Claudelands,"92 Fifth Ave, Hamilton",765,1802609.7437,5817297.5572
4606,14003941,Fairfield,"11 Tamihana Ave, Hamilton",766,1800557.5928,5816869.3391
15643,14003953,Bremworth / Templeview,"Opp 22 Bremwoth Ave, Hamilton",767,1797359.0107,5814190.9201
3771,14003954,Orbiter,"65 Avalon Dr, Hamilton (outside Mobile)",768,1797692.5963,5816789.7304
4622,14003965,Pukete,"1243 Victoria St, Hamilton",769,1799978.8205,5816833.7838
4648,14003965,Chartwell,"1243 Victoria St, Hamilton",770,1799978.8205,5816833.7838
9022,14003965,Flagstaff,"1243 Victoria St, Hamilton",771,1799978.8205,5816833.7838
9032,14003965,Rototuna Circular,"1243 Victoria St, Hamilton",772,1799978.8205,5816833.7838
15643,14003976,Bremworth / Templeview,"18 Bremworth Ave, Hamilton",773,1797383.7288,5814200.2957
3771,14003978,Orbiter,"14 Ruakura Rd, Hamilton",774,1802527.2994,5816060.1849
4612,14003980,Claudelands,"Opp 19 Radiata St, Hamilton",775,1802765.8517,5818286.0568
4606,14003985,Fairfield,"97 Fairfield Rd, Hamilton",776,1800722.9218,5817364.0833
4608,14003988,Fitzroy,"60 Fitzroy Ave, Hamilton",777,1802174.5029,5812184.0939
4606,14003989,Fairfield,"39 Holland Rd, Hamilton",778,1801227.1515,5817315.9129
3720,14003990,Tamahere/Matangi,"186 Cambridge Rd, Hamilton",779,1804094.7834,5813804.0169
4604,14003990,Hillcrest,"186 Cambridge Rd, Hamilton",780,1804094.7834,5813804.0169
4618,14003990,Hamilton Gardens Uni,"186 Cambridge Rd, Hamilton",781,1804094.7834,5813804.0169
15643,14003997,Bremworth / Templeview,"26 Poaka Ave, Hamilton",782,1797609.4183,5814257.5005
4638,14004007,Dinsdale,"216 Grandview Rd, Hamilton",783,1796336.0958,5815652.2432
4604,14004008,Hillcrest,"Opp 28 Hudson St, Hamilton",784,1804643.9609,5813025.1959
19537,14004009,Meteor,"166 Clyde St, Hamilton",785,1802646.2908,5814994.2916
3771,14004009,Orbiter,"166 Clyde St, Hamilton",786,1802646.2908,5814994.2916
9022,14004017,Flagstaff,"45 Endeavour Ave, Hamilton",787,1798858.4171,5821131.6143
15643,14004020,Bremworth / Templeview,"80 McKay Dr, Hamilton",788,1795453.9953,5811792.0047
19537,14004024,Meteor,"133 Ellicott Rd, Hamilton",789,1797208.7539,5815447.3489
3771,14004024,Orbiter,"133 Ellicott Rd, Hamilton",790,1797208.7539,5815447.3489
3718,14004038,Tauwhare Pa,"436B SH 26, Newstead (hail2ride)",791,1807937.5031,5816301.9508
4656,14004044,Nawton,"52 Odlin Cr, Hamilton",792,1796898.9944,5817118.306
4606,14004063,Fairfield,"96 Fairfield Rd, Hamilton",793,1800755.2854,5817314.1055
15643,14004064,Bremworth / Templeview,"154 Duke St, Hamilton",794,1798307.9913,5813949.6698
4610,14004073,University,"43 Te Aroha St, Hamilton",795,1801919.6465,5815966.7407
4610,14004080,University,"20 Cameron Rd, Hamilton",796,1803354.5913,5815179.7965
4604,14004101,Hillcrest,"5 Hudson St, Hamilton",797,1804868.8123,5812962.4116
4618,14004130,Hamilton Gardens Uni,"26B Brookfield St, Hamilton",798,1802142.5577,5813679.7822
4648,14004131,Chartwell,"588 River Rd, Hamilton",799,1799830.5095,5817426.6476
9022,14004131,Flagstaff,"588 River Rd, Hamilton",800,1799830.5095,5817426.6476
9032,14004131,Rototuna Circular,"588 River Rd, Hamilton",801,1799830.5095,5817426.6476
4608,14004159,Fitzroy,"43 Lake Cr, Hamilton",802,1800579.5379,5813424.0217
12858,14004180,Comet,"437 Ulster St, Hamilton",803,1799312.885,5817218.8625
4616,14004181,Rototuna,"5 Callum Brae Dr, Hamilton",804,1800258.2337,5820740.8685
4620,14004189,Te Rapa,"48 Cullimore St, Hamilton",805,1797826.3628,5820088.1962
4612,14004198,Claudelands,"28 Raymond St, Hamilton",806,1803112.9828,5818063.6463
4622,14004200,Pukete,"8 Balmarino Cr, Hamilton",807,1796694.9314,5820891.0529
3771,14004202,Orbiter,"371 Hukanui Rd, Hamilton",808,1800353.8567,5820666.2614
4616,14004202,Rototuna,"371 Hukanui Rd, Hamilton",809,1800353.8567,5820666.2614
4641,14004202,Flagstaff North,"371 Hukanui Rd, Hamilton",810,1800353.8567,5820666.2614
9032,14004202,Rototuna Circular,"371 Hukanui Rd, Hamilton",811,1800353.8567,5820666.2614
12858,14004206,Comet,"47 Acacia Cr, Hamilton",812,1801850.4535,5810889.6067
4608,14004222,Fitzroy,"81 Bader St, Hamilton",813,1801997.7002,5812922.6918
4608,14004223,Fitzroy,"51 Bader St, Hamilton",814,1801699.1928,5812972.432
4622,14004224,Pukete,"128 Beerescourt Rd, Hamilton",815,1799186.5996,5818121.6041
4606,14004225,Fairfield,"115 Holland Rd, Hamilton",816,1801580.9855,5817562.0879
9022,14004227,Flagstaff,"118 Endeavour Ave, Hamilton",817,1798261.1799,5821300.5548
4610,14004228,University,"191A Old Farm Rd, Hamilton",818,1803379.5473,5815765.3518
4618,14004233,Hamilton Gardens Uni,"49 Brookfield St, Hamilton",819,1802715.0238,5813839.2461
15643,14004243,Bremworth / Templeview,"10 Amanda Ave, Hamilton",820,1797520.5989,5813985.6025
4604,14004249,Hillcrest,"67 Hudson St, Hamilton",821,1804422.3709,5813151.9626
3771,14004264,Orbiter,"108A Peachgrove Rd, Hamilton",822,1802404.7199,5815956.6039
4610,14004264,University,"108A Peachgrove Rd, Hamilton",823,1802404.7199,5815956.6039
4641,14004264,Flagstaff North,"108A Peachgrove Rd, Hamilton",824,1802404.7199,5815956.6039
15643,14004268,Bremworth / Templeview,"13 Foster St, Hamilton (Mormon Church)",825,1795689.4396,5811624.9684
4618,14004270,Hamilton Gardens Uni,"Hamilton Park Cemetery, Newstead",826,1807432.9888,5816255.8263
15643,14004271,Bremworth / Templeview,"100 Higgins Rd, Hamilton",827,1798471.6457,5813581.0089
15643,14004287,Bremworth / Templeview,"440 Kahikātea Dr, Hamilton",828,1797720.7834,5813638.0318
19537,14004289,Meteor,"35 Lloyd Dr, Hamilton",829,1796467.1135,5816707.5878
4620,14004313,Te Rapa,"3 Garnett Ave, Hamilton",830,1798674.7458,5817340.2465
4604,14004317,Hillcrest,"9 Malcolm St, Hamilton",831,1804227.7572,5813254.8459
4641,14004329,Flagstaff North,"341 Borman Rd, Hamilton",832,1798471.8541,5822524.8433
9022,14004329,Flagstaff,"341 Borman Rd, Hamilton",833,1798471.8541,5822524.8433
9032,14004329,Rototuna Circular,"341 Borman Rd, Hamilton",834,1798471.8541,5822524.8433
4604,14004347,Hillcrest,"Opp 20 Riverlea Rd, Hamilton",835,1804924.7198,5813086.1488
4620,14004363,Te Rapa,"121 Bryant Rd, Hamilton",836,1798487.7721,5819147.6454
4620,14004367,Te Rapa,"15 Vardon Rd, Hamilton",837,1798582.0369,5818009.7961
12858,14004368,Comet,"12 Pembroke St, Hamilton",838,1800803.4178,5814569.2919
4606,14004374,Fairfield,"1 Holland Rd, Hamilton",839,1801042.7463,5817254.0174
4616,14004378,Rototuna,"47 Callum Brae Dr, Hamilton",840,1799811.3204,5821128.8959
4606,14004384,Fairfield,"84 Snell Dr, Hamilton",841,1801595.6734,5818154.996
12858,14004399,Comet,"37 Prisk St, Hamilton",842,1800313.0817,5812003.6627
3771,14004400,Orbiter,"44 Discovery Dr, Hamilton",843,1798224.9151,5821512.3891
9022,14004400,Flagstaff,"44 Discovery Dr, Hamilton",844,1798224.9151,5821512.3891
3771,14004410,Orbiter,"157 Pūkete Rd, Hamilton",845,1797287.8433,5820512.2562
3771,14004413,Orbiter,Lynden Court West D (Chartwell Shopping Centre),846,1800699.873,5819393.2079
4616,14004414,Rototuna,"956 Heaphy Tce, Hamilton",847,1801145.5729,5816917.0653
9022,14004414,Flagstaff,"956 Heaphy Tce, Hamilton",848,1801145.5729,5816917.0653
3771,14004427,Orbiter,"109 Duke St, Hamilton",849,1798686.1738,5813812.854
3771,14004430,Orbiter,"50 Church Rd, Hamilton",850,1796649.2944,5820671.2254
4622,14004430,Pukete,"50 Church Rd, Hamilton",851,1796649.2944,5820671.2254
4620,14004434,Te Rapa,"87 Bryant Rd, Hamilton",852,1798303.3623,5819025.3232
4612,14004437,Claudelands,"61 Powells Rd, Hamilton",853,1803150.4975,5817804.7804
4641,14004444,Flagstaff North,"Opp 16A Hare Puke Dr, Hamilton (Playground)",854,1797488.2166,5822655.7218
9032,14004458,Rototuna Circular,"83 Wiltshire Dr, Hamilton",855,1801265.0911,5820890.675
4616,14004469,Rototuna,"67 Moonlight Dr, Hamilton",856,1799704.1592,5822442.693
4641,14004469,Flagstaff North,"67 Moonlight Dr, Hamilton",857,1799704.1592,5822442.693
9022,14004469,Flagstaff,"67 Moonlight Dr, Hamilton",858,1799704.1592,5822442.693
9032,14004469,Rototuna Circular,"67 Moonlight Dr, Hamilton",859,1799704.1592,5822442.693
4612,14004483,Claudelands,"48 Radiata St, Hamilton",860,1802936.3117,5818445.5408
4612,14004497,Claudelands,"132 Fairview Rd, Hamilton",861,1802415.7241,5818755.3725
4620,14004555,Te Rapa,"202 Māeroa Rd, Hamilton",862,1798917.9677,5816295.0939
4606,14004568,Fairfield,"40 Bankwood Rd, Hamilton",863,1800542.425,5818258.9856
4616,14004568,Rototuna,"40 Bankwood Rd, Hamilton",864,1800542.425,5818258.9856
9022,14004568,Flagstaff,"40 Bankwood Rd, Hamilton",865,1800542.425,5818258.9856
9032,14004568,Rototuna Circular,"40 Bankwood Rd, Hamilton",866,1800542.425,5818258.9856
3771,14004573,Orbiter,"165 Killarney Rd, Hamilton",867,1798520.2545,5814513.9711
4638,14004573,Dinsdale,"165 Killarney Rd, Hamilton",868,1798520.2545,5814513.9711
12858,14004586,Comet,"17 Prisk St, Hamilton",869,1800183.463,5812186.9454
19537,14004589,Meteor,"52 Clyde St, Hamilton",870,1802035.3662,5814865.3805
3771,14004589,Orbiter,"52 Clyde St, Hamilton",871,1802035.3662,5814865.3805
4604,14004591,Hillcrest,"126 Grey St, Hamilton (Jetts Fitness Centre)",872,1802155.3753,5814002.7312
19537,14004594,Meteor,"24 Dinsdale Rd, Hamilton",873,1797723.9875,5814644.1296
3771,14004699,Orbiter,"174 Pūkete Rd, Hamilton",874,1797252.8105,5820750.5923
4620,14004754,Te Rapa,"99 Sandwich Rd, Hamilton",875,1798536.2943,5819619.6644
4622,14004754,Pukete,"99 Sandwich Rd, Hamilton",876,1798536.2943,5819619.6644
15643,14004772,Bremworth / Templeview,"Opp 100 Higgins Rd, Hamilton",877,1798486.6908,5813582.0127
9022,14004778,Flagstaff,"54 Cumberland Dr, Hamilton",878,1798163.2107,5822390.5861
4608,14004787,Fitzroy,"20 Urlich Ave, Hamilton",879,1801005.063,5812000.6884
4641,14004790,Flagstaff North,"11 Te Huia Dr, Hamilton",880,1797046.6328,5822085.3509
9032,14004790,Rototuna Circular,"11 Te Huia Dr, Hamilton",881,1797046.6328,5822085.3509
9032,14004791,Rototuna Circular,"6 Te Huia Dr, Hamilton",882,1796998.5028,5822030.111
4641,14004792,Flagstaff North,"Borman Rd, Hamilton (Radius Glaisdale)",883,1797624.3596,5822836.3171
9032,14004792,Rototuna Circular,"Borman Rd, Hamilton (Radius Glaisdale)",884,1797624.3596,5822836.3171
4620,14004853,Te Rapa,"24 Hobson St, Hamilton",885,1799236.0362,5817166.0188
19537,14004872,Meteor,"101 Aberdeen Dr, Hamilton",886,1797079.1972,5815145.397
4622,14004882,Pukete,"35 Sandwich Rd, Hamilton",887,1798876.0783,5818998.6761
4608,14004891,Fitzroy,"46 Lake Cr, Hamilton",888,1800558.5783,5813435.1924
19537,14004905,Meteor,"100A Dominion Rd, Hamilton",889,1796523.5295,5816526.8243
4616,14004912,Rototuna,"36 Alconbury Dr, Hamilton",890,1800150.5553,5822080.8938
9022,14004912,Flagstaff,"36 Alconbury Dr, Hamilton",891,1800150.5553,5822080.8938
4638,14004924,Dinsdale,"55 Farnborough Dr, Hamilton",892,1795937.2489,5816491.8224
4608,14004925,Fitzroy,"27 Odette St, Hamilton",893,1801423.7387,5812576.2738
4606,14004935,Fairfield,"800 Victoria St, Hamilton (Fastlane Fitness)",894,1800594.4392,5815987.0147
4616,14004935,Rototuna,"800 Victoria St, Hamilton (Fastlane Fitness)",895,1800594.4392,5815987.0147
4622,14004935,Pukete,"800 Victoria St, Hamilton (Fastlane Fitness)",896,1800594.4392,5815987.0147
4648,14004935,Chartwell,"800 Victoria St, Hamilton (Fastlane Fitness)",897,1800594.4392,5815987.0147
9022,14004935,Flagstaff,"800 Victoria St, Hamilton (Fastlane Fitness)",898,1800594.4392,5815987.0147
9032,14004935,Rototuna Circular,"800 Victoria St, Hamilton (Fastlane Fitness)",899,1800594.4392,5815987.0147
12858,14004937,Comet,"37 Pelorus St, Hamilton",900,1801808.2078,5811304.014
4638,14004964,Dinsdale,"76 Farnborough Dr, Hamilton",901,1795730.7373,5816449.8795
4648,14004965,Chartwell,"868 River Rd, Hamilton (Swarbricks Landing)",902,1799724.6364,5819193.0024
9022,14004965,Flagstaff,"868 River Rd, Hamilton (Swarbricks Landing)",903,1799724.6364,5819193.0024
4616,14004970,Rototuna,"65 Wentworth Dr, Hamilton",904,1799056.3574,5821861.2136
4641,14004970,Flagstaff North,"65 Wentworth Dr, Hamilton",905,1799056.3574,5821861.2136
4606,14004973,Fairfield,"61 Fairfield Rd, Hamilton (Woodstock School)",906,1800413.2496,5817351.9722
15643,14004977,Bremworth / Templeview,"Tristram St, Hamilton (Seddon Park)",907,1800427.5269,5815342.8778
19537,14004977,Meteor,"Tristram St, Hamilton (Seddon Park)",908,1800427.5269,5815342.8778
4620,14004977,Te Rapa,"Tristram St, Hamilton (Seddon Park)",909,1800427.5269,5815342.8778
12858,14004986,Comet,"Opp 281 Ōhaupō Rd, Hamilton",910,1801857.2608,5811146.6778
4606,14004989,Fairfield,"293 Clarkin Rd, Hamilton",911,1801430.7089,5818020.2364
15643,14005057,Bremworth / Templeview,"12 Foster Rd, Hamilton",912,1795773.4505,5811617.7449
4616,14005061,Rototuna,"260 Borman Rd, Hamilton",913,1799457.1832,5822561.8121
4641,14005061,Flagstaff North,"260 Borman Rd, Hamilton",914,1799457.1832,5822561.8121
9022,14005061,Flagstaff,"260 Borman Rd, Hamilton",915,1799457.1832,5822561.8121
4638,14005064,Dinsdale,"183 Brymer Rd, Hamilton (Hamilton Zoo)",916,1795306.0262,5816897.1806
4638,14005065,Dinsdale,"17 Western Heights Dr, Hamilton",917,1796707.3105,5815319.0531
4656,14005066,Nawton,"27 Wall St, Hamilton",918,1797343.9669,5816840.3487
4622,14005068,Pukete,"190 Tōtara Dr, Hamilton",919,1797341.1711,5820843.4468
4616,14005083,Rototuna,"1095 Heaphy Tce, Hamilton (Caro Park)",920,1800902.8203,5817472.5089
9022,14005083,Flagstaff,"1095 Heaphy Tce, Hamilton (Caro Park)",921,1800902.8203,5817472.5089
4608,14005087,Fitzroy,"Opp 65 Waterford Rd, Hamilton",922,1802597.7786,5811991.571
4622,14005173,Pukete,"131 Tōtara Dr, Hamilton",923,1797880.189,5820644.6215
4612,14005180,Claudelands,"116 Fairview St, Hamilton",924,1802400.1708,5818644.0392
15643,14005266,Bremworth / Templeview,"1A Cowley Dr, Hamilton",925,1795866.1063,5811890.1678
4638,14005271,Dinsdale,"6 Angus St, Hamilton",926,1795952.9437,5815914.6383
4656,14005277,Nawton,"94 Rimu St, Hamilton",927,1798819.5113,5816144.8002
4641,14005296,Flagstaff North,"1855 River Rd, Hamilton",928,1796980.2478,5821945.9265
4648,14005352,Chartwell,"842 River Rd, Hamilton (Donny Park)",929,1799731.0019,5818913.7072
9022,14005352,Flagstaff,"842 River Rd, Hamilton (Donny Park)",930,1799731.0019,5818913.7072
12858,14005355,Comet,"45 Houchens Rd, Hamilton",931,1801752.5838,5810799.4788
4648,14005376,Chartwell,"714 River Rd, Hamilton",932,1799758.028,5818174.116
9022,14005376,Flagstaff,"714 River Rd, Hamilton",933,1799758.028,5818174.116
12858,14005451,Comet,"57 Pelorus St, Hamilton",934,1802141.6127,5811258.9694
12858,14005452,Comet,"263 Te Rapa Rd, Hamilton",935,1798851.1952,5817657.1971
4604,14005459,Hillcrest,"56 Naylor St, Hamilton",936,1802562.238,5814039.2142
4610,14005493,University,"528 Grey St, Hamilton",937,1801809.7992,5815115.8927
4616,14005555,Rototuna,"12 Turakina Rise, Hamilton",938,1798946.0527,5822593.253
9022,14005555,Flagstaff,"12 Turakina Rise, Hamilton",939,1798946.0527,5822593.253
9032,14005555,Rototuna Circular,"12 Turakina Rise, Hamilton",940,1798946.0527,5822593.253
4606,14005559,Fairfield,"747 Victoria St, Hamilton (Les Mills)",941,1800646.5753,5815880.7284
4616,14005559,Rototuna,"747 Victoria St, Hamilton (Les Mills)",942,1800646.5753,5815880.7284
4622,14005559,Pukete,"747 Victoria St, Hamilton (Les Mills)",943,1800646.5753,5815880.7284
4648,14005559,Chartwell,"747 Victoria St, Hamilton (Les Mills)",944,1800646.5753,5815880.7284
9022,14005559,Flagstaff,"747 Victoria St, Hamilton (Les Mills)",945,1800646.5753,5815880.7284
9032,14005559,Rototuna Circular,"747 Victoria St, Hamilton (Les Mills)",946,1800646.5753,5815880.7284
4641,14005586,Flagstaff North,"129 Cumberland Dr, Hamilton",947,1797536.7651,5822367.9724
15643,14005599,Bremworth / Templeview,"454 Kahikātea Dr, Hamilton",948,1797564.945,5813565.0522
12858,14005603,Comet,"4 Deanwell Ave, Hamilton",949,1800424.0536,5811336.5882
9022,14005604,Flagstaff,"1125 River Rd, Hamilton",950,1798834.4746,5820306.0482
9032,14005604,Rototuna Circular,"1125 River Rd, Hamilton",951,1798834.4746,5820306.0482
3771,14005609,Orbiter,"194 Thomas Rd, Hamilton",952,1800028.6323,5821686.46
4641,14005609,Flagstaff North,"194 Thomas Rd, Hamilton",953,1800028.6323,5821686.46
4638,14005613,Dinsdale,"45 Western Heights Dr, Hamilton",954,1796460.6556,5815406.8871
3771,14005618,Orbiter,"Opp 40 Newcastle Rd, Hamilton",955,1796729.8385,5814635.9962
12858,14005622,Comet,"487 Anglesea St, Hamilton",956,1800390.0719,5815820.4645
4656,14005622,Nawton,"487 Anglesea St, Hamilton",957,1800390.0719,5815820.4645
19537,14005630,Meteor,"47 Clyde St, Hamilton (Marian Catholic School)",958,1802014.0124,5814870.9925
3771,14005630,Orbiter,"47 Clyde St, Hamilton (Marian Catholic School)",959,1802014.0124,5814870.9925
4641,14005630,Flagstaff North,"47 Clyde St, Hamilton (Marian Catholic School)",960,1802014.0124,5814870.9925
4638,14005645,Dinsdale,"149 Baverstock Rd, Hamilton",961,1795887.9627,5816839.421
19537,14005656,Meteor,"4 Maple Ave, Hamilton",962,1797321.8311,5815220.0306
4618,14005659,Hamilton Gardens Uni,"27 Bledisloe Tce, Hamilton",963,1801785.5643,5813762.4987
15643,14005666,Bremworth / Templeview,"407 Kahikātea Dr, Hamilton",964,1797956.0771,5813706.7651
4648,14005669,Chartwell,"84 Comries Rd, Hamilton",965,1800365.7636,5819146.7916
12858,14005680,Comet,Glenview Bus Hub Southbound,966,1801442.9958,5811396.1527
4612,14005681,Claudelands,"70 Claude St, Hamilton",967,1801806.6768,5817017.0331
12858,14005682,Comet,Glenview Bus Hub Northbound,968,1801344.8643,5811438.1032
4616,14005695,Rototuna,"23 Moonlight Dr, Hamilton",969,1800130.2475,5822306.3555
4641,14005695,Flagstaff North,"23 Moonlight Dr, Hamilton",970,1800130.2475,5822306.3555
9022,14005695,Flagstaff,"23 Moonlight Dr, Hamilton",971,1800130.2475,5822306.3555
9032,14005695,Rototuna Circular,"23 Moonlight Dr, Hamilton",972,1800130.2475,5822306.3555
4606,14005699,Fairfield,"85A Mardon Rd, Hamilton",973,1802225.0434,5817676.2115
4606,14005704,Fairfield,"123 Mardon Rd, Hamilton",974,1802440.228,5817745.0979
12858,14005707,Comet,"4 Splitt Ave, Hamilton",975,1801853.6612,5811886.7104
4656,14005709,Nawton,"78 Grandview Rd, Hamilton",976,1797223.2628,5816353.7457
3771,14005715,Orbiter,"194 Pūkete Rd, Hamilton",977,1797225.2795,5820893.4831
4622,14005715,Pukete,"194 Pūkete Rd, Hamilton",978,1797225.2795,5820893.4831
4622,14005738,Pukete,"53 Mauī St, Hamilton",979,1796054.3742,5821055.7583
4620,14005743,Te Rapa,"134 Māeroa Rd, Hamilton",980,1798950.4399,5816679.7096
4622,14005753,Pukete,"8 Vercoe Rd, Hamilton",981,1798999.1478,5817692.3866
4618,14005756,Hamilton Gardens Uni,"38 Brookfield St, Hamilton",982,1802320.5775,5813728.3703
4618,14005776,Hamilton Gardens Uni,Hamilton Gardens,983,1802857.4711,5813181.5085
4606,14005779,Fairfield,"Opp 53 Mardon Rd, Hamilton (Enderley Park)",984,1802060.4423,5817613.8514
12858,14005784,Comet,"7 Māhoe St, Hamilton",985,1800716.4773,5812742.0875
4656,14005788,Nawton,"35 Grandview Rd, Hamilton",986,1797510.5132,5816546.4966
19537,14005793,Meteor,"9 Grange Ave, Hamilton",987,1797027.0627,5816341.9022
4616,14005800,Rototuna,"Borman Rd, Hamilton (opp Woolworths)",988,1799068.9082,5822512.7878
4641,14005800,Flagstaff North,"Borman Rd, Hamilton (opp Woolworths)",989,1799068.9082,5822512.7878
9022,14005800,Flagstaff,"Borman Rd, Hamilton (opp Woolworths)",990,1799068.9082,5822512.7878
3720,14005803,Tamahere/Matangi,"25 Morrinsville Rd, Hamilton",991,1804682.597,5813816.6158
4618,14005803,Hamilton Gardens Uni,"25 Morrinsville Rd, Hamilton",992,1804682.597,5813816.6158
4622,14005804,Pukete,"154 Tōtara Dr, Hamilton",993,1797724.2021,5820787.7101
12858,14005812,Comet,"571 Anglesea St, Hamilton (Woolworths)",994,1800241.8258,5816021.4204
4656,14005812,Nawton,"571 Anglesea St, Hamilton (Woolworths)",995,1800241.8258,5816021.4204
4606,14005825,Fairfield,"189 Clarkin Rd, Hamilton",996,1800879.7506,5817858.7236
4656,14005828,Nawton,"22 Rotokauri Rd, Hamilton",997,1797025.8299,5817442.8182
4620,14005829,Te Rapa,"256 Māeroa Rd, Hamilton",998,1798861.0388,5815955.9269
12858,14005838,Comet,"448 Ulster St, Hamilton",999,1799334.2433,5817210.9428
15643,14005843,Bremworth / Templeview,"36 McKay Dr, Hamilton",1000,1795407.4104,5811984.645
4622,14005852,Pukete,"100 Mauī St, Hamilton (Prolife Foods)",1001,1795882.4104,5821530.0612
4620,14005886,Te Rapa,"37 Vardon Rd, Hamilton",1002,1798723.1753,5818141.9645
4638,14005888,Dinsdale,"180 Ward St, Hamilton (Girls High)",1003,1800447.0666,5815150.1987
3771,14005896,Orbiter,"248 Hukanui Rd, Hamilton",1004,1800649.5949,5819698.8855
4616,14005896,Rototuna,"248 Hukanui Rd, Hamilton",1005,1800649.5949,5819698.8855
4641,14005896,Flagstaff North,"248 Hukanui Rd, Hamilton",1006,1800649.5949,5819698.8855
4648,14005896,Chartwell,"248 Hukanui Rd, Hamilton",1007,1800649.5949,5819698.8855
9022,14005896,Flagstaff,"248 Hukanui Rd, Hamilton",1008,1800649.5949,5819698.8855
9032,14005896,Rototuna Circular,"248 Hukanui Rd, Hamilton",1009,1800649.5949,5819698.8855
15643,14005907,Bremworth / Templeview,"54 Killarney Rd, Hamilton",1010,1799337.4489,5814543.5618
4638,14005907,Dinsdale,"54 Killarney Rd, Hamilton",1011,1799337.4489,5814543.5618
12858,14005913,Comet,"11 Acacia Cr, Hamilton",1012,1801741.7582,5810498.0911
4604,14005915,Hillcrest,"98 Naylor St, Hamilton",1013,1803027.98,5814160.6455
4608,14005933,Fitzroy,"3 Willis St, Hamilton",1014,1801421.3025,5812692.5895
12858,14005949,Comet,"20 Saxbys Rd, Hamilton",1015,1800828.442,5811423.0449
12858,14005954,Comet,"53 Māhoe St, Hamilton",1016,1800530.5937,5812591.1096
3771,14005963,Orbiter,"200 Peachgrove Rd, Hamilton",1017,1802281.0828,5816667.062
4641,14005963,Flagstaff North,"200 Peachgrove Rd, Hamilton",1018,1802281.0828,5816667.062
12858,14005969,Comet,"188 Pembroke St, Hamilton",1019,1800806.4862,5813582.929
3771,14005969,Orbiter,"188 Pembroke St, Hamilton",1020,1800806.4862,5813582.929
4608,14005969,Fitzroy,"188 Pembroke St, Hamilton",1021,1800806.4862,5813582.929
12858,14005980,Comet,"125 Pembroke St, Hamilton",1022,1800815.2614,5813646.4497
3771,14005980,Orbiter,"125 Pembroke St, Hamilton",1023,1800815.2614,5813646.4497
4608,14005980,Fitzroy,"125 Pembroke St, Hamilton",1024,1800815.2614,5813646.4497
4641,14005981,Flagstaff North,"10 Petersburg Dr, Hamilton",1025,1797325.6913,5822068.1311
19537,14005983,Meteor,"67 Hyde Ave, Hamilton (Nawton Mall)",1026,1796964.1646,5816089.1768
4606,14005991,Fairfield,"253 Tramway Rd, Hamilton",1027,1802303.9751,5818374.1394
3771,14005992,Orbiter,"1174 River Rd, Hamilton",1028,1798336.3589,5820965.3148
9032,14005992,Rototuna Circular,"1174 River Rd, Hamilton",1029,1798336.3589,5820965.3148
4610,14005995,University,"162 Old Farm Rd, Hamilton",1030,1803380.5003,5815757.5555
3771,14005997,Orbiter,"38 Peachgrove Rd, Hamilton",1031,1802411.5447,5815258.7248
4610,14005997,University,"38 Peachgrove Rd, Hamilton",1032,1802411.5447,5815258.7248
4641,14005997,Flagstaff North,"38 Peachgrove Rd, Hamilton",1033,1802411.5447,5815258.7248
4648,14006004,Chartwell,"77 Comries Rd, Hamilton",1034,1800305.2637,5819142.2667
4612,14006022,Claudelands,"99 London St, Hamilton",1035,1800561.6547,5815676.2956
3771,14006033,Orbiter,"140 Whatawhata Rd, Hamilton (Liquorland)",1036,1797164.568,5814363.8846
4638,14006033,Dinsdale,"140 Whatawhata Rd, Hamilton (Liquorland)",1037,1797164.568,5814363.8846
15643,14006034,Bremworth / Templeview,"199 Tuhikaramea Rd, Hamilton",1038,1797351.1722,5813405.2373
4612,14006046,Claudelands,"19 Powells Rd, Hamilton",1039,1802767.7682,5817676.7472
3720,14006053,Tamahere/Matangi,"33 Knighton Rd, Hamilton",1040,1803475.393,5814502.2505
4618,14006053,Hamilton Gardens Uni,"33 Knighton Rd, Hamilton",1041,1803475.393,5814502.2505
4604,14006064,Hillcrest,"123 Grey St, Hamilton",1042,1802154.8558,5813986.6102
9032,14006071,Rototuna Circular,"141 Clarkin Rd, Hamilton",1043,1800602.5442,5817784.8435
19537,14006075,Meteor,"23 Dinsdale Rd, Hamilton",1044,1797757.7451,5814644.2432
19537,14006092,Meteor,"106 Masters Ave, Hamilton",1045,1804561.1961,5814440.015
19537,14006096,Meteor,"15 Morris Rd, Hamilton",1046,1804784.4469,5814092.5692
4618,14006117,Hamilton Gardens Uni,"27 Brookfield St, Hamilton",1047,1802242.7213,5813715.1838
4616,14006131,Rototuna,"1154 Heaphy Tce, Hamilton",1048,1800791.8438,5817768.794
9022,14006131,Flagstaff,"1154 Heaphy Tce, Hamilton",1049,1800791.8438,5817768.794
4612,14006133,Claudelands,"65A Claude St, Hamilton",1050,1801785.7408,5817020.1489
12858,14006136,Comet,"424 Ulster St, Hamilton",1051,1799365.5674,5817088.9713
4622,14006147,Pukete,"15 Mauī St, Hamilton",1052,1796274.7812,5820661.6828
9022,14006154,Flagstaff,"17 Endeavour Ave, Hamilton",1053,1798825.5185,5820868.0371
4608,14006164,Fitzroy,"53 Urlich Ave, Hamilton",1054,1801141.1792,5812296.9373
12858,14006182,Comet,"209 Anglesea St, Hamilton",1055,1800960.1021,5814998.7529
19537,14006182,Meteor,"209 Anglesea St, Hamilton",1056,1800960.1021,5814998.7529
4604,14006182,Hillcrest,"209 Anglesea St, Hamilton",1057,1800960.1021,5814998.7529
4608,14006182,Fitzroy,"209 Anglesea St, Hamilton",1058,1800960.1021,5814998.7529
4610,14006182,University,"209 Anglesea St, Hamilton",1059,1800960.1021,5814998.7529
4618,14006182,Hamilton Gardens Uni,"209 Anglesea St, Hamilton",1060,1800960.1021,5814998.7529
3771,14006191,Orbiter,"Opp 228 Thomas Rd, Hamilton (Grosvenor Park)",1061,1799618.7043,5821623.1105
4622,14006200,Pukete,"97 Mauī St, Hamilton",1062,1795881.6881,5821499.656
3771,14006206,Orbiter,"42 Newcastle Rd, Hamilton",1063,1796739.3008,5814655.8669
4648,14006221,Chartwell,"Opp 842 River Rd, Hamilton",1064,1799716.3697,5818921.057
9022,14006221,Flagstaff,"Opp 842 River Rd, Hamilton",1065,1799716.3697,5818921.057
4622,14006224,Pukete,"124 Tōtara Dr, Hamilton",1066,1797903.8574,5820635.1707
4616,14006233,Rototuna,"Borman Rd, Hamilton (Woolworths)",1067,1799066.0912,5822527.6232
4641,14006233,Flagstaff North,"Borman Rd, Hamilton (Woolworths)",1068,1799066.0912,5822527.6232
9022,14006233,Flagstaff,"Borman Rd, Hamilton (Woolworths)",1069,1799066.0912,5822527.6232
4612,14006256,Claudelands,"98 Crosby Rd, Hamilton",1070,1801844.9219,5819023.9709
19537,14006257,Meteor,"109 Rotokauri Rd, Hamilton",1071,1796457.1763,5817554.4449
4656,14006260,Nawton,"20 Wall St, Hamilton",1072,1797435.2217,5816729.0643
4612,14006261,Claudelands,"2 Claude St, Hamilton",1073,1801237.1154,5816868.8595
4620,14006267,Te Rapa,"46 Forest Lake Rd, Hamilton",1074,1798949.088,5817057.8141
4604,14006293,Hillcrest,"35 Naylor St, Hamilton",1075,1802378.3102,5814005.1
4638,14006309,Dinsdale,"83 Farnborough Dr, Hamilton",1076,1795732.2624,5816436.1864
15643,14006312,Bremworth / Templeview,"3 Gibson Rd, Hamilton",1077,1797507.2338,5813656.4866
3771,14006320,Orbiter,"Opp 373 Hukanui Rd, Hamilton",1078,1800359.8841,5820689.3212
4616,14006320,Rototuna,"Opp 373 Hukanui Rd, Hamilton",1079,1800359.8841,5820689.3212
4641,14006320,Flagstaff North,"Opp 373 Hukanui Rd, Hamilton",1080,1800359.8841,5820689.3212
9032,14006320,Rototuna Circular,"Opp 373 Hukanui Rd, Hamilton",1081,1800359.8841,5820689.3212
4622,14006321,Pukete,"37 Mauī St, Hamilton",1082,1796148.2363,5820901.8572
4656,14006335,Nawton,"48 Waimarie St, Hamilton",1083,1797395.9412,5816178.8381
3771,14006336,Orbiter,"Opp 50 Church Rd, Hamilton",1084,1796658.5844,5820672.1885
4622,14006336,Pukete,"Opp 50 Church Rd, Hamilton",1085,1796658.5844,5820672.1885
19537,14006338,Meteor,"38 Lake Rd, Hamilton",1086,1799468.8412,5815479.6645
4620,14006357,Te Rapa,"122 Bryant Rd, Hamilton",1087,1798473.7524,5819124.8515
4622,14006359,Pukete,"17 Sandwich Rd, Hamilton",1088,1798973.4221,5818846.097
4656,14006366,Nawton,"175 Seddon Rd, Hamilton",1089,1799267.1163,5816145.0806
9032,14006385,Rototuna Circular,"14 Barrington Dr, Hamilton",1090,1801419.5291,5821592.4238
19537,14006393,Meteor,"Silverdale Rd, Hamilton (near Silverdale Ln)",1091,1804365.6397,5815731.7795
4618,14006393,Hamilton Gardens Uni,"Silverdale Rd, Hamilton (near Silverdale Ln)",1092,1804365.6397,5815731.7795
19537,14006397,Meteor,"128 Dinsdale Rd, Hamilton",1093,1797186.2644,5814765.527
4638,14006397,Dinsdale,"128 Dinsdale Rd, Hamilton",1094,1797186.2644,5814765.527
4612,14006398,Claudelands,"Webb Dr, Hamilton (Southbound)",1095,1802798.1148,5819220.067
4612,14006402,Claudelands,"877 Heaphy Tce, Hamilton",1096,1801336.5671,5816433.3983
4608,14006404,Fitzroy,"14 Bader St, Hamilton",1097,1801436.3346,5812982.5837
3771,14006405,Orbiter,"Opp 28 Foreman Rd, Hamilton",1098,1796975.9214,5818514.4756
4656,14006405,Nawton,"Opp 28 Foreman Rd, Hamilton",1099,1796975.9214,5818514.4756
3771,14006414,Orbiter,"Opp 91 Discovery Dr, Hamilton (Discovery Park)",1100,1798500.8041,5821884.4861
9022,14006414,Flagstaff,"Opp 91 Discovery Dr, Hamilton (Discovery Park)",1101,1798500.8041,5821884.4861
15643,14006424,Bremworth / Templeview,"97 Queens Ave, Hamilton",1102,1799649.2582,5814598.5386
4638,14006424,Dinsdale,"97 Queens Ave, Hamilton",1103,1799649.2582,5814598.5386
15643,14006427,Bremworth / Templeview,"6 Lethborg St, Hamilton",1104,1798211.5361,5813880.9326
4608,14006435,Fitzroy,"35 Waterford Rd, Hamilton",1105,1802553.8019,5812255.2604
19537,14006439,Meteor,"189 Knighton Rd, Hamilton",1106,1803865.5949,5815766.319
3718,14006439,Tauwhare Pa,"189 Knighton Rd, Hamilton",1107,1803865.5949,5815766.319
3771,14006439,Orbiter,"189 Knighton Rd, Hamilton",1108,1803865.5949,5815766.319
4610,14006439,University,"189 Knighton Rd, Hamilton",1109,1803865.5949,5815766.319
4618,14006439,Hamilton Gardens Uni,"189 Knighton Rd, Hamilton",1110,1803865.5949,5815766.319
4656,14006440,Nawton,"56 Rotokauri Rd, Hamilton",1111,1796770.5802,5817501.8835
4616,14006450,Rototuna,"32 Moonlight Dr, Hamilton",1112,1800115.2499,5822323.2502
4641,14006450,Flagstaff North,"32 Moonlight Dr, Hamilton",1113,1800115.2499,5822323.2502
9022,14006450,Flagstaff,"32 Moonlight Dr, Hamilton",1114,1800115.2499,5822323.2502
9032,14006450,Rototuna Circular,"32 Moonlight Dr, Hamilton",1115,1800115.2499,5822323.2502
12858,14006459,Comet,"75 Pembroke St, Hamilton",1116,1800842.778,5814066.1988
3771,14006459,Orbiter,"75 Pembroke St, Hamilton",1117,1800842.778,5814066.1988
4608,14006459,Fitzroy,"75 Pembroke St, Hamilton",1118,1800842.778,5814066.1988
4641,14006466,Flagstaff North,"Opp 80 Te Huia Dr, Hamilton",1119,1797463.8971,5821713.6532
9032,14006466,Rototuna Circular,"Opp 80 Te Huia Dr, Hamilton",1120,1797463.8971,5821713.6532
3771,14006475,Orbiter,"Opp 32 Hukanui Rd, Hamilton",1121,1801355.8574,5818260.2513
4641,14006475,Flagstaff North,"Opp 32 Hukanui Rd, Hamilton",1122,1801355.8574,5818260.2513
19537,14006476,Meteor,"12 Anzac Parade, Hamilton",1123,1801417.4378,5814718.6666
3771,14006476,Orbiter,"12 Anzac Parade, Hamilton",1124,1801417.4378,5814718.6666
4604,14006476,Hillcrest,"12 Anzac Parade, Hamilton",1125,1801417.4378,5814718.6666
4610,14006476,University,"12 Anzac Parade, Hamilton",1126,1801417.4378,5814718.6666
4618,14006476,Hamilton Gardens Uni,"12 Anzac Parade, Hamilton",1127,1801417.4378,5814718.6666
4620,14006478,Te Rapa,"38 Vardon Rd, Hamilton",1128,1798764.1336,5818168.8213
4648,14006481,Chartwell,"713 River Rd, Hamilton",1129,1799746.4588,5818165.958
9022,14006481,Flagstaff,"713 River Rd, Hamilton",1130,1799746.4588,5818165.958
15643,14006504,Bremworth / Templeview,"84 Amanda Ave, Hamilton",1131,1797057.7258,5813846.587
15643,14006506,Bremworth / Templeview,"33A Lethborg St, Hamilton",1132,1798130.1911,5813718.8948
3771,14006509,Orbiter,"44 Higgins Rd, Hamilton",1133,1798717.3825,5814109.1179
4638,14006511,Dinsdale,"28 Caernarvon St, Hamilton",1134,1797127.9379,5814600.1528
4608,14006521,Fitzroy,"36 Bader St, Hamilton",1135,1801610.626,5812980.5332
4618,14006524,Hamilton Gardens Uni,"110 Brookfield St, Hamilton",1136,1803001.8081,5813907.0135
4648,14006525,Chartwell,"669 River Rd, Hamilton",1137,1799716.5748,5817925.9592
9022,14006525,Flagstaff,"669 River Rd, Hamilton",1138,1799716.5748,5817925.9592
19537,14006528,Meteor,"134 Rotokauri Rd, Hamilton",1139,1796505.5821,5817531.5155
9032,14006529,Rototuna Circular,"80 Te Huia Dr, Hamilton",1140,1797440.8528,5821713.9585
4638,14006531,Dinsdale,"222 Baverstock Rd, Hamilton",1141,1795608.2006,5816715.2704
4606,14006532,Fairfield,"259 Clarkin Rd, Hamilton",1142,1801237.7521,5817951.78
19537,14006533,Meteor,"5 Baverstock Rd, Hamilton",1143,1796556.4837,5817388.2762
3771,14006544,Orbiter,"Hamilton Boys High, Hamilton",1144,1802382.7316,5815537.9779
4638,14006545,Dinsdale,"5 Angus St, Hamilton",1145,1795957.2187,5815905.4319
4618,14006549,Hamilton Gardens Uni,"86 Fox St, Hamilton",1146,1803093.311,5814094.5196
4638,14006552,Dinsdale,"14 Brymer Rd, Hamilton",1147,1796274.0346,5815780.5223
4612,14006562,Claudelands,"4 Chedworth Ave, Hamilton",1148,1801029.612,5819182.809
4604,14006563,Hillcrest,"34 Naylor St, Hamilton",1149,1802336.0027,5813979.3806
4616,14006567,Rototuna,"32 Wentworth Dr, Hamilton",1150,1799231.3998,5821765.8282
4641,14006567,Flagstaff North,"32 Wentworth Dr, Hamilton",1151,1799231.3998,5821765.8282
9032,14006572,Rototuna Circular,"554 Borman Rd, Hamilton",1152,1796929.231,5823033.8102
19537,14006580,Meteor,"Opp 91 Bryce St, Hamilton (opp Transport Centre)",1153,1800522.9422,5815356.938
12858,14006593,Comet,"76 Bruce Ave, Hamilton (Glenview Primary)",1154,1801674.5313,5812173.5401
4608,14006604,Fitzroy,"23 Bader St, Hamilton",1155,1801417.8234,5812992.9194
4608,14006607,Fitzroy,"3 Fitzroy Ave, Hamilton",1156,1802503.3801,5812235.9604
3771,14006626,Orbiter,"199 Peachgrove Rd, Hamilton",1157,1802295.2901,5816649.8353
4641,14006626,Flagstaff North,"199 Peachgrove Rd, Hamilton",1158,1802295.2901,5816649.8353
12858,14006631,Comet,"400 Te Rapa Rd, Hamilton",1159,1798410.6958,5817981.1825
12858,14006643,Comet,"5 Glenview Tce, Hamilton",1160,1801103.458,5811745.9434
15643,14006647,Bremworth / Templeview,"Opp 58 McKay St, Hamilton (outside Park)",1161,1795398.4124,5811795.8243
19537,14006648,Meteor,"62 Silverdale Rd, Hamilton",1162,1805087.2794,5814558.9446
4618,14006648,Hamilton Gardens Uni,"62 Silverdale Rd, Hamilton",1163,1805087.2794,5814558.9446
3771,14006651,Orbiter,"185 Thomas Rd, Hamilton (Vililla D'est)",1164,1800156.9559,5821650.579
4616,14006651,Rototuna,"185 Thomas Rd, Hamilton (Vililla D'est)",1165,1800156.9559,5821650.579
4641,14006651,Flagstaff North,"185 Thomas Rd, Hamilton (Vililla D'est)",1166,1800156.9559,5821650.579
9022,14006651,Flagstaff,"185 Thomas Rd, Hamilton (Vililla D'est)",1167,1800156.9559,5821650.579
9032,14006661,Rototuna Circular,"100 St. James Dr, Hamilton",1168,1801152.5598,5820875.6557
9022,14006669,Flagstaff,"1050B River Rd, Hamilton",1169,1799155.8256,5819991.8912
9032,14006669,Rototuna Circular,"1050B River Rd, Hamilton",1170,1799155.8256,5819991.8912
15643,14006671,Bremworth / Templeview,"51 Queens Ave, Hamilton",1171,1799736.3855,5814826.6004
4638,14006671,Dinsdale,"51 Queens Ave, Hamilton",1172,1799736.3855,5814826.6004
3771,14006677,Orbiter,"164 Peachgrove Rd, Hamilton",1173,1802455.0326,5816364.7619
4641,14006677,Flagstaff North,"164 Peachgrove Rd, Hamilton",1174,1802455.0326,5816364.7619
4620,14006691,Te Rapa,"93 Māeroa Rd, Hamilton",1175,1799085.886,5816872.3003
4612,14006692,Claudelands,"2 Radiata St, Hamilton",1176,1802613.1251,5818208.9796
4638,14006693,Dinsdale,"196 Dinsdale Rd, Hamilton",1177,1796821.1507,5814839.8894
4608,14006705,Fitzroy,"11 Norrie St, Hamilton",1178,1802193.0598,5812824.1047
4612,14006725,Claudelands,"75 Fairview St, Hamilton",1179,1802491.4773,5818352.5439
12858,14006742,Comet,"198 Te Rapa Rd, Hamilton",1180,1799139.3641,5817565.4162
4622,14006742,Pukete,"198 Te Rapa Rd, Hamilton",1181,1799139.3641,5817565.4162
15643,14006743,Bremworth / Templeview,"Norton Rd, Hamilton (Boyes Park)",1182,1800217.7749,5815544.6277
19537,14006743,Meteor,"Norton Rd, Hamilton (Boyes Park)",1183,1800217.7749,5815544.6277
4620,14006743,Te Rapa,"Norton Rd, Hamilton (Boyes Park)",1184,1800217.7749,5815544.6277
9022,14006749,Flagstaff,"51 Glen Lynne Ave, Hamilton",1185,1800052.3225,5819879.1315
9032,14006749,Rototuna Circular,"51 Glen Lynne Ave, Hamilton",1186,1800052.3225,5819879.1315
4622,14006750,Pukete,"141 Beerescourt Rd, Hamilton",1187,1799095.9224,5818351.4164
4638,14006759,Dinsdale,"52 Farnborough Dr, Hamilton",1188,1795956.5194,5816501.6897
4606,14006764,Fairfield,"1010 Victoria St, Hamilton",1189,1800400.2622,5816266.5578
4616,14006764,Rototuna,"1010 Victoria St, Hamilton",1190,1800400.2622,5816266.5578
4622,14006764,Pukete,"1010 Victoria St, Hamilton",1191,1800400.2622,5816266.5578
4648,14006764,Chartwell,"1010 Victoria St, Hamilton",1192,1800400.2622,5816266.5578
9022,14006764,Flagstaff,"1010 Victoria St, Hamilton",1193,1800400.2622,5816266.5578
9032,14006764,Rototuna Circular,"1010 Victoria St, Hamilton",1194,1800400.2622,5816266.5578
15643,14006772,Bremworth / Templeview,"404 Kahikātea Dr, Hamilton",1195,1797939.164,5813725.1596
4604,14006774,Hillcrest,"34 Cambridge Rd, Hamilton",1196,1803416.4642,5814123.8687
4618,14006774,Hamilton Gardens Uni,"34 Cambridge Rd, Hamilton",1197,1803416.4642,5814123.8687
4616,14006781,Rototuna,"Opp 36 Huntington Dr, Hamilton",1198,1800847.8579,5820407.0762
4648,14006781,Chartwell,"Opp 36 Huntington Dr, Hamilton",1199,1800847.8579,5820407.0762
4622,14006783,Pukete,"147 Tōtara Dr, Hamilton",1200,1797735.8787,5820770.8862
19537,14006786,Meteor,"30 Nevada Rd, Hamilton",1201,1805128.6038,5815099.6793
4612,14006787,Claudelands,"70 Fifth Ave, Hamilton",1202,1802457.1737,5817203.8433
4638,14006788,Dinsdale,"71 Ayrshire Dr, Hamilton",1203,1795647.0739,5816059.2605
4616,14006790,Rototuna,"10 Callum Brae Dr, Hamilton",1204,1800246.2584,5820748.8207
12858,14006804,Comet,"6 Thackeray St, Hamilton",1205,1800955.1968,5814805.4739
4656,14006808,Nawton,"54 Breckons Ave, Hamilton",1206,1796855.1654,5816915.5849
3771,14006809,Orbiter,"Opp 403 Hukanui Rd, Hamilton",1207,1800316.2196,5820989.843
4641,14006809,Flagstaff North,"Opp 403 Hukanui Rd, Hamilton",1208,1800316.2196,5820989.843
9032,14006809,Rototuna Circular,"Opp 403 Hukanui Rd, Hamilton",1209,1800316.2196,5820989.843
4638,14006818,Dinsdale,"25 Farnborough Dr, Hamilton",1210,1796166.5432,5816687.2189
4612,14006825,Claudelands,"827 Heaphy Tce, Hamilton",1211,1801478.6867,5816115.6755
3771,14006828,Orbiter,"27 Te Kōwhai Rd, Hamilton",1212,1796203.967,5820175.9411
3771,14006836,Orbiter,"58 Anglesea St, Hamilton (Woolworths)",1213,1801314.5213,5814513.4355
4608,14006836,Fitzroy,"58 Anglesea St, Hamilton (Woolworths)",1214,1801314.5213,5814513.4355
4612,14006843,Claudelands,"Opp 825 Heaphy Tce, Hamilton",1215,1801494.9207,5816101.6573
4620,14006848,Te Rapa,"197 Sandwich Rd, Hamilton",1216,1798159.8305,5819716.256
4622,14006848,Pukete,"197 Sandwich Rd, Hamilton",1217,1798159.8305,5819716.256
4648,14006852,Chartwell,"57 Comries Rd, Hamilton",1218,1800138.9366,5819100.0068
12858,14006857,Comet,"34 Bruce Ave, Hamilton",1219,1801405.4018,5811896.4716
15643,14006859,Bremworth / Templeview,"27 McKay St, Hamilton",1220,1795475.5858,5811956.573
4616,14006863,Rototuna,"18 Kimbrae Dr, Hamilton",1221,1800048.889,5822914.4514
9022,14006863,Flagstaff,"18 Kimbrae Dr, Hamilton",1222,1800048.889,5822914.4514
9032,14006863,Rototuna Circular,"18 Kimbrae Dr, Hamilton",1223,1800048.889,5822914.4514
19537,14006875,Meteor,"60 Silverdale Rd, Hamilton",1224,1805153.1073,5814470.8032
4618,14006875,Hamilton Gardens Uni,"60 Silverdale Rd, Hamilton",1225,1805153.1073,5814470.8032
4656,14006881,Nawton,"43 Odlin Cr, Hamilton",1226,1796924.0742,5817101.9396
4606,14006902,Fairfield,"117 Bankwood Rd, Hamilton",1227,1800567.2504,5818619.6905
4616,14006902,Rototuna,"117 Bankwood Rd, Hamilton",1228,1800567.2504,5818619.6905
9022,14006902,Flagstaff,"117 Bankwood Rd, Hamilton",1229,1800567.2504,5818619.6905
9032,14006902,Rototuna Circular,"117 Bankwood Rd, Hamilton",1230,1800567.2504,5818619.6905
4612,14006905,Claudelands,"30 Claude St, Hamilton",1231,1801519.2893,5816942.7928
4622,14006906,Pukete,"1 Taylor Tce, Hamilton",1232,1799037.2238,5818505.7911
9032,14006909,Rototuna Circular,"103 Horsham Downs Rd, Hamilton",1233,1800511.6816,5822344.9344
3771,14006911,Orbiter,"220 Peachgrove Rd, Hamilton",1234,1802130.4024,5816772.4727
4641,14006911,Flagstaff North,"220 Peachgrove Rd, Hamilton",1235,1802130.4024,5816772.4727
4620,14006913,Te Rapa,"45 Norton Rd, Hamilton",1236,1799504.1404,5815688.9816
4608,14006921,Fitzroy,"36 Fitzroy Ave, Hamilton",1237,1802345.3796,5812126.2586
4638,14006929,Dinsdale,"116 Ayrshire Dr, Hamilton",1238,1795546.1895,5816108.1799
4618,14006933,Hamilton Gardens Uni,"16 Bledisloe Tce, Hamilton",1239,1801791.3728,5813783.7864
4648,14006952,Chartwell,"35 Herbert Rd, Hamilton",1240,1799968.3409,5819477.5586
4618,14006961,Hamilton Gardens Uni,"2A Jellicoe Dr, Hamilton",1241,1801559.5806,5814039.5253
3771,14006977,Orbiter,"166 Killarney Rd, Hamilton",1242,1798505.6044,5814522.8376
4638,14006977,Dinsdale,"166 Killarney Rd, Hamilton",1243,1798505.6044,5814522.8376
4610,14007021,University,"34 Wilson St, Hamilton",1244,1802803.6231,5815317.7556
4648,14007023,Chartwell,"3 Glen Lynne Ave, Hamilton",1245,1799568.3539,5819696.4436
9022,14007023,Flagstaff,"3 Glen Lynne Ave, Hamilton",1246,1799568.3539,5819696.4436
9032,14007023,Rototuna Circular,"3 Glen Lynne Ave, Hamilton",1247,1799568.3539,5819696.4436
12858,14007040,Comet,"564 Te Rapa Rd, Hamilton",1248,1797907.2217,5818642.2717
12858,14007043,Comet,"11 Jeanette Pl, Hamilton",1249,1801831.6445,5812076.3239
4608,14007047,Fitzroy,"59 Pine Ave, Hamilton",1250,1801380.7614,5812450.8551
15643,14007052,Bremworth / Templeview,"22 Lancaster St, Hamilton",1251,1797016.1001,5814025.8046
3771,14007053,Orbiter,"185 Whatawhata Rd, Hamilton",1252,1796868.55,5814309.4613
4648,14007055,Chartwell,"930 River Rd, Hamilton",1253,1799683.0521,5819507.0164
9022,14007055,Flagstaff,"930 River Rd, Hamilton",1254,1799683.0521,5819507.0164
4622,14007061,Pukete,"161 Mauī St, Hamilton",1255,1795669.5987,5822054.3549
9032,14007063,Rototuna Circular,"48 Clarkin Rd, Hamilton",1256,1800070.6121,5817630.0081
12858,14007083,Comet,"5 Prisk St, Hamilton",1257,1800132.6015,5812377.6237
3771,14007089,Orbiter,"127 Peachgrove Rd, Hamilton",1258,1802392.0013,5815956.8922
4610,14007089,University,"127 Peachgrove Rd, Hamilton",1259,1802392.0013,5815956.8922
4641,14007089,Flagstaff North,"127 Peachgrove Rd, Hamilton",1260,1802392.0013,5815956.8922
4616,14007091,Rototuna,"1149 Heaphy Tce, Hamilton",1261,1800792.3521,5817739.0241
9022,14007091,Flagstaff,"1149 Heaphy Tce, Hamilton",1262,1800792.3521,5817739.0241
4610,14007100,University,"32 Te Aroha St, Hamilton",1263,1801708.0425,5815872.8839
4622,14007116,Pukete,"57 Vercoe Rd, Hamilton",1264,1799192.9874,5817929.7556
3771,14007118,Orbiter,"99A Whatawhata Rd, Hamilton",1265,1797445.3933,5814434.8731
4638,14007118,Dinsdale,"99A Whatawhata Rd, Hamilton",1266,1797445.3933,5814434.8731
4606,14007141,Fairfield,"94B Bankwood Rd, Hamilton",1267,1800585.8058,5818454.9063
4616,14007141,Rototuna,"94B Bankwood Rd, Hamilton",1268,1800585.8058,5818454.9063
9022,14007141,Flagstaff,"94B Bankwood Rd, Hamilton",1269,1800585.8058,5818454.9063
9032,14007141,Rototuna Circular,"94B Bankwood Rd, Hamilton",1270,1800585.8058,5818454.9063
4606,14007154,Fairfield,"10A Mardon Rd, Hamilton",1271,1801814.6757,5817534.0462
4622,14007159,Pukete,"61 Sandwich Rd, Hamilton",1272,1798740.1617,5819211.5873
19537,14007168,Meteor,"Opp 60 Silverdale Rd, Hamilton",1273,1805143.7475,5814466.4839
4618,14007168,Hamilton Gardens Uni,"Opp 60 Silverdale Rd, Hamilton",1274,1805143.7475,5814466.4839
3771,14007175,Orbiter,"107 Newcastle Rd, Hamilton",1275,1796819.6228,5815162.8094
4638,14007175,Dinsdale,"107 Newcastle Rd, Hamilton",1276,1796819.6228,5815162.8094
4608,14007181,Fitzroy,"Opp 78 Alison St, Hamilton (Gower Park)",1277,1799961.219,5813121.7374
4606,14007187,Fairfield,"127 Comries Rd, Hamilton",1278,1800650.04,5819235.5865
4616,14007187,Rototuna,"127 Comries Rd, Hamilton",1279,1800650.04,5819235.5865
9022,14007187,Flagstaff,"127 Comries Rd, Hamilton",1280,1800650.04,5819235.5865
9032,14007187,Rototuna Circular,"127 Comries Rd, Hamilton",1281,1800650.04,5819235.5865
4622,14007263,Pukete,"76 Tōtara Dr, Hamilton",1282,1798043.6085,5820264.2959
3771,14007264,Orbiter,"50 Avalon Dr, Hamilton",1283,1797818.8851,5816627.3643
4606,14007283,Fairfield,"1A Ranfurly Ave, Hamilton",1284,1800350.5069,5817269.223
4620,14007289,Te Rapa,"21 Norris Ave, Hamilton",1285,1798201.4395,5818798.3065
4641,14007297,Flagstaff North,"Borman Rd, Hamilton (opp Radius Glaisdale)",1286,1797611.3654,5822853.5052
9032,14007297,Rototuna Circular,"Borman Rd, Hamilton (opp Radius Glaisdale)",1287,1797611.3654,5822853.5052
4620,14007298,Te Rapa,"123 Māeroa Rd, Hamilton",1288,1798974.3033,5816737.2039
15643,14007360,Bremworth / Templeview,"76 Higgins Rd, Hamilton",1289,1798575.2906,5813807.093
4606,14007375,Fairfield,"296 Clarkin Rd, Hamilton",1290,1801463.0609,5818023.8866
4616,14007384,Rototuna,"83 Huntington Dr, Hamilton",1291,1801351.9571,5820233.9985
4648,14007384,Chartwell,"83 Huntington Dr, Hamilton",1292,1801351.9571,5820233.9985
4610,14007392,University,"45 Old Farm Rd, Hamilton",1293,1802793.5837,5815210.7403
4622,14007470,Pukete,"58 Vercoe Rd, Hamilton",1294,1799214.6248,5817935.1171
3720,14007483,Tamahere/Matangi,"185 Cambridge Rd, Hamilton",1295,1804080.8934,5813826.5694
4604,14007483,Hillcrest,"185 Cambridge Rd, Hamilton",1296,1804080.8934,5813826.5694
4618,14007483,Hamilton Gardens Uni,"185 Cambridge Rd, Hamilton",1297,1804080.8934,5813826.5694
19537,14007485,Meteor,"Opp 35 Baverstock Rd, Hamilton",1298,1796388.9011,5817208.4321
4656,14007494,Nawton,"23 Odlin Cr, Hamilton",1299,1796802.9762,5817293.7009
15643,14007497,Bremworth / Templeview,"274 Kahikātea Dr, Hamilton",1300,1798816.3869,5813430.0919
3720,14007535,Tamahere/Matangi,"Newell Rd, Tamahere (near Riverfields Ln) (hail2ride)",1301,1805388.0647,5811491.4747
19537,14007536,Meteor,"63 Masters Ave, Hamilton",1302,1804304.7621,5814384.1492
19537,14007551,Meteor,"131 Dinsdale Rd, Hamilton",1303,1797149.6964,5814816.9234
4638,14007551,Dinsdale,"131 Dinsdale Rd, Hamilton",1304,1797149.6964,5814816.9234
4612,14007555,Claudelands,"113 Crosby Rd, Hamilton",1305,1801938.5221,5819231.5364
12858,14007561,Comet,"41 Pembroke St, Hamilton",1306,1800824.9047,5814316.4672
19537,14007566,Meteor,"Opp 248 Rotokauri Rd, Hamilton",1307,1795978.0133,5817952.2391
4604,14007568,Hillcrest,"74 Naylor St, Hamilton",1308,1802756.7124,5814090.0533
4616,14007578,Rototuna,"5 Cate Rd, Hamilton",1309,1799838.1856,5821422.3745
4648,14007588,Chartwell,"921 River Rd, Hamilton",1310,1799682.5387,5819471.2758
9022,14007588,Flagstaff,"921 River Rd, Hamilton",1311,1799682.5387,5819471.2758
9032,14007598,Rototuna Circular,"9 Barrington Dr, Hamilton",1312,1801408.9439,5821579.3181
4656,14007606,Nawton,"4 Waimarie St, Hamilton",1313,1797751.8,5815850.3852
4638,14007609,Dinsdale,"227 Baverstock Rd, Hamilton",1314,1795608.2081,5816708.1642
19537,14007618,Meteor,"122 Masters Ave, Hamilton",1315,1804726.728,5814495.9702
9032,14007624,Rototuna Circular,"Opp 554 Borman Rd, Hamilton",1316,1796923.2456,5823030.6221
4616,14007627,Rototuna,"267 Borman Rd, Hamilton (Learning Links)",1317,1799372.522,5822540.2086
4641,14007627,Flagstaff North,"267 Borman Rd, Hamilton (Learning Links)",1318,1799372.522,5822540.2086
9022,14007627,Flagstaff,"267 Borman Rd, Hamilton (Learning Links)",1319,1799372.522,5822540.2086
12858,14007628,Comet,"475 Te Rapa Rd, Hamilton",1320,1798087.0706,5818371.6915
12858,14007635,Comet,"245 Ulster St, Hamilton",1321,1799841.4967,5816483.3967
4606,14007637,Fairfield,"46 Casey Ave, Hamilton",1322,1800544.8939,5816988.4566
4606,14007661,Fairfield,"202 Clarkin Rd, Hamilton",1323,1800995.3735,5817873.5331
9032,14007671,Rototuna Circular,"Borman Rd, Hamilton (Te Ao Mārama School)",1324,1797453.0237,5822900.266
3771,14007679,Orbiter,"125 Whatawhata Rd, Hamilton",1325,1797206.3151,5814365.45
4638,14007679,Dinsdale,"125 Whatawhata Rd, Hamilton",1326,1797206.3151,5814365.45
4612,14007686,Claudelands,"38 Powells Rd, Hamilton",1327,1802894.1903,5817709.721
4606,14007688,Fairfield,"27 Snell Dr, Hamilton",1328,1802022.9864,5818415.5676
4610,14007693,University,"669 Grey St, Hamilton",1329,1801637.6228,5815735.9242
4620,14007711,Te Rapa,"9 Tōtara Dr, Hamilton",1330,1798092.3484,5819823.3231
4622,14007711,Pukete,"9 Tōtara Dr, Hamilton",1331,1798092.3484,5819823.3231
4620,14007725,Te Rapa,"136 Sandwich Rd, Hamilton",1332,1798623.7156,5819555.9343
4622,14007725,Pukete,"136 Sandwich Rd, Hamilton",1333,1798623.7156,5819555.9343
4620,14007735,Te Rapa,"253 Māeroa Rd, Hamilton",1334,1798874.928,5815958.1451
4622,14007738,Pukete,"40 Sandwich Rd, Hamilton",1335,1798869.3041,5819024.8216
15643,14007748,Bremworth / Templeview,"463 Kahikātea Dr, Hamilton",1336,1797605.4207,5813537.3207
19537,14007749,Meteor,"17 Lloyd Dr, Hamilton",1337,1796440.0808,5816941.2894
4606,14007752,Fairfield,"55 Snell Dr, Hamilton",1338,1801788.6019,5818304.7238
4656,14007759,Nawton,"Opp 127 Seddon Rd, Hamilton",1339,1799755.4129,5815940.9329
12858,14007760,Comet,"63 Dixon Rd, Hamilton",1340,1802235.171,5811371.8011
4638,14007762,Dinsdale,"105 Farnborough Dr, Hamilton",1341,1795555.0832,5816280.3906
19537,14007764,Meteor,"90 Massey St, Hamilton",1342,1798746.932,5815066.1883
4612,14007768,Claudelands,"29 Powells Rd, Hamilton",1343,1802854.7335,5817707.1397
4641,14007771,Flagstaff North,"Hare Puke Dr, Hamilton (Wetherby Rd)",1344,1797488.728,5822616.6685
3771,14007777,Orbiter,"23 Ruakura Rd, Hamilton (Vision College)",1345,1802615.9903,5816054.3381
3771,14007779,Orbiter,"116 Newcastle Rd, Hamilton",1346,1796844.467,5815228.9459
4638,14007779,Dinsdale,"116 Newcastle Rd, Hamilton",1347,1796844.467,5815228.9459
4608,14007796,Fitzroy,"17 Urlich Ave, Hamilton",1348,1801100.5655,5812069.8607
19537,14007806,Meteor,"57 Morrinsville Rd, Hamilton",1349,1805010.1826,5813936.8204
3720,14007806,Tamahere/Matangi,"57 Morrinsville Rd, Hamilton",1350,1805010.1826,5813936.8204
4618,14007806,Hamilton Gardens Uni,"57 Morrinsville Rd, Hamilton",1351,1805010.1826,5813936.8204
19537,14007815,Meteor,"66 Morris Rd, Hamilton",1352,1804707.9205,5814384.621
4618,14007816,Hamilton Gardens Uni,"87 Jellicoe Dr, Hamilton",1353,1801653.1058,5813653.1553
4618,14007833,Hamilton Gardens Uni,"21 Brookfield St, Hamilton",1354,1802071.2854,5813672.7614
3771,14007839,Orbiter,"1158 River Rd, Hamilton",1355,1798475.0214,5820802.4233
9032,14007839,Rototuna Circular,"1158 River Rd, Hamilton",1356,1798475.0214,5820802.4233
3771,14007845,Orbiter,"211 Peachgrove Rd, Hamilton",1357,1802130.228,5816754.6
4641,14007845,Flagstaff North,"211 Peachgrove Rd, Hamilton",1358,1802130.228,5816754.6
12858,14007849,Comet,"149 Ōhaupō Rd, Hamilton",1359,1800880.5037,5811939.1096
19537,14007853,Meteor,"81 Masters Ave, Hamilton",1360,1804576.832,5814452.951
12858,14007854,Comet,"48 Pembroke St, Hamilton",1361,1800812.2888,5814330.9634
4616,14007858,Rototuna,"1086 Heaphy Tce, Hamilton",1362,1800917.3809,5817476.8172
9022,14007858,Flagstaff,"1086 Heaphy Tce, Hamilton",1363,1800917.3809,5817476.8172
19537,14007861,Meteor,"248 Rotokauri Rd, Hamilton",1364,1795980.4538,5817972.1978
3771,14007872,Orbiter,"49 Discovery Dr, Hamilton",1365,1798215.2255,5821523.8363
9022,14007872,Flagstaff,"49 Discovery Dr, Hamilton",1366,1798215.2255,5821523.8363
4610,14007877,University,"31 Cameron Rd, Hamilton",1367,1803354.6017,5815155.2567
4612,14007880,Claudelands,"Opp 46 Raymond St, Hamilton",1368,1803061.5342,5818200.825
19537,14007882,Meteor,"Silverdale Rd, Hamilton (near Ruakura Interchange)",1369,1804383.4952,5815728.2614
4618,14007882,Hamilton Gardens Uni,"Silverdale Rd, Hamilton (near Ruakura Interchange)",1370,1804383.4952,5815728.2614
15643,14007886,Bremworth / Templeview,"96 Poaka Ave, Hamilton",1371,1797543.7157,5813832.9313
4612,14007890,Claudelands,"Webb Dr, Hamilton (Northbound)",1372,1802784.2835,5819226.2213
4616,14007899,Rototuna,"40 Cate Rd, Hamilton",1373,1799655.1906,5821837.078
4641,14007899,Flagstaff North,"40 Cate Rd, Hamilton",1374,1799655.1906,5821837.078
4618,14007909,Hamilton Gardens Uni,"1 Wellington St, Hamilton",1375,1801769.5256,5814344.2835
4648,14007915,Chartwell,"39 Pulham Cr, Hamilton",1376,1799963.9371,5819750.2555
4610,14007920,University,"42 Cameron Rd, Hamilton",1377,1803309.7964,5815371.2232
4604,14007921,Hillcrest,"248 Grey St, Hamilton",1378,1802006.007,5814361.9093
4620,14007928,Te Rapa,"Garnett Ave, Hamilton (opp Te Rapa Shops)",1379,1798406.4678,5817842.258
4618,14007931,Hamilton Gardens Uni,"33 Jellicoe Dr, Hamilton",1380,1801557.3562,5814024.2566
4606,14007933,Fairfield,"85 Snell Dr, Hamilton",1381,1801609.2272,5818150.8768
4618,14007935,Hamilton Gardens Uni,"65 Brookfield St, Hamilton",1382,1802964.5701,5813904.7122
3771,14007946,Orbiter,"181 Pūkete Rd, Hamilton",1383,1797256.1699,5820691.998
4641,14007948,Flagstaff North,"Opp 36 Te Huia Dr, Hamilton",1384,1797260.0203,5822069.3689
9032,14007948,Rototuna Circular,"Opp 36 Te Huia Dr, Hamilton",1385,1797260.0203,5822069.3689
4612,14007952,Claudelands,"Opp 27 Stanley St, Hamilton",1386,1801271.6573,5816618.3255
4610,14007965,University,"39 Wilson St, Hamilton",1387,1802821.8182,5815330.1876
12858,14007966,Comet,"486 Anglesea St, Hamilton",1388,1800405.676,5815817.0888
4656,14007966,Nawton,"486 Anglesea St, Hamilton",1389,1800405.676,5815817.0888
4610,14007987,University,"541 Grey St, Hamilton",1390,1801770.6637,5815192.3654
3720,14007988,Tamahere/Matangi,"6 Knighton Rd, Hamilton",1391,1803559.8533,5814208.5733
4618,14007988,Hamilton Gardens Uni,"6 Knighton Rd, Hamilton",1392,1803559.8533,5814208.5733
4622,14007993,Pukete,"158 Mauī St, Hamilton",1393,1795691.9741,5822022.1181
12858,14007996,Comet,"194 Ulster St, Hamilton (Settlers Motor Lodge)",1394,1800020.8614,5816419.5137
12858,14008000,Comet,"60 Prisk St, Hamilton",1395,1800315.5434,5811990.0929
4656,14008006,Nawton,"7 Holmes St, Hamilton",1396,1797271.8882,5816183.6995
4622,14008009,Pukete,"117 Beerescourt Rd, Hamilton",1397,1799180.0827,5818121.4908
3771,14008010,Orbiter,"Opp 410 Hukanui Rd, Hamilton",1398,1800304.1936,5821024.3983
4641,14008010,Flagstaff North,"Opp 410 Hukanui Rd, Hamilton",1399,1800304.1936,5821024.3983
9032,14008010,Rototuna Circular,"Opp 410 Hukanui Rd, Hamilton",1400,1800304.1936,5821024.3983
15643,14008013,Bremworth / Templeview,"4 Gibson Rd, Hamilton",1401,1797508.0018,5813670.1253
4612,14008017,Claudelands,"47 Radiata St, Hamilton",1402,1802958.8461,5818465.6508
12858,14008018,Comet,"5 Acacia Cr, Hamilton",1403,1801672.4399,5810494.5496
19537,14008025,Meteor,"29 Hyde Ave, Hamilton",1404,1797108.0585,5815760.3449
3771,14008026,Orbiter,"79 Church Rd, Hamilton (opp FlexFitness)",1405,1796570.9929,5820551.2668
4622,14008026,Pukete,"79 Church Rd, Hamilton (opp FlexFitness)",1406,1796570.9929,5820551.2668
4622,14008042,Pukete,"164 Beerescourt Rd, Hamilton",1407,1799104.825,5818344.8235
4606,14008046,Fairfield,"821 Victoria St, Hamilton",1408,1800571.3308,5816002.1424
4616,14008046,Rototuna,"821 Victoria St, Hamilton",1409,1800571.3308,5816002.1424
4622,14008046,Pukete,"821 Victoria St, Hamilton",1410,1800571.3308,5816002.1424
4648,14008046,Chartwell,"821 Victoria St, Hamilton",1411,1800571.3308,5816002.1424
9022,14008046,Flagstaff,"821 Victoria St, Hamilton",1412,1800571.3308,5816002.1424
9032,14008046,Rototuna Circular,"821 Victoria St, Hamilton",1413,1800571.3308,5816002.1424
4620,14008070,Te Rapa,"75 Tōtara Dr, Hamilton",1414,1798078.7122,5820176.7357
4622,14008070,Pukete,"75 Tōtara Dr, Hamilton",1415,1798078.7122,5820176.7357
4606,14008071,Fairfield,"2 Holland Rd, Hamilton",1416,1801071.2178,5817254.0995
4606,14008090,Fairfield,"266 Tramway Rd, Hamilton",1417,1802304.285,5818411.8844
4620,14008093,Te Rapa,"32 Norris Ave, Hamilton",1418,1798352.7634,5818584.3673
15643,14008102,Bremworth / Templeview,"2 Cowley Dr, Hamilton",1419,1795866.6603,5811877.5613
19537,14008105,Meteor,"50 Nevada Rd, Hamilton",1420,1805248.0634,5815246.7159
4612,14008107,Claudelands,"28 McMeekan Ave, Hamilton",1421,1801673.8215,5819136.421
4610,14008112,University,"29 Te Aroha St, Hamilton",1422,1801708.2138,5815879.875
15643,14008114,Bremworth / Templeview,"73 Higgins Rd, Hamilton",1423,1798594.6796,5813825.6119
4638,14008115,Dinsdale,"9 Caernarvon St, Hamilton",1424,1797082.8073,5814389.7158
4656,14008121,Nawton,"127 Seddon Rd, Hamilton (opp Stadium)",1425,1799762.1798,5815922.0037
4606,14008123,Fairfield,"160 Bankwood Rd, Hamilton",1426,1800480.9695,5818986.5415
4616,14008123,Rototuna,"160 Bankwood Rd, Hamilton",1427,1800480.9695,5818986.5415
9022,14008123,Flagstaff,"160 Bankwood Rd, Hamilton",1428,1800480.9695,5818986.5415
9032,14008123,Rototuna Circular,"160 Bankwood Rd, Hamilton",1429,1800480.9695,5818986.5415
4648,14008124,Chartwell,"58 Herbert Rd, Hamilton",1430,1799924.3125,5819657.8368
4612,14008126,Claudelands,"126 Crosby Rd, Hamilton",1431,1801968.4531,5819290.8736
4604,14008130,Hillcrest,"97 Naylor St, Hamilton",1432,1803095.4894,5814179.1882
4618,14008130,Hamilton Gardens Uni,"97 Naylor St, Hamilton",1433,1803095.4894,5814179.1882
9022,14008140,Flagstaff,"103 Endeavour Ave, Hamilton",1434,1798418.1643,5821363.7316
15643,14008142,Bremworth / Templeview,"10 Queens Ave, Hamilton",1435,1799899.9697,5815006.1695
4638,14008142,Dinsdale,"10 Queens Ave, Hamilton",1436,1799899.9697,5815006.1695
12858,14008152,Comet,"1 Tomin Rd, Hamilton",1437,1800955.2371,5811755.1013
4618,14008155,Hamilton Gardens Uni,"15 Galloway St, Hamilton",1438,1802920.3347,5813754.1218
12858,14008157,Comet,"474 Te Rapa Rd, Hamilton",1439,1798190.069,5818270.7275
4638,14008159,Dinsdale,"151 Baverstock Rd, Hamilton",1440,1796043.7381,5816976.4828
19537,14008169,Meteor,"91 Silverdale Rd, Hamilton",1441,1804925.7788,5814744.9821
4618,14008169,Hamilton Gardens Uni,"91 Silverdale Rd, Hamilton",1442,1804925.7788,5814744.9821
3771,14008187,Orbiter,"26 Ellicott Rd, Hamilton",1443,1797979.1048,5816037.2557
4656,14008187,Nawton,"26 Ellicott Rd, Hamilton",1444,1797979.1048,5816037.2557
4616,14008218,Rototuna,"33 Wentworth Dr, Hamilton",1445,1799234.7456,5821758.3081
4641,14008218,Flagstaff North,"33 Wentworth Dr, Hamilton",1446,1799234.7456,5821758.3081
12858,14008221,Comet,"63 Ōhaupō Rd, Hamilton",1447,1800832.9888,5812748.9517
4608,14008221,Fitzroy,"63 Ōhaupō Rd, Hamilton",1448,1800832.9888,5812748.9517
12858,14008223,Comet,"109 Māhoe St, Hamilton",1449,1800265.1354,5812438.9585
3771,14008225,Orbiter,"119 Killarney Rd, Hamilton",1450,1798852.7145,5814521.1175
4638,14008225,Dinsdale,"119 Killarney Rd, Hamilton",1451,1798852.7145,5814521.1175
3771,14008226,Orbiter,"133 Pūkete Rd, Hamilton",1452,1797317.1158,5820337.265
4620,14008244,Te Rapa,"10 Mitcham Ave, Hamilton",1453,1798594.0573,5817009.6461
4610,14008246,University,"668 Grey St, Hamilton",1454,1801638.3062,5815760.2245
3720,14008252,Tamahere/Matangi,"Newell Rd, Tamahere (outside Parklea Estate) (hail2ride)",1455,1805436.3455,5811122.9564
4638,14008258,Dinsdale,"193 Dinsdale Rd, Hamilton",1456,1796807.3136,5814847.1044
4656,14008265,Nawton,"160 Rimu St, Hamilton",1457,1798352.1311,5816270.9955
4620,14008280,Te Rapa,"21 Forsyth St, Hamilton",1458,1798628.9647,5818381.5038
4648,14008301,Chartwell,"20 Herbert Rd, Hamilton (Chartwell Park)",1459,1800030.6631,5819302.8318
4622,14008302,Pukete,"16 Sandwich Rd, Hamilton",1460,1798956.1334,5818889.4847
4608,14008303,Fitzroy,"3 Alison St, Hamilton",1461,1800012.1397,5813708.6563
4656,14008305,Nawton,"55 Rotokauri Rd, Hamilton",1462,1796788.0899,5817493.2487
4606,14008311,Fairfield,"256 Clarkin Rd, Hamilton (Fairfield Primary)",1463,1801206.2869,5817933.8947
3718,14008312,Tauwhare Pa,"429 SH 26, Newstead (Newstead Model School)",1464,1807866.0841,5816269.4423
4612,14008323,Claudelands,"1B Radiata St, Hamilton",1465,1802590.7798,5818214.4149
4622,14008360,Pukete,"195 Tōtara Dr, Hamilton",1466,1797372.7399,5820832.1064
4610,14008361,University,"55 Cameron Rd, Hamilton",1467,1803303.6751,5815348.1673
4612,14008388,Claudelands,"74 Powells Rd, Hamilton",1468,1803178.5063,5817803.8675
12858,14008389,Comet,"745 Te Rapa Rd, Hamilton",1469,1797450.602,5819198.1764
4604,14008390,Hillcrest,"181 Grey St, Hamilton",1470,1802044.5688,5814184.8569
4606,14008400,Fairfield,"74 Holland Rd, Hamilton",1471,1801416.3692,5817455.5233
4620,14008404,Te Rapa,"84 Bryant Rd, Hamilton",1472,1798273.3754,5818989.9591
12858,14008409,Comet,"299 Ulster St, Hamilton",1473,1799590.8172,5816604.5223
4618,14008410,Hamilton Gardens Uni,"61 Jellicoe Dr, Hamilton",1474,1801483.0008,5813805.1143
3771,14008413,Orbiter,"69 Foreman Rd, Hamilton (Mainfreight)",1475,1796787.2522,5818989.4276
4656,14008413,Nawton,"69 Foreman Rd, Hamilton (Mainfreight)",1476,1796787.2522,5818989.4276
4641,14008423,Flagstaff North,"55 Magellan Rise, Hamilton",1477,1797976.4959,5822158.6816
9022,14008423,Flagstaff,"55 Magellan Rise, Hamilton",1478,1797976.4959,5822158.6816
19537,14008444,Meteor,"7 Hillcrest Rd, Hamilton",1479,1803841.0524,5814199.3898
4604,14008449,Hillcrest,"57 Naylor St, Hamilton",1480,1802632.4807,5814072.2391
4622,14008452,Pukete,"Opp 90 Tōtara Dr, Hamilton",1481,1797977.0583,5820411.9027
4648,14008453,Chartwell,"44 Herbert Rd, Hamilton",1482,1799968.7801,5819510.1921
4606,14008461,Fairfield,"122 Mardon Rd, Hamilton",1483,1802468.7016,5817745.1753
12858,14008462,Comet,"298 Ulster St, Hamilton",1484,1799619.4435,5816614.0069
4606,14008480,Fairfield,"123 Fairfield Rd, Hamilton",1485,1800888.5847,5817347.8297
4618,14008483,Hamilton Gardens Uni,"5 Jellicoe Dr, Hamilton",1486,1801659.5484,5814207.0732
3718,14008494,Tauwhare Pa,"Inside Gate 1, University of Waikato",1487,1803948.327,5815196.525
3720,14008494,Tamahere/Matangi,"Inside Gate 1, University of Waikato",1488,1803948.327,5815196.525
4610,14008494,University,"Inside Gate 1, University of Waikato",1489,1803948.327,5815196.525
4618,14008494,Hamilton Gardens Uni,"Inside Gate 1, University of Waikato",1490,1803948.327,5815196.525
4622,14008495,Pukete,"20 Mauī St, Hamilton",1491,1796255.5339,5820730.9804
19537,14008499,Meteor,"150 Cambridge Rd, Hamilton",1492,1803905.6473,5813933.1704
3720,14008499,Tamahere/Matangi,"150 Cambridge Rd, Hamilton",1493,1803905.6473,5813933.1704
4604,14008499,Hillcrest,"150 Cambridge Rd, Hamilton",1494,1803905.6473,5813933.1704
4618,14008499,Hamilton Gardens Uni,"150 Cambridge Rd, Hamilton",1495,1803905.6473,5813933.1704
4612,14008567,Claudelands,"29 Claude St, Hamilton",1496,1801493.632,5816942.4213
4612,14008576,Claudelands,"Opp 877 Heaphy Tce, Hamilton",1497,1801342.943,5816449.7746
4641,14008581,Flagstaff North,"56 Magellan Rise, Hamilton",1498,1797971.749,5822170.343
9022,14008581,Flagstaff,"56 Magellan Rise, Hamilton",1499,1797971.749,5822170.343
4612,14008588,Claudelands,"76 Fairview St, Hamilton",1500,1802488.6306,5818376.5979
4638,14008589,Dinsdale,"18 Western Heights Dr, Hamilton",1501,1796691.2517,5815347.6393
4656,14008601,Nawton,Rotokauri Transport Hub (Platform 1),1502,1796510.249,5819620.7579
3771,14008602,Orbiter,Rotokauri Transport Hub (Platform 2),1503,1796492.4533,5819643.4896
19537,14008603,Meteor,Rotokauri Transport Hub (Platform 3),1504,1796480.5004,5819632.848
3771,14008604,Orbiter,Rotokauri Transport Hub (Platform 4),1505,1796512.2134,5819595.1793
4608,14008654,Fitzroy,"90 Fitzroy Ave, Hamilton",1506,1802291.6897,5812335.6653
4612,14008655,Claudelands,"113 Fairview St, Hamilton",1507,1802401.4741,5818613.8418
9032,14008656,Rototuna Circular,"36 Te Huia Dr, Hamilton",1508,1797248.8692,5822071.4121
9032,14008658,Rototuna Circular,"52 St. James Dr, Hamilton",1509,1801025.1242,5821120.932
4610,14008659,University,"20 Wilson St, Hamilton",1510,1802645.4547,5815275.238
15643,14008670,Bremworth / Templeview,"28 Lethborg St, Hamilton",1511,1798115.2861,5813703.598
4622,14008683,Pukete,"3 Vercoe Rd, Hamilton",1512,1798976.9221,5817669.9396
12858,14008684,Comet,"103 Ōhaupō Rd, Hamilton",1513,1800964.5354,5812303.0336
4608,14008684,Fitzroy,"103 Ōhaupō Rd, Hamilton",1514,1800964.5354,5812303.0336
15643,14008692,Bremworth / Templeview,"31 Lancaster St, Hamilton",1515,1797020.3668,5814122.2891
12858,14008694,Comet,"13 Pembroke St, Hamilton",1516,1800814.9096,5814569.0115
9022,14008696,Flagstaff,"95 Glen Lynne Ave, Hamilton",1517,1800397.9777,5819974.885
9032,14008696,Rototuna Circular,"95 Glen Lynne Ave, Hamilton",1518,1800397.9777,5819974.885
3720,14008697,Tamahere/Matangi,"70 Knighton Rd, Hamilton",1519,1803423.0824,5814763.5966
4618,14008697,Hamilton Gardens Uni,"70 Knighton Rd, Hamilton",1520,1803423.0824,5814763.5966
4638,14008699,Dinsdale,"Opp 14 Farnborough Dr, Hamilton",1521,1796175.4606,5816817.3579
4622,14008763,Pukete,"90 Tōtara Dr, Hamilton",1522,1797993.7019,5820425.7152
4612,14008767,Claudelands,"11 McMeekan Ave, Hamilton",1523,1801663.4154,5819172.3183
19537,14008772,Meteor,"Opp 146 Masters Ave, Hamilton (Hillcrest High)",1524,1804941.7995,5814587.2327
9032,14008778,Rototuna Circular,"Borman Rd, Hamilton (opp Te Ao Mārama School)",1525,1797451.2157,5822916.853
4608,14008783,Fitzroy,"37 Alison St, Hamilton",1526,1799972.285,5813363.0825
19537,14008784,Meteor,"32 Grange Ave, Hamilton",1527,1796943.1959,5816463.268
19537,14008854,Meteor,"36 Hyde Ave, Hamilton",1528,1797121.2448,5815795.8062
12858,14008864,Comet,"16 Jeanette Pl, Hamilton",1529,1801832.3619,5812065.3624
4648,14008868,Chartwell,"27 Glen Lynne Ave, Hamilton",1530,1799813.9463,5819807.6342
9022,14008868,Flagstaff,"27 Glen Lynne Ave, Hamilton",1531,1799813.9463,5819807.6342
9032,14008868,Rototuna Circular,"27 Glen Lynne Ave, Hamilton",1532,1799813.9463,5819807.6342
4616,14008869,Rototuna,"Opp 219 Borman Rd, Hamilton",1533,1799891.4237,5822633.7591
9022,14008869,Flagstaff,"Opp 219 Borman Rd, Hamilton",1534,1799891.4237,5822633.7591
9032,14008869,Rototuna Circular,"Opp 219 Borman Rd, Hamilton",1535,1799891.4237,5822633.7591
4618,14008880,Hamilton Gardens Uni,"50 Brookfield St, Hamilton",1536,1802503.1933,5813776.7339
9022,14008882,Flagstaff,"59 Cumberland Dr, Hamilton",1537,1798085.5084,5822361.0303
4606,14008887,Fairfield,"38 Snell Dr, Hamilton",1538,1802003.9868,5818406.4843
15643,14008888,Bremworth / Templeview,"435 Kahikātea Dr, Hamilton",1539,1797741.8269,5813652.1824
9022,14008893,Flagstaff,"52 Endeavour Ave, Hamilton",1540,1798846.1853,5821172.8806
3771,14008955,Orbiter,"Opp 164 Peachgrove Rd, Hamilton",1541,1802441.2121,5816340.3404
4641,14008955,Flagstaff North,"Opp 164 Peachgrove Rd, Hamilton",1542,1802441.2121,5816340.3404
19537,14008985,Meteor,"62 Morrinsville Rd, Hamilton",1543,1804923.9428,5813881.0063
3720,14008985,Tamahere/Matangi,"62 Morrinsville Rd, Hamilton",1544,1804923.9428,5813881.0063
4618,14008985,Hamilton Gardens Uni,"62 Morrinsville Rd, Hamilton",1545,1804923.9428,5813881.0063
4612,14008989,Claudelands,"1 Claude St, Hamilton",1546,1801211.2497,5816867.1599
4606,14008991,Fairfield,"54 Snell Dr, Hamilton",1547,1801775.4999,5818313.2615
19537,14008997,Meteor,"Opp 28 Taiatea Dr, Hamilton",1548,1795852.4753,5818248.2716
19537,14008998,Meteor,"Opp 208 Rotokauri Rd, Hamilton",1549,1796222.1207,5817756.6118
19537,14008999,Meteor,"208 Rotokauri Rd, Hamilton",1550,1796258.5504,5817735.1862
19537,14009000,Meteor,"26 Taiatea Dr, Hamilton",1551,1795861.1699,5818238.4018
4616,14009591,Rototuna,"56 Kimbrae Dr, Hamilton (Rototuna Highs)",1552,1799478.7794,5823238.3307
9022,14009591,Flagstaff,"56 Kimbrae Dr, Hamilton (Rototuna Highs)",1553,1799478.7794,5823238.3307
9032,14009591,Rototuna Circular,"56 Kimbrae Dr, Hamilton (Rototuna Highs)",1554,1799478.7794,5823238.3307
4616,14009592,Rototuna,"Opp 56 Kimbrae Dr, Hamilton (Rototuna Highs)",1555,1799451.6013,5823228.3674
9022,14009592,Flagstaff,"Opp 56 Kimbrae Dr, Hamilton (Rototuna Highs)",1556,1799451.6013,5823228.3674
9032,14009592,Rototuna Circular,"Opp 56 Kimbrae Dr, Hamilton (Rototuna Highs)",1557,1799451.6013,5823228.3674
