WKT,SA22019_V1_00,SA22019_V1_00_NAME,LAND_AREA_SQ_KM,AREA_SQ_KM,LATITUDE,LONGITUDE,EASTING,NORTHING,Shape_X,Shape_Y
"POINT (1747349.492 5427776.3138)",251100,Kelburn,0.4950599,0.4950599,-41.28801613861467,174.75968909129122,1747349.492021902,5427776.3138,1747349.492,5427776.3138
"POINT (1822013.79065 5464384.47205)",255600,Ngaumutawa,0.85307097,0.85307097,-40.94152580917755,175.63736769001605,1822013.7906689593,5464384.47205,1822013.79065,5464384.47205
"POINT (1626512.6447 5433568.8086)",304300,Atawhai,4.53225261,4.53225261,-41.24885493951598,173.31643864595083,1626512.6447,5433568.808620706,1626512.6447,5433568.8086
"POINT (1594357.6591 6167176.1004)",100100,North Cape,826.76815577,826.76815577,-34.637299651470194,172.9384376633617,1594357.6591053267,6167176.100400001,1594357.6591,6167176.1004
"POINT (1618572.7 6130836.8836)",100200,Rangaunu Harbour,272.07500876,272.07500876,-34.96484229464304,173.20344561971336,1618572.7000000002,6130836.883584397,1618572.7,6130836.8836
"POINT (1704886.41375 6102923.13245)",100300,Inlets Far North District,0,626.09638124,-35.21123516273443,174.15236237608764,1704886.4137499956,6102923.132458802,1704886.41375,6102923.13245
"POINT (1634562.57445 6127415.0549)",100400,Karikari Peninsula,174.1880925,174.1880925,-34.99527816149175,173.37873836446747,1634562.5744499997,6127415.05492072,1634562.57445,6127415.0549
"POINT (1619562.134 6109873.567)",100500,Tangonge,177.2085017,177.2085017,-35.15385595835725,173.21477829038247,1619562.134004022,6109873.567,1619562.134,6109873.567
"POINT (1614071.59905 6108322.02055)",100600,Ahipara,4.52919466,4.52919466,-35.16793837687437,173.15452281919795,1614071.5990445414,6108322.02055,1614071.59905,6108322.02055
"POINT (1623781.7567 6115674.7791)",100700,Kaitaia East,5.26639829,5.26639829,-35.1014545340807,173.2609394421924,1623781.7566999998,6115674.779081143,1623781.7567,6115674.7791
"POINT (1623582.1063 6113730.6062)",100800,Kaitaia West,3.21189033,3.21189033,-35.11899019620616,173.25880426676096,1623582.1063000013,6113730.606175721,1623582.1063,6113730.6062
"POINT (1629099.19275 6113098.7417)",100900,Rangitihi,84.63288825,84.63288825,-35.12454339943704,173.3193735838033,1629099.1927464386,6113098.7417,1629099.19275,6113098.7417
"POINT (1641545.577 6123158.1742)",101000,Oruru-Parapara,103.36075462,103.36075462,-35.033400201094096,173.45546924555418,1641545.5770075452,6123158.1742,1641545.577,6123158.1742
"POINT (1646542.60905 6127074.43275)",101100,Taumarumaru,10.23412752,10.23412752,-34.997869071851326,173.5100311956627,1646542.6090578781,6127074.432749998,1646542.60905,6127074.43275
"POINT (1618891.7698 6098507.9368)",101200,Herekino-Takahue,303.69037071,303.69037071,-35.256353540334956,173.2076789726244,1618891.7698227442,6098507.936799999,1618891.7698,6098507.9368
"POINT (1641813.95925 6114858.28105)",101300,Peria,199.58762842,199.58762842,-35.108229643984544,173.45883015669128,1641813.9592368803,6114858.28105,1641813.95925,6114858.28105
"POINT (1652809.93805 6123992.4508)",101400,Taemaro-Oruaiti,156.74222305,156.74222305,-35.025351227401835,173.578903768054,1652809.9380500019,6123992.450781727,1652809.93805,6123992.4508
"POINT (1660463.4437 6121224.83865)",101500,Whakapaku,200.88351093,200.88351093,-35.049876977628635,173.6629985491555,1660463.4437000423,6121224.83862971,1660463.4437,6121224.83865
"POINT (1631829.6695 6084324.97535)",101600,Hokianga North,345.93483672,345.93483672,-35.3839107348495,173.3504559685022,1631829.6694999998,6084324.97534593,1631829.6695,6084324.97535
"POINT (1640022.7668 6096399.36535)",101700,Kohukohu-Broadwood,209.19924243,209.19924243,-35.274744451764484,173.44007227611624,1640022.7668000036,6096399.365347724,1640022.7668,6096399.36535
"POINT (1676776.215 6120002.0614)",101800,Whakarara,169.49618886,169.49618886,-35.0597926725732,173.84197047116712,1676776.2149999999,6120002.061422087,1676776.215,6120002.0614
"POINT (1668455.86825 6110314.14085)",101900,Kaeo,255.55967669,255.55967669,-35.14774290439055,173.75153370650955,1668455.8682459588,6110314.14085,1668455.86825,6110314.14085
"POINT (1658010.2205 6095666.35055)",102000,Omahuta Forest-Horeke,463.52160353,463.52160353,-35.28047259563025,173.6378967925505,1658010.22047537,6095666.35055,1658010.2205,6095666.35055
"POINT (1644135.06215 6074491.3699)",102100,Hokianga South,126.08930327,126.08930327,-35.47210627400057,173.48647184964253,1644135.0621500034,6074491.3699186295,1644135.06215,6074491.3699
"POINT (1681051.1927 6107295.13775)",102200,Lake Manuwai-Kapiro,59.07330644,59.07330644,-35.174026107445975,173.89009262657268,1681051.1926982016,6107295.13775,1681051.1927,6107295.13775
"POINT (1672231.672 6094330.8378)",102300,Okaihau,147.59030098,160.01973675,-35.291588132027016,173.79438543728966,1672231.6719999993,6094330.837815256,1672231.672,6094330.8378
"POINT (1685976.6745 6109964.6277)",102400,Rangitane-Purerua,123.18610996,123.18610996,-35.149548533934095,173.94389909951548,1685976.6744965478,6109964.6276999945,1685976.6745,6109964.6277
"POINT (1683756.62075 6103919.61045)",102500,Waipapa,9.16015913,9.16015913,-35.204237890960634,173.92014295665908,1683756.6207601223,6103919.61045,1683756.62075,6103919.61045
"POINT (1682353.59315 6098470.1165)",102600,Puketotara,55.26374103,55.26374103,-35.253486520096686,173.90527677347785,1682353.5931499996,6098470.116478177,1682353.59315,6098470.1165
"POINT (1657382.0038 6072857.5181)",102700,Waima Forest,236.99516982,236.99516982,-35.486160554343414,173.63259257257644,1657382.0037890677,6072857.5181,1657382.0038,6072857.5181
"POINT (1686981.84735 6103470.4593)",102800,Riverview,6.21892511,6.21892511,-35.20801296224995,173.95561815484916,1686981.8473437647,6103470.4593,1686981.84735,6103470.4593
"POINT (1648764.8901 6061968.81185)",102900,Waipoua Forest,277.80889901,277.80889901,-35.58479636961367,173.53825499410135,1648764.8900983015,6061968.81185,1648764.8901,6061968.81185
"POINT (1686261.2586 6101586.1519)",103000,Kerikeri Central,3.71173616,3.71173616,-35.22506387446336,173.94789993739352,1686261.2585789887,6101586.151899999,1686261.2586,6101586.1519
"POINT (1686475.4134 6100293.9957)",103100,Kerikeri South,15.46843997,15.46843997,-35.23669531659625,173.95038879933875,1686475.4133785698,6100293.9957,1686475.4134,6100293.9957
"POINT (1678300.88835 6090300.0814)",103200,Ohaeawai-Waimate North,87.38799783,87.38799783,-35.327472504860665,173.861511910442,1678300.88835,6090300.081378546,1678300.88835,6090300.0814
"POINT (1690136.23615 6096356.86995)",103300,Puketona-Waitangi,156.40927377,156.40927377,-35.271868721088936,173.99104900068883,1690136.2361500005,6096356.869971026,1690136.23615,6096356.86995
"POINT (1674792.6375 6080417.18725)",103400,Ngapuhi,175.3850347,175.3850347,-35.41684508396423,173.823820781439,1674792.6375000002,6080417.187251595,1674792.6375,6080417.18725
"POINT (1672339.5477 6081345.0678)",103500,Kaikohe,5.67503598,5.67503598,-35.40866063894452,173.7967206780364,1672339.5477000012,6081345.067817988,1672339.5477,6081345.0678
"POINT (1688029.48715 6086542.47065)",103600,Pakaraka,72.35973496,72.35973496,-35.36053970537205,173.9689431664439,1688029.4871366234,6086542.470649999,1688029.48715,6086542.47065
"POINT (1695228.1802 6095454.66695)",103700,Haruru,1.52723246,1.52723246,-35.27953102095838,174.04713157378487,1695228.1802158882,6095454.66695,1695228.1802,6095454.66695
"POINT (1702298.50365 6097713.1002)",103800,Russell,3.27930242,3.27930242,-35.25847269017139,174.1245827147888,1702298.5036499999,6097713.10019217,1702298.50365,6097713.1002
"POINT (1699011.3766 6094961.2765)",103900,Paihia,2.24210093,2.24210093,-35.28361191633766,174.08878468160984,1699011.3765789615,6094961.2765,1699011.3766,6094961.2765
"POINT (1673645.5675 6066537.93105)",104000,Mataraua Forest,272.9270469,272.9270469,-35.54206345310216,173.81244542119032,1673645.567518214,6066537.93105,1673645.5675,6066537.93105
"POINT (1688461.70335 6076026.1808)",104100,Matawaia-Taumarere,410.65742458,410.65742458,-35.45531135192727,173.9748410185314,1688461.7033426869,6076026.1808,1688461.70335,6076026.1808
"POINT (1706984.8503 6094621.5815)",104200,Russell Peninsula,26.18756605,26.18756605,-35.285853416250276,174.17649392200659,1706984.8502872097,6094621.581499999,1706984.8503,6094621.5815
"POINT (1699982.77895 6092382.9298)",104300,Opua (Far North District),5.6075292,5.6075292,-35.306759967429514,174.0997794590655,1699982.7789500002,6092382.92982056,1699982.77895,6092382.9298
"POINT (1711378.574 6094567.4262)",104400,Russell Forest-Rawhiti,191.3699955,191.3699955,-35.28586208452395,174.22480865275753,1711378.574,6094567.426215738,1711378.574,6094567.4262
"POINT (1693111.35565 6083919.92125)",104500,Moerewa,1.87566952,1.87566952,-35.38372176313699,174.02517065696995,1693111.3556499998,6083919.921234132,1693111.35565,6083919.92125
"POINT (1697158.43525 6083847.1469)",104600,Kawakawa,1.73142636,1.73142636,-35.38399157029263,174.0697315168618,1697158.4352500003,6083847.146879982,1697158.43525,6083847.1469
"POINT (1704081.1304 6073910.2524)",104700,Maromaku,238.33524518,238.33524518,-35.4728737654665,174.14720824542349,1704081.1303989273,6073910.2524,1704081.1304,6073910.2524
"POINT (1686470.0834 6053850.86125)",104800,Mangakahia-Hukerenui,658.52901342,658.52901342,-35.65540503560535,173.95526534713315,1686470.083412704,6053850.86125,1686470.0834,6053850.86125
"POINT (1721696.87635 6071096.9026)",104900,Whangaruru,469.34033021,469.34033021,-35.49623244204857,174.34175080431933,1721696.8763499968,6071096.902589783,1721696.87635,6071096.9026
"POINT (1722471.8807 6085313.6618)",105000,Inlets other Whangarei District,0,39.02841125,-35.36798314459219,174.34815535402845,1722471.880699548,6085313.6618,1722471.8807,6085313.6618
"POINT (1709681.4959 6051391.1662)",105100,Matarau,108.38424099,108.38424099,-35.67527108482789,174.21197916385034,1709681.4958752673,6051391.1662,1709681.4959,6051391.1662
"POINT (1716535.6258 6060051.0656)",105200,Hikurangi,4.00025011,4.00025011,-35.596422803386716,174.28644887940786,1716535.6258,6060051.065595409,1716535.6258,6060051.0656
"POINT (1716596.1047 6056323.88)",105300,Kauri,56.10398788,56.10398788,-35.630013431589624,174.2876547821973,1716596.1046772152,6056323.88,1716596.1047,6056323.88
"POINT (1703407.47955 6041224.87395)",105400,Maungatapere,174.48592265,174.48592265,-35.76759361483021,174.1439735767351,1703407.4795429101,6041224.87395,1703407.47955,6041224.87395
"POINT (1717173.1039 6051813.983)",105500,Kamo West,4.49938134,4.49938134,-35.67059810187168,174.29468145865712,1717173.1039000005,6051813.982980195,1717173.1039,6051813.983
"POINT (1734413.72685 6060007.51195)",105600,Matapouri-Tutukaka,78.48143783,78.48143783,-35.594547371209494,174.4837590818918,1734413.7268572813,6060007.511950001,1734413.72685,6060007.51195
"POINT (1726222.94295 6054205.6543)",105700,Kiripaka,72.06318734,72.06318734,-35.647923540679,174.39427547308014,1726222.9429312022,6054205.6543000005,1726222.94295,6054205.6543
"POINT (1718597.43275 6050874.77835)",105800,Kamo East,1.42717944,1.42717944,-35.67889392487222,174.31055406261765,1718597.4327500002,6050874.778351599,1718597.43275,6050874.77835
"POINT (1717027.5585 6049670.13365)",105900,Granfield Reserve,1.66092061,1.66092061,-35.68994029972455,174.29338551971958,1717027.5584882176,6049670.133649999,1717027.5585,6049670.13365
"POINT (1718078.35305 6050219.54455)",106000,Kamo Central,1.09354447,1.09354447,-35.68486254916896,174.304915518768,1718078.35305,6050219.544562951,1718078.35305,6050219.54455
"POINT (1717216.5419 6047738.1153)",106100,Whau Valley,7.17969858,7.17969858,-35.707333221864175,174.29575544450068,1717216.5419000008,6047738.115300881,1717216.5419,6047738.1153
"POINT (1719995.9428 6050598.24835)",106200,Tikipunga North,2.74100136,2.74100136,-35.68121736949307,174.32604577982048,1719995.942818748,6050598.24835,1719995.9428,6050598.24835
"POINT (1713677.17175 6043598.8181)",106300,Pukenui,19.19089358,19.19089358,-35.74506041999416,174.2572247318535,1713677.1717641377,6043598.8181,1713677.17175,6043598.8181
"POINT (1719236.10875 6049270.2209)",106400,Otangarei,1.03952917,1.03952917,-35.69328042161594,174.31784793801143,1719236.1087501843,6049270.2209,1719236.10875,6049270.2209
"POINT (1720496.27525 6049108.29915)",106500,Tikipunga South,2.74034795,2.74034795,-35.694586709178765,174.33179674893708,1720496.2752500018,6049108.299156975,1720496.27525,6049108.29915
"POINT (1719020.42345 6047215.3511)",106600,Kensington (Whangarei District),3.11258422,3.11258422,-35.71182910530205,174.31576900520903,1719020.423458004,6047215.3511,1719020.42345,6047215.3511
"POINT (1723441.90465 6047450.7808)",106700,Abbey Caves-Glenbervie,32.11747652,32.11747652,-35.70916273123011,174.36460003899072,1723441.9046500004,6047450.780788185,1723441.90465,6047450.7808
"POINT (1719795.1489 6047987.7885)",106800,Mairtown,0.94349562,0.94349562,-35.704772449305814,174.324216357282,1719795.1488978197,6047987.7885,1719795.1489,6047987.7885
"POINT (1716315.67755 6044214.2428)",106900,Maunu-Horahora,4.29878303,4.29878303,-35.739204489863276,174.28630979659985,1716315.6775363646,6044214.2428,1716315.67755,6044214.2428
"POINT (1718613.51325 6045706.42685)",107000,Woodhill-Vinetown,1.38514518,1.38514518,-35.72547963791264,174.31149457722137,1718613.5132282171,6045706.42685,1718613.51325,6045706.42685
"POINT (1719699.12475 6045644.53625)",107100,Whangarei Central,2.81252363,2.81252363,-35.725906104833065,174.3235044192951,1719699.1247280138,6045644.53625,1719699.12475,6045644.53625
"POINT (1721206.97435 6045530.10105)",107200,Riverside,3.50758706,3.50758706,-35.726753099109864,174.34018982158554,1721206.974349999,6045530.101032959,1721206.97435,6045530.10105
"POINT (1717444.5333 6043036.32505)",107300,Raumanga,3.46030356,3.46030356,-35.749688142901036,174.29896321519726,1717444.5332999951,6043036.325042307,1717444.5333,6043036.32505
"POINT (1718417.39605 6043863.0416)",107400,Tarewa,0.94068456,0.94068456,-35.74211949332123,174.3095987034687,1718417.3960499982,6043863.041605387,1718417.39605,6043863.0416
"POINT (1719314.66765 6044563.169)",107500,Morningside (Whangarei District),1.2022607,1.2022607,-35.73570017275252,174.31941529904097,1719314.6676606685,6044563.169,1719314.66765,6044563.169
"POINT (1735760.96745 6056043.22835)",107600,Ngunguru,3.56520869,3.56520869,-35.63009517965904,174.4992931445202,1735760.9674612882,6056043.228325,1735760.96745,6056043.22835
"POINT (1714510.4785 6037948.1733)",107700,Otaika-Portland,41.50956018,41.50956018,-35.79589912511964,174.26724668035266,1714510.4785227957,6037948.1733,1714510.4785,6037948.1733
"POINT (1709439.3546 6027023.0798)",107800,Oakleigh-Mangapai,323.77676213,323.77676213,-35.89495795641031,174.2126362889363,1709439.3545999997,6027023.079787489,1709439.3546,6027023.0798
"POINT (1720140.01675 6043040.75185)",107900,Port-Limeburners,7.41160663,7.41160663,-35.74932266576065,174.32876810677632,1720140.0167475375,6043040.751850011,1720140.01675,6043040.75185
"POINT (1733382.7157 6046553.1646)",108000,Pataua,128.58470963,128.58470963,-35.71595732374679,174.4746093358726,1733382.7157,6046553.164617401,1733382.7157,6046553.1646
"POINT (1723526.68905 6044073.46545)",108100,Onerahi Park,1.99946704,1.99946704,-35.73959451197575,174.36605676804177,1723526.6890499997,6044073.465442466,1723526.68905,6044073.46545
"POINT (1722994.24125 6043105.0336)",108200,Sherwood Rise,1.3064605,1.3064605,-35.748390450762166,174.36031855146146,1722994.2412499995,6043105.033576491,1722994.24125,6043105.0336
"POINT (1723267.4958 6041048.24035)",108300,Onerahi,2.29351822,2.29351822,-35.7668956587219,174.36365634458306,1723267.4958000006,6041048.240335034,1723267.4958,6041048.24035
"POINT (1727858.80875 6037645.64585)",108400,Inlet Whangarei Harbour,0,103.01814821,-35.79697847032943,174.4149779698633,1727858.808733575,6037645.645849999,1727858.80875,6037645.64585
"POINT (1728802.2126 6041722.07885)",108500,Parua Bay,39.09984571,39.09984571,-35.76011231104458,174.42475965105177,1728802.2126152627,6041722.07885,1728802.2126,6041722.07885
"POINT (1726536.26395 6024398.26735)",108600,Bream Bay,238.82165955,238.82165955,-35.91655446175715,174.40244754569827,1726536.2639499996,6024398.267373695,1726536.26395,6024398.26735
"POINT (1732075.8183 6033536.605)",108700,Marsden Bay,2.58676114,2.58676114,-35.83345618473152,174.46231212834502,1732075.8183000004,6033536.605010577,1732075.8183,6033536.605
"POINT (1731789.94905 6027944.0179)",108800,Ruakaka,15.79852038,15.79852038,-35.88390188417795,174.4600722257675,1731789.9490500004,6027944.017890557,1731789.94905,6027944.0179
"POINT (1739016.52165 6034834.83045)",108900,Bream Head,52.18058425,52.18058425,-35.82079589389055,174.5389077432317,1739016.521649999,6034834.830447001,1739016.52165,6034834.83045
"POINT (1728534.423 6012368.99895)",109000,Waipu,136.59511165,136.59511165,-36.024715851872145,174.42653739081834,1728534.4229977827,6012368.99895,1728534.423,6012368.99895
"POINT (1674607.27105 6025292.7016)",109100,Kaipara Coastal,1248.05567088,1248.05567088,-35.91383441431229,173.82688822210136,1674607.2710500006,6025292.701600505,1674607.27105,6025292.7016
"POINT (1686495.9066 6027134.7853)",109200,Maungaru,691.97210274,691.97210274,-35.89624873382055,173.95843680014573,1686495.9065999999,6027134.785314861,1686495.9066,6027134.7853
"POINT (1678131.0092 6022400.23145)",109300,Dargaville,12.55873437,12.55873437,-35.93963481072679,173.86622301257808,1678131.0091813286,6022400.23145,1678131.0092,6022400.23145
"POINT (1703120.49865 6004374.4101)",109400,Ruawai-Matakohe,530.45109334,530.45109334,-36.09980284674933,174.14558252145633,1703120.4986500002,6004374.410095055,1703120.49865,6004374.4101
"POINT (1718959.61345 6009424.2243)",109500,Otamatea (Kaipara District),244.89159693,244.89159693,-36.052475448186854,174.32074112073133,1718959.6134500008,6009424.224286178,1718959.61345,6009424.2243
"POINT (1720887.14635 6003203.7386)",109600,Maungaturoto,21.59967479,21.59967479,-36.10830515879951,174.3430895328107,1720887.146343463,6003203.7386,1720887.14635,6003203.7386
"POINT (1730468.38545 5993639.37045)",109700,Kaiwaka,259.02430195,259.02430195,-36.19326665280706,174.4510976379907,1730468.385432819,5993639.370449999,1730468.38545,5993639.37045
"POINT (1739285.05625 6001176.97055)",109800,Mangawhai Rural,91.18259719,91.18259719,-36.124105970199295,174.54779120770627,1739285.05625,6001176.97057393,1739285.05625,6001176.97055
"POINT (1742606.17025 6004201.8318)",109900,Mangawhai Heads,6.98897326,6.98897326,-36.096362472566625,174.5841365400146,1742606.1702499997,6004201.831780199,1742606.17025,6004201.8318
"POINT (1742529.2293 6001541.71515)",110000,Inlet Mangawhai Harbour,0,5.86782347,-36.12034761068298,174.5837634552348,1742529.2292999995,6001541.715164853,1742529.2293,6001541.71515
"POINT (1741484.2451 6001277.6007)",110100,Mangawhai,1.99407383,1.99407383,-36.12288083814686,174.5722031664375,1741484.2451000018,6001277.600715935,1741484.2451,6001277.6007
"POINT (1721057.6744 5978457.263)",110200,Okahukura Peninsula,211.1842049,211.1842049,-36.331326728046996,174.3488078751661,1721057.6743808973,5978457.262999999,1721057.6744,5978457.263
"POINT (1718112.2168 5964513.0724)",110300,Inlet Kaipara Harbour South,0,391.72178452,-36.457370984567824,174.31811853038147,1718112.2168000012,5964513.072386708,1718112.2168,5964513.0724
"POINT (1744644.0516 5987545.19565)",110400,Cape Rodney,370.64156777,370.64156777,-36.24617277317758,174.60983434412856,1744644.0516014574,5987545.19565,1744644.0516,5987545.19565
"POINT (1736584.6385 5982487.89005)",110500,Wellsford,4.55270466,4.55270466,-36.292924315194554,174.5210493151867,1736584.6385093743,5982487.89005,1736584.6385,5982487.89005
"POINT (1805008.5872 5973782.30595)",110600,Oceanic Auckland Region East,0,7823.26767201,-36.359230445341936,175.28487438303034,1805008.5871828436,5973782.305949999,1805008.5872,5973782.30595
"POINT (1716877.7692 5949409.1706)",110700,South Head,339.79844554,339.79844554,-36.59365081343465,174.30663321049357,1716877.7692,5949409.170622758,1716877.7692,5949409.1706
"POINT (1734160.2196 5963415.7225)",110800,Kaipara Hills,282.56929208,282.56929208,-36.4651486230193,174.4973505686025,1734160.2196000007,5963415.722489968,1734160.2196,5963415.7225
"POINT (1747943.31535 5976726.7942)",110900,Dome Valley-Matakana,84.74846034,84.74846034,-36.34316593836758,174.6485909156883,1747943.3153741322,5976726.794199999,1747943.31535,5976726.7942
"POINT (1713671.89725 5916719.9877)",111000,Oceanic Auckland Region West,0,2384.01664203,-36.88865253880672,174.27566837386138,1713671.89725,5916719.987721464,1713671.89725,5916719.9877
"POINT (1748443.62465 5971149.9163)",111100,Warkworth West,11.35975623,11.35975623,-36.39334560302896,174.65522844261298,1748443.6246499997,5971149.916303688,1748443.62465,5971149.9163
"POINT (1745593.1708 5961919.4711)",111200,Puhoi Valley,236.54313963,236.54313963,-36.47696337595838,174.62518970022558,1745593.1707999958,5961919.471099417,1745593.1708,5961919.4711
"POINT (1749724.29525 5969485.49965)",111300,Warkworth East,4.21863212,4.21863212,-36.40814576887156,174.6698241201715,1749724.2952499995,5969485.499643088,1749724.29525,5969485.49965
"POINT (1752353.35265 5970491.21845)",111400,Sandspit,22.44555208,22.44555208,-36.39866934533641,174.69893619670415,1752353.3526499968,5970491.218443966,1752353.35265,5970491.21845
"POINT (1756646.31925 5974901.419)",111500,Tawharanui Peninsula,46.70405234,46.70405234,-36.35823778590499,174.7458997651677,1756646.3192460951,5974901.419,1756646.31925,5974901.419
"POINT (1733359.10605 5948011.49315)",111600,Te Kuru,80.93238578,80.93238578,-36.604084611059854,174.4910754802794,1733359.1060349275,5948011.4931499995,1733359.10605,5948011.49315
"POINT (1754782.06365 5968018.9205)",111700,Snells Beach,3.82727893,3.82727893,-36.42055949762178,174.72650147803722,1754782.0636499985,5968018.920485582,1754782.06365,5968018.9205
"POINT (1818163.8819 5990674.47735)",111800,Barrier Islands,320.40586223,320.40586223,-36.20418302122164,175.42666084238465,1818163.8819,5990674.47732948,1818163.8819,5990674.47735
"POINT (1756942.6932 5964580.2804)",111900,Algies Bay-Scotts Landing,15.36831152,15.36831152,-36.45119445086138,174.75128813651835,1756942.6932000003,5964580.280407976,1756942.6932,5964580.2804
"POINT (1809289.422 5988657.95775)",112000,Inlets other Auckland,0,123.14289892,-36.22430849956974,175.32856272939097,1809289.4220028964,5988657.957750003,1809289.422,5988657.95775
"POINT (1742467.11785 5949939.7666)",112100,Wainui-Waiwera,78.69959022,78.69959022,-36.585390406093055,174.5925195974454,1742467.1178352886,5949939.7666,1742467.11785,5949939.7666
"POINT (1728427.36935 5942021.95635)",112200,Parakai,1.45487644,1.45487644,-36.658740300148224,174.43695225159166,1728427.369350007,5942021.956348844,1728427.36935,5942021.95635
"POINT (1731653.43305 5935241.1157)",112300,Helensville Rural,56.92000174,56.92000174,-36.71940775001053,174.47420368231317,1731653.43305,5935241.115704503,1731653.43305,5935241.1157
"POINT (1730228.6495 5939894.1296)",112400,Helensville,3.36589337,3.36589337,-36.67767146912264,174.45746223809428,1730228.6495000003,5939894.129608141,1730228.6495,5939894.1296
"POINT (1741609.6043 5944068.7129)",112500,Waitoki,40.75614317,40.75614317,-36.63842546450105,174.58401947800456,1741609.6042999998,5944068.712911488,1741609.6043,5944068.7129
"POINT (1735446.99455 5936576.35835)",112600,Waikoukou Valley,52.85457437,52.85457437,-36.706841332028134,174.51643265319,1735446.99455,5936576.358333126,1735446.99455,5936576.35835
"POINT (1750059.688 5950321.05395)",112700,Orewa North,3.0420027,3.0420027,-36.58079060669895,174.67728408217394,1750059.6880048849,5950321.053950001,1750059.688,5950321.05395
"POINT (1751164.11975 5951556.6442)",112800,Hatfields Beach,0.92325465,0.92325465,-36.56948220723435,174.68938134374747,1751164.1197500012,5951556.644213542,1751164.11975,5951556.6442
"POINT (1750158.7378 5949301.6185)",112900,Orewa South,2.31157328,2.31157328,-36.58996134249584,174.678589724635,1750158.7377789672,5949301.6185,1750158.7378,5949301.6185
"POINT (1751538.30295 5949544.36245)",113000,Orewa Central,1.4528948,1.4528948,-36.58755579612534,174.69395767308635,1751538.3029500013,5949544.362429364,1751538.30295,5949544.36245
"POINT (1749532.45325 5947928.3351)",113100,Millwater North,1.75214746,1.75214746,-36.60243464655689,174.67185836873878,1749532.453263333,5947928.335100001,1749532.45325,5947928.3351
"POINT (1727272.9195 5928148.5726)",113200,Waipatukahu,52.05992298,52.05992298,-36.78392314172434,174.4263493339684,1727272.9195133601,5928148.5726,1727272.9195,5928148.5726
"POINT (1749364.1579 5946617.0199)",113300,Millwater South,2.41101686,2.41101686,-36.61427752801081,174.6702323006647,1749364.1579086,5946617.0199,1749364.1579,5946617.0199
"POINT (1748299.89425 5943603.7641)",113400,Dairy Flat North,22.96899875,22.96899875,-36.64159679515703,174.6589179344649,1748299.89425,5943603.764108055,1748299.89425,5943603.7641
"POINT (1744365.8167 5940903.7595)",113500,Dairy Flat West,30.9797789,30.9797789,-36.66653214990641,174.61543478662122,1744365.8166999994,5940903.759514699,1744365.8167,5940903.7595
"POINT (1750693.5673 5947442.25195)",113600,Kingsway,0.9031104,0.9031104,-36.606632002252596,174.68493051405216,1750693.567290652,5947442.251949999,1750693.5673,5947442.25195
"POINT (1740817.59755 5935894.35525)",113700,Riverhead Forest,48.42764364,48.42764364,-36.71220617316464,174.5766659988693,1740817.59755,5935894.355233895,1740817.59755,5935894.35525
"POINT (1749734.4691 5945428.3899)",113800,Silverdale Central (Auckland),3.3615473,3.3615473,-36.62493034224241,174.67460332918677,1749734.469088388,5945428.3899,1749734.4691,5945428.3899
"POINT (1751514.2946 5947010.37215)",113900,Red Beach West,1.83998365,1.83998365,-36.610393619656,174.69418872490118,1751514.294610654,5947010.37215,1751514.2946,5947010.37215
"POINT (1752533.53425 5947551.27625)",114000,Red Beach East,1.56445571,1.56445571,-36.605356969689346,174.70547365987537,1752533.5342500012,5947551.276247126,1752533.53425,5947551.27625
"POINT (1751248.66845 5945061.4673)",114100,Silverdale South (Auckland),10.18819656,10.18819656,-36.62799752072884,174.69160348330803,1751248.6684500002,5945061.467310779,1751248.66845,5945061.4673
"POINT (1733371.84005 5929055.8346)",114200,Waimauku,5.63271738,5.63271738,-36.77490806451074,174.49452061550357,1733371.8400480151,5929055.8346,1733371.84005,5929055.8346
"POINT (1765825.75725 5928991.5672)",114300,Gulf Islands,66.08078555,66.08078555,-36.77036383135361,174.85804588176558,1765825.7572506187,5928991.5671999995,1765825.75725,5928991.5672
"POINT (1753756.2308 5946260.84575)",114400,Vipond,1.38113819,1.38113819,-36.61678857467256,174.7193972411203,1753756.2308000145,5946260.845738545,1753756.2308,5946260.84575
"POINT (1727601.17545 5922957.93995)",114500,Muriwai,3.01225115,3.01225115,-36.830656470180784,174.4308973890117,1727601.1754500004,5922957.93994596,1727601.17545,5922957.93995
"POINT (1754534.02225 5945352.22325)",114600,Stanmore Bay West,0.98684481,0.98684481,-36.62485027131749,174.7282742186977,1754534.0222602142,5945352.22325,1754534.02225,5945352.22325
"POINT (1736087.18325 5928215.6359)",114700,Kumeu Rural West,24.43202628,24.43202628,-36.78209347526966,174.52508819881743,1736087.1832500044,5928215.635878566,1736087.18325,5928215.6359
"POINT (1752890.4635 5939971.02185)",114800,Okura Bush,28.98916806,28.98916806,-36.67360509680897,174.710973127207,1752890.4635000008,5939971.021867969,1752890.4635,5939971.02185
"POINT (1755118.51775 5944131.2245)",114900,Whangaparoa Central,3.69157782,3.69157782,-36.63575751986192,174.7350550756496,1755118.5177411183,5944131.2245000005,1755118.51775,5944131.2245
"POINT (1737973.4719 5929428.1175)",115000,Kumeu-Huapai,6.32167578,6.32167578,-36.77089436102159,174.54600084612184,1737973.4719000002,5929428.117510213,1737973.4719,5929428.1175
"POINT (1755743.60035 5944838.9048)",115100,Stanmore Bay East,1.33781836,1.33781836,-36.62927872928523,174.74190034678452,1755743.6003690036,5944838.9048,1755743.60035,5944838.9048
"POINT (1756472.6827 5944539.1007)",115200,Manly West,1.0323979,1.0323979,-36.63186071514628,174.75011236883472,1756472.6826999998,5944539.100720098,1756472.6827,5944539.1007
"POINT (1731136.30205 5924116.4463)",115300,Muriwai Valley-Bethells Beach,35.35002568,35.35002568,-36.8197326980547,174.4703281837349,1731136.302050002,5924116.446316746,1731136.30205,5924116.4463
"POINT (1758915.60875 5946250.6184)",115400,Tindalls-Matakatia,2.93347638,2.93347638,-36.616034378924134,174.77706998491587,1758915.608750002,5946250.61838069,1758915.60875,5946250.6184
"POINT (1746388.53155 5934674.44105)",115500,Coatesville,24.36637908,24.36637908,-36.722356651325356,174.63925193790968,1746388.5315499993,5934674.441052796,1746388.53155,5934674.44105
"POINT (1749847.7876 5937462.1103)",115600,Dairy Flat South,15.21710065,15.21710065,-36.696697267710974,174.6774274034429,1749847.7875932697,5937462.110300001,1749847.7876,5937462.1103
"POINT (1760256.4955 5946863.24795)",115700,Gulf Harbour North,1.75709588,1.75709588,-36.61028969291791,174.79193003454873,1760256.4954853547,5946863.24795,1760256.4955,5946863.24795
"POINT (1757511.5161 5944297.3948)",115800,Manly East,1.57463079,1.57463079,-36.63386743606669,174.76177612669832,1757511.516104347,5944297.3948,1757511.5161,5944297.3948
"POINT (1741203.30665 5930725.5031)",115900,Riverhead,4.04962102,4.04962102,-36.7587274384344,174.58193874548172,1741203.306654228,5930725.5031,1741203.30665,5930725.5031
"POINT (1762832.99555 5947247.80575)",116000,Army Bay,6.21560447,6.21560447,-36.606388020819594,174.8206449827931,1762832.9955407626,5947247.805749999,1762832.99555,5947247.80575
"POINT (1740573.8674 5928512.0389)",116100,Kumeu Rural East,14.922182,14.922182,-36.778767309861834,174.57529747147615,1740573.867400001,5928512.038912032,1740573.8674,5928512.0389
"POINT (1760509.11665 5945920.5073)",116200,Gulf Harbour South,2.42885442,2.67530904,-36.61874182991775,174.79495043941594,1760509.116648552,5945920.507300001,1760509.11665,5945920.5073
"POINT (1744127.0243 5930823.56705)",116300,Paremoremo West,9.47118769,9.47118769,-36.757403819708166,174.61466373568294,1744127.024300001,5930823.567068813,1744127.0243,5930823.56705
"POINT (1738717.665 5923927.00425)",116400,Taupaki,27.20364513,27.20364513,-36.820358520147956,174.55533893523958,1738717.6650104155,5923927.004249999,1738717.665,5923927.00425
"POINT (1755237.23695 5938131.14215)",116500,Long Bay,2.78767498,2.78767498,-36.689803647637284,174.73759760817208,1755237.2369512916,5938131.14215,1755237.23695,5938131.14215
"POINT (1748283.88455 5932078.31445)",116600,Paremoremo East,11.60727231,11.60727231,-36.74545629571385,174.66097198206484,1748283.8845624528,5932078.3144499995,1748283.88455,5932078.31445
"POINT (1751064.61275 5934905.59905)",116700,Albany Heights,3.1040105,3.1040105,-36.71954116113563,174.6915484138302,1751064.6127696205,5934905.59905,1751064.61275,5934905.59905
"POINT (1754445.3459 5937097.3364)",116800,Awaruku,1.52134522,1.52134522,-36.699248047124634,174.72894613089548,1754445.3458970636,5937097.3364,1754445.3459,5937097.3364
"POINT (1753277.18745 5935875.5175)",116900,Fairview Heights,1.60417495,1.60417495,-36.71044680416839,174.71611929437225,1753277.1874444922,5935875.5175,1753277.18745,5935875.5175
"POINT (1744666.75385 5927016.51215)",117000,Whenuapai,19.71742599,19.71742599,-36.791627583463196,174.6214306800511,1744666.75385,5927016.51214882,1744666.75385,5927016.51215
"POINT (1734364.55525 5913792.50545)",117100,Waitakere Ranges North,86.78672877,86.78672877,-36.91231393059658,174.508340859091,1734364.5552499997,5913792.505470319,1734364.55525,5913792.50545
"POINT (1756627.4129 5937437.78785)",117200,Torbay,1.43387594,1.43387594,-36.695823168287696,174.75329340551482,1756627.4129151937,5937437.78785,1756627.4129,5937437.78785
"POINT (1752253.97645 5934051.16355)",117300,Albany Central,3.21004275,3.21004275,-36.72705037163586,174.70503123418735,1752253.97645,5934051.16353949,1752253.97645,5934051.16355
"POINT (1750707.30145 5932379.9304)",117400,Albany West,2.0568627,2.0568627,-36.74235653416422,174.68804725468144,1750707.3014499997,5932379.93042315,1750707.30145,5932379.9304
"POINT (1755380.08905 5936774.029)",117500,Glamorgan,0.95916761,0.95916761,-36.70200888187741,174.73947146163215,1755380.0890521153,5936774.028999999,1755380.08905,5936774.029
"POINT (1753804.3377 5934962.08025)",117600,Oteha East,0.76499032,0.76499032,-36.71859236851615,174.7222027069182,1753804.3376999972,5934962.080230787,1753804.3377,5934962.08025
"POINT (1754588.77345 5935809.9346)",117700,Northcross,1.07077202,1.07077202,-36.71082518413931,174.7308112584632,1754588.7734500007,5935809.934608949,1754588.77345,5935809.9346
"POINT (1753368.40285 5934548.18695)",117800,Oteha West,0.52993903,0.52993903,-36.72239239038833,174.7174064295266,1753368.4028499976,5934548.186950659,1753368.40285,5934548.18695
"POINT (1755820.63115 5936298.21455)",117900,Waiake,1.24968182,1.24968182,-36.70622414779779,174.74449815995774,1755820.6311257023,5936298.21455,1755820.63115,5936298.21455
"POINT (1737460.121 5919832.5326)",118000,Waitakere,15.28859066,15.28859066,-36.857439024006204,174.54198438977136,1737460.1210190197,5919832.5326000005,1737460.121,5919832.5326
"POINT (1752432.24445 5932861.5313)",118100,Albany South,1.48565737,1.48565737,-36.73774132754232,174.70726417537824,1752432.2444417812,5932861.5313,1752432.24445,5932861.5313
"POINT (1754656.5512 5934550.7823)",118200,Browns Bay South West,1.1512757,1.1512757,-36.72216003420979,174.73182453010384,1754656.5511999987,5934550.782288426,1754656.5512,5934550.7823
"POINT (1755699.6886 5935389.983)",118300,Browns Bay Central,1.18285533,1.18285533,-36.714427768334595,174.74332963073658,1755699.6885981644,5935389.982999999,1755699.6886,5935389.983
"POINT (1750626.4954 5930846.94495)",118400,Schnapper Rock,2.21506337,2.21506337,-36.756182933257385,174.68744505402273,1750626.4953827276,5930846.944949999,1750626.4954,5930846.94495
"POINT (1754008.0057 5933525.41795)",118500,Pinehill,1.6290621,1.6290621,-36.731504764353794,174.72477186037545,1754008.0057237255,5933525.417950001,1754008.0057,5933525.41795
"POINT (1753116.7189 5931928.3641)",118600,North Harbour,5.48584296,5.48584296,-36.74603967692072,174.71511442252884,1753116.7188880239,5931928.3641,1753116.7189,5931928.3641
"POINT (1755272.2861 5934360.8732)",118700,Browns Bay South East,0.85588073,0.85588073,-36.723770741611915,174.73875516272486,1755272.2860999997,5934360.873196892,1755272.2861,5934360.8732
"POINT (1743280.696 5924556.70595)",118800,Westgate Central,1.8634278,1.8634278,-36.814004066199374,174.60636426040398,1743280.6960000005,5924556.705951602,1743280.696,5924556.70595
"POINT (1749405.93995 5928976.499)",118900,Greenhithe West,2.72153608,2.72153608,-36.773230496687276,174.6741431051688,1749405.9399499996,5928976.498977596,1749405.93995,5928976.499
"POINT (1756074.2054 5934373.1658)",119000,Rothesay Bay,0.86585503,0.86585503,-36.723528476681665,174.74772884881074,1756074.205415496,5934373.1658,1756074.2054,5934373.1658
"POINT (1750718.6137 5929987.2652)",119100,Greenhithe East,1.4377182,1.4377182,-36.763914757113625,174.68864648863797,1750718.6137087422,5929987.2652,1750718.6137,5929987.2652
"POINT (1745759.9128 5925592.51875)",119200,Hobsonville,2.17030652,2.17030652,-36.80429164713762,174.63395094999657,1745759.9127979013,5925592.51875,1745759.9128,5925592.51875
"POINT (1749008.95805 5924048.3028)",119300,Inlet Waitemata Harbour,0,79.38550786,-36.81770048866691,174.670660855581,1749008.958074245,5924048.3028,1749008.95805,5924048.3028
"POINT (1751190.33635 5929118.6659)",119400,Greenhithe South,3.64464938,3.64464938,-36.77166644001591,174.69410177972213,1751190.3363250003,5929118.665911084,1751190.33635,5929118.6659
"POINT (1755529.1066 5933480.2629)",119500,Murrays Bay West,0.95621433,0.95621433,-36.73166358755098,174.74180911550317,1755529.1066008937,5933480.2628999995,1755529.1066,5933480.2629
"POINT (1743293.92435 5923146.70105)",119600,Westgate South,1.70943917,1.70943917,-36.82670782756522,174.60677817077308,1743293.9243398183,5923146.70105,1743293.92435,5923146.70105
"POINT (1755042.8047 5932549.39715)",119700,Windsor Park,0.8358418,0.8358418,-36.74013089053374,174.7365541400725,1755042.8047055912,5932549.397150001,1755042.8047,5932549.39715
"POINT (1744614.9806 5924163.2846)",119800,West Harbour West,1.92694116,1.92694116,-36.81734623573929,174.62139271509258,1744614.9805938606,5924163.284600001,1744614.9806,5924163.2846
"POINT (1752686.5454 5930473.6269)",119900,Unsworth Heights West,0.74886125,0.74886125,-36.75921733242033,174.7105889173831,1752686.5454131956,5930473.6269000005,1752686.5454,5930473.6269
"POINT (1756451.88685 5933496.05915)",120000,Murrays Bay East,0.69822471,0.69822471,-36.73136958242,174.75213595593138,1756451.886849986,5933496.05915259,1756451.88685,5933496.05915
"POINT (1741332.9194 5920667.03705)",120100,Birdwood West,5.93627497,5.93627497,-36.84934770011141,174.585257995635,1741332.9193999998,5920667.037041563,1741332.9194,5920667.03705
"POINT (1748238.4104 5926364.5462)",120200,Hobsonville Point,3.52144715,3.52144715,-36.79695005046325,174.66157376314158,1748238.410399999,5926364.546201523,1748238.4104,5926364.5462
"POINT (1746314.65905 5925104.8956)",120300,West Harbour Clearwater Cove,1.35746453,1.67756469,-36.80860004044199,174.64026102346986,1746314.659069844,5925104.8956,1746314.65905,5925104.8956
"POINT (1753471.939 5930697.01745)",120400,Unsworth Heights East,1.10860017,1.10860017,-36.75707761317961,174.71933937139443,1753471.9389999982,5930697.017426478,1753471.939,5930697.01745
"POINT (1756111.22355 5932655.3618)",120500,Mairangi Bay North,0.92459866,0.92459866,-36.73900088650187,174.74849424592637,1756111.2235670863,5932655.3618,1756111.22355,5932655.3618
"POINT (1743235.3682 5921908.7103)",120600,Massey Central,0.88432115,0.88432115,-36.83787239678971,174.606355094971,1743235.3681944972,5921908.7103,1743235.3682,5921908.7103
"POINT (1746020.3135 5924005.01895)",120700,West Harbour Luckens Point,0.9837843,0.9837843,-36.818556515600314,174.63717358168827,1746020.3134792938,5924005.01895,1746020.3135,5924005.01895
"POINT (1756051.5557 5932142.1673)",120800,Mairangi Bay South,0.80141736,0.80141736,-36.7436349011287,174.74793111484848,1756051.5557055988,5932142.1673,1756051.5557,5932142.1673
"POINT (1743747.4585 5922178.1324)",120900,Massey Royal Road West,0.89641575,0.89641575,-36.835366882041924,174.61204505862707,1743747.458500107,5922178.1324000005,1743747.4585,5922178.1324
"POINT (1752844.0523 5929211.67765)",121000,Bayview East,1.37467383,1.37467383,-36.770563062799525,174.71260570395523,1752844.052308264,5929211.67765,1752844.0523,5929211.67765
"POINT (1739700.22255 5917396.0793)",121100,Swanson Rural,15.14616226,15.14616226,-36.8790659100315,174.56755326841008,1739700.2225650093,5917396.079299999,1739700.22255,5917396.0793
"POINT (1754907.08065 5930974.4304)",121200,Sunnynook South,0.80161344,0.80161344,-36.754344563933905,174.73535421917512,1754907.0806500004,5930974.430411179,1754907.08065,5930974.4304
"POINT (1755511.52385 5931198.4163)",121300,Sunnynook North,0.7444556,0.7444556,-36.75222737858715,174.74207704366145,1755511.5238499586,5931198.416290043,1755511.52385,5931198.4163
"POINT (1752133.6398 5928661.2164)",121400,Bayview West,0.73396896,0.73396896,-36.775637451593205,174.70475864235817,1752133.63981442,5928661.216399999,1752133.6398,5928661.2164
"POINT (1754366.57765 5930411.09135)",121500,Totara Vale North,0.86626722,0.86626722,-36.75950877393737,174.72941569319116,1754366.577652192,5930411.09135,1754366.57765,5930411.09135
"POINT (1745253.71465 5922862.3772)",121600,Royal Heights North,1.49511593,1.49511593,-36.828970924370054,174.6287999322672,1745253.7146384495,5922862.3772,1745253.71465,5922862.3772
"POINT (1743166.0316 5920849.1626)",121700,Massey West,1.1849268,1.1849268,-36.847430610497334,174.60577744541195,1743166.031594013,5920849.162599999,1743166.0316,5920849.1626
"POINT (1750369.44265 5926687.28595)",121800,Beach Haven West,1.20746626,1.20746626,-36.79370585058605,174.6853870206318,1750369.44265,5926687.2859606445,1750369.44265,5926687.28595
"POINT (1753863.1487 5929726.9104)",121900,Totara Vale South,0.89613967,0.89613967,-36.76575555630385,174.72391596163806,1753863.148705901,5929726.9103999995,1753863.1487,5929726.9104
"POINT (1740963.4979 5919105.66435)",122000,Swanson,1.89457503,1.89457503,-36.86347272932555,174.58140572930466,1740963.4978879234,5919105.664350001,1740963.4979,5919105.66435
"POINT (1751865.7474 5928225.2463)",122100,Bayview South,0.9336175,0.9336175,-36.77960885664011,174.70184480128333,1751865.747412723,5928225.2463,1751865.7474,5928225.2463
"POINT (1756755.5457 5931452.87685)",122200,Campbells Bay,1.74294504,1.74294504,-36.74972973454541,174.75595469279446,1756755.5457000001,5931452.876838343,1756755.5457,5931452.87685
"POINT (1745193.0889 5922136.91175)",122300,Royal Heights South,1.13131504,1.13131504,-36.835517428925186,174.62825893170677,1745193.0889029317,5922136.91175,1745193.0889,5922136.91175
"POINT (1751112.6925 5926663.41235)",122400,Beach Haven East,1.1210382,1.1210382,-36.79380265186125,174.69371903532723,1751112.6924999992,5926663.412357517,1751112.6925,5926663.41235
"POINT (1744412.2291 5921440.0106)",122500,Massey East,1.14447088,1.14447088,-36.84191684157661,174.6196376594416,1744412.2290964515,5921440.010600001,1744412.2291,5921440.0106
"POINT (1755855.14205 5930676.66035)",122600,Forrest Hill North,0.73736716,0.73736716,-36.75687230674384,174.7460312872719,1755855.1420500004,5930676.660347202,1755855.14205,5930676.66035
"POINT (1754103.8722 5928770.0555)",122700,Glenfield North,0.80678426,0.80678426,-36.77433835886465,174.72680536278224,1754103.8722000006,5928770.055513255,1754103.8722,5928770.0555
"POINT (1751774.2015 5926757.99055)",122800,Birkdale North,1.38573759,1.38573759,-36.79284463333293,174.70111163022304,1751774.2014999995,5926757.990529034,1751774.2015,5926757.99055
"POINT (1744064.57615 5920400.40535)",122900,Massey South,1.38681668,1.38681668,-36.85133784497972,174.6159371891003,1744064.5761719416,5920400.405350001,1744064.57615,5920400.40535
"POINT (1742939.82765 5919557.0798)",123000,Ranui North,1.02921375,1.02921375,-36.85910795581929,174.60348443388875,1742939.8276316132,5919557.0798,1742939.82765,5919557.0798
"POINT (1753210.768 5927716.9845)",123100,Glenfield West,0.97017189,0.97017189,-36.783972096508336,174.71701350770883,1753210.7680000004,5927716.984491006,1753210.768,5927716.9845
"POINT (1746688.29445 5922356.60985)",123200,Te Atatu Peninsula North West,1.11265303,1.11265303,-36.83330694426769,174.64497817564313,1746688.2944500009,5922356.609864255,1746688.29445,5922356.60985
"POINT (1752948.21855 5927038.4112)",123300,Glenfield South West,1.19104281,1.19104281,-36.79012895140211,174.7142085808429,1752948.2185500003,5927038.411199541,1752948.21855,5927038.4112
"POINT (1755668.1428 5929389.57595)",123400,Forrest Hill West,1.23523515,1.23523515,-36.768500432072344,174.7441999141958,1755668.1428,5929389.575934878,1755668.1428,5929389.57595
"POINT (1755329.2113 5928910.49015)",123500,Wairau Valley,2.56369966,2.56369966,-36.77287289289877,174.7405015150912,1755329.2113,5928910.490150904,1755329.2113,5928910.49015
"POINT (1756408.80335 5929881.6739)",123600,Forrest Hill East,0.9244951,0.9244951,-36.76394441783364,174.75239428084367,1756408.8033499997,5929881.673899638,1756408.80335,5929881.6739
"POINT (1757316.49135 5930349.29455)",123700,Castor Bay,1.44371216,1.44371216,-36.759580714823265,174.76246316365535,1757316.4913500007,5930349.29457227,1757316.49135,5930349.29455
"POINT (1742905.12675 5918934.5126)",123800,Ranui Domain,0.87018239,0.87018239,-36.864723222134195,174.60321251977433,1742905.1267304558,5918934.512599999,1742905.12675,5918934.5126
"POINT (1751071.001 5925262.8474)",123900,Beach Haven South,1.34268059,1.34268059,-36.80642949519076,174.69352984569446,1751071.0010127416,5925262.8474,1751071.001,5925262.8474
"POINT (1754111.5617 5927607.6206)",124000,Glenfield Central,1.12786016,1.12786016,-36.784811412622616,174.72712655803792,1754111.561699999,5927607.6206026925,1754111.5617,5927607.6206
"POINT (1731355.8167 5908142.0452)",124100,Piha,5.23829056,5.23829056,-36.96365719907844,174.47555745803982,1731355.8166999999,5908142.04517822,1731355.8167,5908142.0452
"POINT (1742062.98895 5918186.0429)",124200,Ranui South West,0.73694043,0.73694043,-36.87159482853111,174.5939082797856,1742062.9889378503,5918186.042900001,1742062.98895,5918186.0429
"POINT (1744176.24635 5919352.24405)",124300,Henderson Larnoch,0.96975579,0.96975579,-36.86076584466709,174.61738836097325,1744176.2463499978,5919352.244048899,1744176.24635,5919352.24405
"POINT (1752408.5829 5926123.2713)",124400,Birkdale South,1.40730185,1.40730185,-36.798462023446405,174.70834605980147,1752408.5829000003,5926123.2712927405,1752408.5829,5926123.2713
"POINT (1747276.539 5921935.3612)",124500,Te Atatu Peninsula Central,1.11352305,1.11352305,-36.83701134421122,174.65165396014896,1747276.5389999887,5921935.361210844,1747276.539,5921935.3612
"POINT (1754767.3724 5928056.59035)",124600,Glenfield East,0.61850976,0.61850976,-36.78065899206543,174.7343819812206,1754767.3724183599,5928056.59035,1754767.3724,5928056.59035
"POINT (1740083.4521 5914627.27595)",124700,Henderson Valley,15.03555201,15.03555201,-36.90395933705349,174.57236372953034,1740083.452101781,5914627.27595,1740083.4521,5914627.27595
"POINT (1746900.72365 5920763.37555)",124800,Te Atatu Peninsula West,1.42485166,1.42485166,-36.847630497063506,174.64766752219202,1746900.7236378584,5920763.37555,1746900.72365,5920763.37555
"POINT (1745009.3205 5919491.35835)",124900,Henderson Lincoln West,0.89798142,0.89798142,-36.859384766150704,174.62670391019168,1745009.3204999985,5919491.358346926,1745009.3205,5919491.35835
"POINT (1742925.03365 5918028.5384)",125000,Ranui South East,0.94515527,0.94515527,-36.87288402442173,174.60360643157003,1742925.0336599906,5918028.5384,1742925.03365,5918028.5384
"POINT (1745675.8332 5919774.66785)",125100,Henderson Lincoln East,1.94435987,1.94435987,-36.85672932502157,174.63412367879727,1745675.8332,5919774.667874148,1745675.8332,5919774.66785
"POINT (1753190.55075 5925519.37785)",125200,Birkenhead West,2.26151071,2.26151071,-36.803777306300795,174.71722908256143,1753190.5507525355,5925519.37785,1753190.55075,5925519.37785
"POINT (1747635.2202 5920527.4428)",125300,Te Atatu Peninsula East,1.80979818,1.80979818,-36.84964200477811,174.65594852521642,1747635.2202000003,5920527.44278338,1747635.2202,5920527.4428
"POINT (1757037.41985 5928938.01325)",125400,Milford West,0.83343918,0.83343918,-36.77234336332119,174.75962859059064,1757037.4198500006,5928938.013226559,1757037.41985,5928938.01325
"POINT (1756553.19675 5928498.8522)",125500,Westlake,0.68702661,0.68702661,-36.776380556557264,174.7542952970758,1756553.1967500001,5928498.852220158,1756553.19675,5928498.8522
"POINT (1755551.77975 5927077.6099)",125600,Hillcrest North (Auckland),0.979803,0.979803,-36.78935169793377,174.74336853580797,1755551.7797554233,5927077.6099,1755551.77975,5927077.6099
"POINT (1744729.3161 5918559.1186)",125700,Henderson Lincoln South,1.35507644,1.35507644,-36.86782812638486,174.62374176727846,1744729.3160819793,5918559.1186,1744729.3161,5918559.1186
"POINT (1754333.0428 5926037.08265)",125800,Hillcrest West (Auckland),0.88492421,0.88492421,-36.79892688395408,174.7299259100306,1754333.0428000009,5926037.082663855,1754333.0428,5926037.08265
"POINT (1757833.71455 5928954.75215)",125900,Milford Central,0.74357209,0.74357209,-36.772060249449595,174.76854388318506,1757833.7145500001,5928954.75215722,1757833.71455,5928954.75215
"POINT (1743111.1092 5916853.8741)",126000,Summerland South,1.33401073,1.33401073,-36.88344081577654,174.60591510364176,1743111.1091999996,5916853.874111494,1743111.1092,5916853.8741
"POINT (1743747.7257 5917609.58455)",126100,Summerland North,0.8509171,0.8509171,-36.87653434262647,174.6129130481139,1743747.7256999998,5917609.584562222,1743747.7257,5917609.58455
"POINT (1754943.5143 5926462.3845)",126200,Hillcrest East (Auckland),1.06377776,1.06377776,-36.79499495322618,174.73667932196398,1754943.5143000009,5926462.384478222,1754943.5143,5926462.3845
"POINT (1752607.31785 5923897.9438)",126300,Chatswood,3.06708747,3.06708747,-36.81848175021094,174.7110190250331,1752607.3178492067,5923897.943799999,1752607.31785,5923897.9438
"POINT (1746345.49375 5919065.0745)",126400,Te Atatu South-Edmonton,1.06450047,1.06450047,-36.86301992752596,174.64176963003118,1746345.49375,5919065.074502621,1746345.49375,5919065.0745
"POINT (1753877.3882 5925046.7773)",126500,Birkenhead North,1.01183016,1.01183016,-36.80792433024801,174.725020751481,1753877.388210005,5925046.777300002,1753877.3882,5925046.7773
"POINT (1757241.95275 5926828.0403)",126600,Takapuna West,2.34723638,2.34723638,-36.7913213308755,174.76235481848047,1757241.9527250002,5926828.040308487,1757241.95275,5926828.0403
"POINT (1744925.87745 5917528.85205)",126700,Henderson North,1.39367118,1.39367118,-36.87708169691608,174.6261430407063,1744925.87745,5917528.852070253,1744925.87745,5917528.85205
"POINT (1757828.29045 5927801.9633)",126800,Takapuna Central,0.98523807,2.05181153,-36.782448313374694,174.7687218402245,1757828.2904621752,5927801.963275,1757828.29045,5927801.9633
"POINT (1743702.16635 5916314.72785)",126900,Western Heights (Auckland),1.35847366,1.35847366,-36.88820926974559,174.61264744200622,1743702.1663498338,5916314.727869185,1743702.16635,5916314.72785
"POINT (1747007.82475 5918971.87675)",127000,Te Atatu South-Central,1.36320986,1.36320986,-36.863756869804895,174.64921521984363,1747007.8247499997,5918971.876736749,1747007.82475,5918971.87675
"POINT (1755709.82875 5926081.3993)",127100,Northcote Central (Auckland),0.68691447,0.68691447,-36.798302131566274,174.7453428312103,1755709.8287728957,5926081.3993,1755709.82875,5926081.3993
"POINT (1756537.21905 5926404.83135)",127200,Akoranga,1.16291081,1.16291081,-36.795251409602045,174.75454657666285,1756537.21905,5926404.831369977,1756537.21905,5926404.83135
"POINT (1754955.4854 5925160.62375)",127300,Northcote South (Auckland),1.14036773,1.14036773,-36.80672261223376,174.73707840314913,1754955.4853802547,5925160.62375,1754955.4854,5925160.62375
"POINT (1754507.24945 5924088.82595)",127400,Birkenhead South,1.3616869,1.3616869,-36.81645341610831,174.73227332451924,1754507.2494685831,5924088.82595,1754507.24945,5924088.82595
"POINT (1745182.2727 5916126.1116)",127500,Henderson Central,2.01570574,2.01570574,-36.889682330413976,174.62928747491137,1745182.2727,5916126.111617213,1745182.2727,5916126.1116
"POINT (1741611.49925 5912663.72025)",127600,Waiatarua,11.2903331,11.2903331,-36.92142490305547,174.58987657085885,1741611.4992602791,5912663.72025,1741611.49925,5912663.72025
"POINT (1747235.6682 5918086.96295)",127700,Te Atatu South-McLeod North,1.00774864,1.00774864,-36.87169522694847,174.6519420399792,1747235.668200794,5918086.962950001,1747235.6682,5918086.96295
"POINT (1744054.1752 5915881.03425)",127800,Henderson Valley Park,0.74972535,0.74972535,-36.89206361316911,174.61667873940348,1744054.1751999995,5915881.034234196,1744054.1752,5915881.03425
"POINT (1746019.4186 5917384.6068)",127900,Henderson North East,0.80085975,0.80085975,-36.87821297251604,174.63843636717706,1746019.4186164734,5917384.606799999,1746019.4186,5917384.6068
"POINT (1737146.12265 5904846.6084)",128000,Waitakere Ranges South,101.55291731,101.55291731,-36.99252701446253,174.5411795743413,1737146.1226376158,5904846.6084,1737146.12265,5904846.6084
"POINT (1756237.6807 5925013.00745)",128100,Northcote Tuff Crater,1.11349965,1.21439161,-36.80784192363274,174.75147627169437,1756237.680693199,5925013.007449999,1756237.6807,5925013.00745
"POINT (1755468.92475 5924296.4248)",128200,Northcote Point (Auckland),1.17316393,1.17316393,-36.81442530968806,174.74300830144384,1755468.9247500007,5924296.42479714,1755468.92475,5924296.4248
"POINT (1744416.5711 5915120.2028)",128300,McLaren Park,1.08839966,1.08839966,-36.89886404610851,174.62088933347897,1744416.5710956552,5915120.2028,1744416.5711,5915120.2028
"POINT (1746022.9588 5916515.564)",128400,Henderson East,0.79307011,0.79307011,-36.88604329391448,174.63864343687007,1746022.9588000006,5916515.563990714,1746022.9588,5916515.564
"POINT (1747067.17065 5916934.1849)",128500,Te Atatu South-McLeod South,1.10520842,1.10520842,-36.882109016831144,174.65027579109878,1747067.1706500035,5916934.184900241,1747067.17065,5916934.1849
"POINT (1758858.1354 5926362.85115)",128600,Takapuna South,0.50772238,0.50772238,-36.79524313393242,174.78055799408074,1758858.135420722,5926362.8511500005,1758858.1354,5926362.85115
"POINT (1749344.81515 5917033.04835)",128700,Rosebank Peninsula,2.36295011,2.36295011,-36.880860558726866,174.67580445404695,1749344.8151500006,5917033.0483360095,1749344.81515,5917033.04835
"POINT (1758587.17785 5925741.13805)",128800,Hauraki,1.09538224,1.09538224,-36.800890429061724,174.7776517899505,1758587.1778681274,5925741.138049999,1758587.17785,5925741.13805
"POINT (1747109.2424 5916098.09535)",128900,Glendene North,1.40683624,1.40683624,-36.88963633953776,174.65090995241678,1747109.2423840833,5916098.095349999,1747109.2424,5916098.09535
"POINT (1745283.7303 5914670.2881)",129000,Sunnyvale West-Parrs Park,0.84167882,0.84167882,-36.90278503489535,174.63070478901426,1745283.7303000009,5914670.288122291,1745283.7303,5914670.2881
"POINT (1746442.87095 5915151.09435)",129100,Sunnyvale East,2.66155376,2.66155376,-36.898273294975,174.6436175133751,1746442.870949999,5915151.094358063,1746442.87095,5915151.09435
"POINT (1751547.6358 5918676.98)",129200,Point Chevalier West,1.3721462,1.3721462,-36.86569659105311,174.70018415973252,1751547.635799999,5918676.9800171275,1751547.6358,5918676.98
"POINT (1759452.80385 5925302.7877)",129300,Belmont (Auckland),1.15328718,1.15328718,-36.80469470811397,174.7874423988684,1759452.8038671897,5925302.787699999,1759452.80385,5925302.7877
"POINT (1758239.84675 5924139.2473)",129400,Bayswater,1.09695276,1.2049067,-36.81538220874428,174.77409322144692,1758239.8467470524,5924139.2473,1758239.84675,5924139.2473
"POINT (1747774.2362 5915784.5453)",129500,Glendene South,1.09874685,1.09874685,-36.892357774670984,174.65843103925712,1747774.2362000172,5915784.545291042,1747774.2362,5915784.5453
"POINT (1745058.6822 5913493.6049)",129600,Glen Eden West,1.15462161,1.15462161,-36.9134226715601,174.6284051144781,1745058.6821999988,5913493.604890142,1745058.6822,5913493.6049
"POINT (1754423.26735 5920898.3681)",129700,Herne Bay,0.87757898,0.87757898,-36.84521493489288,174.7319802534442,1754423.2673355378,5920898.368100001,1754423.26735,5920898.3681
"POINT (1753227.3371 5919943.25935)",129800,Westmere North,0.64508194,0.64508194,-36.85401566864062,174.7187651413417,1753227.337097566,5919943.25935,1753227.3371,5919943.25935
"POINT (1752789.73915 5918509.90535)",129900,Point Chevalier East,1.3805701,1.3805701,-36.867001908385625,174.7141470788255,1752789.7391500003,5918509.905342427,1752789.73915,5918509.90535
"POINT (1743494.25395 5909364.6713)",130000,Oratia,17.18938364,17.18938364,-36.95086772381347,174.61163276639266,1743494.2539499993,5909364.671316217,1743494.25395,5909364.6713
"POINT (1745886.11905 5913460.7623)",130100,Glen Eden Rosier,1.2449007,1.2449007,-36.91359094242017,174.6376966750858,1745886.1190500003,5913460.7622786965,1745886.11905,5913460.7623
"POINT (1755894.0229 5921269.9259)",130200,Saint Marys Bay,0.84151164,1.50811645,-36.841625589791946,174.74839276439786,1755894.0228999997,5921269.925877385,1755894.0229,5921269.9259
"POINT (1753254.06595 5919301.04245)",130300,Westmere South-Western Springs,2.0239517,2.0239517,-36.859798079604346,174.7191944783408,1753254.0659364066,5919301.04245,1753254.06595,5919301.04245
"POINT (1754499.0615 5920353.98075)",130400,Ponsonby West,0.64759435,0.64759435,-36.85010776554595,174.73294072591494,1754499.0614995928,5920353.98075,1754499.0615,5920353.98075
"POINT (1748449.0088 5915456.2982)",130500,Kelston North,0.96688837,0.96688837,-36.89520961191922,174.66606523128198,1748449.0087954924,5915456.2982,1748449.0088,5915456.2982
"POINT (1749819.5642 5916149.4012)",130600,Avondale Rosebank,1.02743184,1.02743184,-36.88874761851699,174.68130417221914,1749819.5642000004,5916149.401193498,1749819.5642,5916149.4012
"POINT (1760248.3072 5924186.3326)",130700,Narrow Neck,1.82165846,1.82165846,-36.814619936770946,174.79659100751775,1760248.3071796803,5924186.3326,1760248.3072,5924186.3326
"POINT (1747451.0519 5914198.25745)",130800,Glen Eden North,0.73469348,0.73469348,-36.906702077102864,174.65511414484715,1747451.0519000003,5914198.257443584,1747451.0519,5914198.25745
"POINT (1746337.26615 5913263.66015)",130900,Glen Eden Woodglen,1.30115218,1.30115218,-36.91529708295504,174.64279739897052,1746337.2661500005,5913263.660146148,1746337.26615,5913263.66015
"POINT (1748075.114 5914609.77515)",131000,Kelston South,0.83674884,0.83674884,-36.90289620317038,174.66203601368767,1748075.1140000005,5914609.775151933,1748075.114,5914609.77515
"POINT (1751479.97735 5917084.89875)",131100,Waterview,1.11624628,1.11624628,-36.880053126635644,174.69974332937383,1751479.97735,5917084.898738403,1751479.97735,5917084.89875
"POINT (1755297.21815 5920184.8595)",131200,Ponsonby East,0.70309347,0.70309347,-36.85150080061756,174.7419240959181,1755297.2181499968,5920184.859483216,1755297.21815,5920184.8595
"POINT (1756772.5204 5921272.86265)",131300,Wynyard-Viaduct,0.60002221,0.71686997,-36.8414538416325,174.75824053920095,1756772.5203958685,5921272.86265,1756772.5204,5921272.86265
"POINT (1759299.30205 5922853.61915)",131400,Stanley Point,0.99135758,0.99135758,-36.82678834292144,174.7862352728593,1759299.3020331431,5922853.619149999,1759299.30205,5922853.61915
"POINT (1747172.4242 5913175.86895)",131500,Glen Eden Central,1.24685079,1.24685079,-36.91595814645747,174.6521865051914,1747172.4241999998,5913175.868958397,1747172.4242,5913175.86895
"POINT (1754786.35965 5919394.5599)",131600,Grey Lynn North,0.7250584,0.7250584,-36.858705613792104,174.7363574495711,1754786.35965,5919394.559885534,1754786.35965,5919394.5599
"POINT (1750112.9338 5915536.00185)",131700,Avondale West (Auckland),0.73982009,0.73982009,-36.89422814661954,174.6847166234141,1750112.9337999998,5915536.0018501375,1750112.9338,5915536.00185
"POINT (1756066.2758 5920125.2923)",131800,Freemans Bay,1.03531949,1.03531949,-36.851910824377725,174.75055898750796,1756066.2758000004,5920125.292276533,1756066.2758,5920125.2923
"POINT (1752249.06965 5916985.4786)",131900,Mount Albert West,1.39102343,1.39102343,-36.880825230651325,174.70838972954073,1752249.0696500014,5916985.478600437,1752249.06965,5916985.4786
"POINT (1755436.3004 5917571.2933)",136200,Eden Park,0.50617462,0.50617462,-36.87502734493217,174.74401874491255,1755436.3004245958,5917571.2933,1755436.3004,5917571.2933
"POINT (1751134.054 5916045.03595)",132000,Avondale North (Auckland),1.23589475,1.23589475,-36.88947840894637,174.69607059289723,1751134.0539945383,5916045.0359499995,1751134.054,5916045.03595
"POINT (1754604.98875 5918678.1369)",132100,Grey Lynn West,0.80088144,0.80088144,-36.865190641720304,174.7344696500116,1754604.9887499965,5918678.136888413,1754604.98875,5918678.1369
"POINT (1753138.29345 5917483.0983)",132200,Mount Albert North,1.51386859,1.51386859,-36.87619756174544,174.7182631794386,1753138.293442896,5917483.0983,1753138.29345,5917483.0983
"POINT (1749120.26795 5914541.15595)",132300,New Lynn North,0.73911386,0.73911386,-36.903349848727515,174.6737760861799,1749120.2679665214,5914541.15595,1749120.26795,5914541.15595
"POINT (1756592.33225 5920370.97885)",132400,Victoria Park,0.44804587,0.44804587,-36.84961005790542,174.7564064663122,1756592.33225,5920370.978841916,1756592.33225,5920370.97885
"POINT (1746194.165 5911653.86725)",132500,Konini,1.97177354,1.97177354,-36.929824869153364,174.64150252894873,1746194.1649999998,5911653.867230008,1746194.165,5911653.86725
"POINT (1749017.2857 5914108.97425)",132600,New Lynn North West,0.68978188,0.68978188,-36.907260394428995,174.6727056594482,1749017.2856776204,5914108.97425,1749017.2857,5914108.97425
"POINT (1757164.01305 5920555.70465)",132700,Hobson Ridge North,0.14928093,0.14928093,-36.84785070586428,174.76277770599896,1757164.0130499997,5920555.7046561055,1757164.01305,5920555.70465
"POINT (1755416.11445 5918930.82435)",132800,Grey Lynn Central,0.7119262,0.7119262,-36.86278069021883,174.7435138767572,1755416.1144500012,5918930.824337335,1755416.11445,5918930.82435
"POINT (1748204.3547 5913189.7817)",132900,Fruitvale,0.85234856,0.85234856,-36.91567112095401,174.6637640109796,1748204.3546785577,5913189.7817,1748204.3547,5913189.7817
"POINT (1760301.8624 5922785.76605)",133000,Devonport,1.07887214,1.07887214,-36.827230326943436,174.79748635698937,1760301.8623999995,5922785.766038069,1760301.8624,5922785.76605
"POINT (1751237.11165 5915237.92065)",133100,Avondale Central (Auckland),1.11579058,1.11579058,-36.89673451226345,174.69738774543814,1751237.1116320193,5915237.920625,1751237.11165,5915237.92065
"POINT (1757389.1449 5920562.8255)",133200,Queen Street,0.1684386,0.1684386,-36.8477490788785,174.76530025894277,1757389.1449000002,5920562.8254981,1757389.1449,5920562.8255
"POINT (1757624.0751 5920977.1816)",133300,Quay Street-Customs Street,1.21741902,1.21741902,-36.8439764274533,174.76784815237238,1757624.0750838788,5920977.181600001,1757624.0751,5920977.1816
"POINT (1756968.6924 5920246.3923)",133400,Hobson Ridge Central,0.0633195,0.0633195,-36.85067019241633,174.76065182447377,1756968.6923985127,5920246.3923,1756968.6924,5920246.3923
"POINT (1755953.4396 5919002.21495)",133500,Grey Lynn East,0.5797946,0.5797946,-36.86204886784761,174.74952456630382,1755953.4396000002,5919002.214952236,1755953.4396,5919002.21495
"POINT (1754359.47265 5917769.07885)",133600,Morningside (Auckland),1.09391527,1.09391527,-36.87342186631251,174.73190135953945,1754359.4726500004,5917769.078841837,1754359.47265,5917769.07885
"POINT (1757639.9061 5920680.03055)",133700,Shortland Street,0.12741288,0.12741288,-36.84665122588765,174.7680872943174,1757639.9061000007,5920680.030529896,1757639.9061,5920680.03055
"POINT (1756739.08085 5919827.34435)",133800,Hobson Ridge South,0.13681235,0.13681235,-36.85448409376497,174.75816396496234,1756739.08085,5919827.344356811,1756739.08085,5919827.34435
"POINT (1750135.02705 5914003.05245)",133900,New Lynn Central,1.17411458,1.17411458,-36.90803753380871,174.68526829082975,1750135.0270686827,5914003.052449999,1750135.02705,5914003.05245
"POINT (1761042.1473 5923018.66955)",134000,Cheltenham,0.81539284,0.81539284,-36.82500605863632,174.80573420858482,1761042.147296327,5923018.66955,1761042.1473,5923018.66955
"POINT (1757047.6581 5919829.01845)",134100,Queen Street South West,0.22878128,0.22878128,-36.85441776992717,174.7616234878052,1757047.6581000001,5919829.018473601,1757047.6581,5919829.01845
"POINT (1753520.3049 5916703.76795)",134200,Mount Albert Central,1.31350826,1.31350826,-36.883157698095346,174.72270548667714,1753520.304899999,5916703.76793511,1753520.3049,5916703.76795
"POINT (1756604.709 5919299.84645)",134300,Karangahape,0.2856605,0.2856605,-36.859259341407245,174.7567661503334,1756604.709001604,5919299.846449999,1756604.709,5919299.84645
"POINT (1755948.0807 5918289.7458)",134400,Kingsland,0.77206873,0.77206873,-36.86846939949295,174.74961088311127,1755948.0807218999,5918289.7458,1755948.0807,5918289.7458
"POINT (1758002.6426 5920568.6182)",134500,Anzac Avenue,0.10247702,0.10247702,-36.847594516995414,174.77217715242725,1758002.6425999994,5920568.618224081,1758002.6426,5920568.6182
"POINT (1745487.5528 5909859.8224)",134600,Waima-Woodlands Park,3.48423582,3.48423582,-36.9461001054796,174.63391664299795,1745487.5528020426,5909859.8224,1745487.5528,5909859.8224
"POINT (1747484.87455 5911565.05895)",134700,Kaurilands,1.46065432,1.46065432,-36.9304239590956,174.65600675547392,1747484.8745499996,5911565.058956019,1747484.87455,5911565.05895
"POINT (1757722.2872 5920158.9533)",134800,Auckland-University,0.34902817,0.34902817,-36.85133257059512,174.7691190892394,1757722.2872000067,5920158.953280811,1757722.2872,5920158.9533
"POINT (1748937.6251 5912955.4703)",134900,New Lynn Seabrook,0.72255598,0.72255598,-36.91766687391609,174.67203873746442,1748937.625083399,5912955.4703,1748937.6251,5912955.4703
"POINT (1751505.97835 5914457.9403)",135000,Avondale South (Auckland),1.17694473,1.17694473,-36.903719462966194,174.70056011192082,1751505.978340597,5914457.940299984,1751505.97835,5914457.9403
"POINT (1757431.1408 5919758.94535)",135100,Symonds Street North West,0.08720836,0.08720836,-36.8549853359663,174.76593773721845,1757431.140800001,5919758.945366159,1757431.1408,5919758.94535
"POINT (1752958.7423 5916060.8419)",135200,Mount Albert South,0.83111669,0.83111669,-36.889041984909625,174.71653628863152,1752958.7423092993,5916060.8419,1752958.7423,5916060.8419
"POINT (1757198.91365 5919630.8918)",135300,Symonds Street West,0.14529163,0.14529163,-36.85617781178215,174.76336043120585,1757198.91365,5919630.891780948,1757198.91365,5919630.8918
"POINT (1748514.1235 5911849.58345)",135400,West Lynn,1.22670755,1.22670755,-36.92769852633867,174.66750319562684,1748514.1235000005,5911849.583441153,1748514.1235,5911849.58345
"POINT (1752394.8453 5915584.445)",135500,Owairaka West,0.91844119,0.91844119,-36.89342582560921,174.71030647033987,1752394.8452999983,5915584.445012139,1752394.8453,5915584.445
"POINT (1749726.8668 5913402.68655)",135600,New Lynn Central South,0.73971087,0.73971087,-36.91351213098493,174.68080719755392,1749726.8668124042,5913402.686550001,1749726.8668,5913402.68655
"POINT (1758212.4577 5920247.46985)",135700,The Strand,0.16919215,0.16919215,-36.850453067252026,174.77459633855386,1758212.4577048565,5920247.46985,1758212.4577,5920247.46985
"POINT (1754279.0964 5916774.9995)",135800,St Lukes,0.46163654,0.46163654,-36.88239214470452,174.73120213704487,1754279.0963999997,5916774.999519313,1754279.0964,5916774.9995
"POINT (1757455.1362 5919512.38865)",135900,Symonds Street East,0.10348319,0.10348319,-36.85720290074963,174.76625791481732,1757455.1362000003,5919512.388652569,1757455.1362,5919512.38865
"POINT (1756933.2568 5918705.04085)",136000,Eden Terrace,0.84042383,0.84042383,-36.86456423998956,174.76057314839986,1756933.2568239095,5918705.04085,1756933.2568,5918705.04085
"POINT (1757602.4551 5919085.5128)",136100,Grafton,0.64384033,0.64384033,-36.86102463383649,174.76799837889388,1757602.4551,5919085.512809119,1757602.4551,5919085.5128
"POINT (1755025.51755 5916981.84945)",136300,Sandringham North,0.85701134,0.85701134,-36.88040603797059,174.73953211683738,1755025.517549994,5916981.849440988,1755025.51755,5916981.84945
"POINT (1758489.14645 5919573.3857)",136400,Parnell West,1.64924938,1.64924938,-36.856480404769705,174.77783916808747,1758489.14645,5919573.385686601,1758489.14645,5919573.3857
"POINT (1749912.16685 5912543.8387)",136500,New Lynn South,1.43631927,1.43631927,-36.92122146857335,174.68305662477013,1749912.1668645341,5912543.838700002,1749912.16685,5912543.8387
"POINT (1752390.73985 5914737.76845)",136600,New Windsor North,0.86782731,0.86782731,-36.901055517759765,174.7104307027256,1752390.7398479918,5914737.768449997,1752390.73985,5914737.76845
"POINT (1747397.38535 5909755.7374)",136700,Titirangi South,4.73351946,4.73351946,-36.94674099636583,174.65537747264213,1747397.385346069,5909755.7374,1747397.38535,5909755.7374
"POINT (1753317.0565 5915435.3878)",136800,Owairaka East,0.4025211,0.4025211,-36.894619503562545,174.72068224843915,1753317.0565113234,5915435.3878,1753317.0565,5915435.3878
"POINT (1756213.3931 5917678.5547)",136900,Eden Valley,0.58402708,0.58402708,-36.87393262461133,174.75271205545,1756213.3930999995,5917678.554691303,1756213.3931,5917678.5547
"POINT (1754385.4742 5916026.2001)",137000,Sandringham Central,0.47285239,0.47285239,-36.88912178722907,174.73254781891043,1754385.4742000003,5916026.200091117,1754385.4742,5916026.2001
"POINT (1751614.92595 5913799.2388)",137100,Glenavon,0.63982835,0.63982835,-36.90963724124811,174.7019143599239,1751614.9259498243,5913799.2388,1751614.92595,5913799.2388
"POINT (1751127.9564 5913240.3573)",137200,Blockhouse Bay North,0.92504226,0.92504226,-36.91475127206152,174.69656174689467,1751127.956399999,5913240.357288017,1751127.9564,5913240.3573
"POINT (1749642.98465 5911836.688)",137300,Green Bay North,1.03578146,1.03578146,-36.92763613663778,174.68017556151733,1749642.9846340704,5911836.688000001,1749642.98465,5911836.688
"POINT (1759287.32795 5919621.08945)",137400,Parnell East,1.22522606,1.22522606,-36.855916349483316,174.78677875139945,1759287.327949998,5919621.089433003,1759287.32795,5919621.08945
"POINT (1745156.52485 5907650.46655)",137500,Laingholm,4.07829951,4.07829951,-36.96605933464219,174.63062486417851,1745156.5248499988,5907650.466557931,1745156.52485,5907650.46655
"POINT (1754235.66925 5915699.3332)",137600,Sandringham West,0.47676203,0.47676203,-36.892091508786756,174.73093388745644,1754235.6692499998,5915699.333179179,1754235.66925,5915699.3332
"POINT (1757320.27465 5918192.3762)",137700,Mount Eden North East,0.46591267,0.46591267,-36.869119141255126,174.7650193666469,1757320.2746731758,5918192.3762,1757320.27465,5918192.3762
"POINT (1756956.4038 5917605.2881)",137800,Mount Eden North,0.87610629,0.87610629,-36.874469561120854,174.76106021568648,1756956.4038079649,5917605.2881000005,1756956.4038,5917605.2881
"POINT (1753682.32605 5914938.64935)",137900,Wesley West,0.75674571,0.75674571,-36.89903593308295,174.7248807455516,1753682.3260593866,5914938.64935,1753682.32605,5914938.64935
"POINT (1749062.39905 5911130.82785)",138000,Green Bay South,1.25786551,1.25786551,-36.93408843322899,174.6737984399019,1749062.3990681502,5911130.827849999,1749062.39905,5911130.82785
"POINT (1755497.50635 5916218.08455)",138100,Balmoral,0.78483196,0.78483196,-36.88721024486202,174.74498268639246,1755497.50635,5916218.084546579,1755497.50635,5916218.08455
"POINT (1754885.5807 5915626.59095)",138200,Sandringham East,0.71514843,0.71514843,-36.89264048931121,174.73823944255835,1754885.5806999994,5915626.590935583,1754885.5807,5915626.59095
"POINT (1752942.5336 5914002.995)",138300,New Windsor South,1.11580508,1.11580508,-36.90758689908835,174.716769871471,1752942.533576088,5914002.994999999,1752942.5336,5914002.995
"POINT (1756270.05075 5916580.08965)",138400,Mount Eden West,0.79137388,0.79137388,-36.883820837968386,174.7535738295811,1756270.0507500009,5916580.089637849,1756270.05075,5916580.08965
"POINT (1758415.62275 5918148.5314)",138500,Newmarket,1.07388064,1.07388064,-36.86933108638651,174.77731217883326,1758415.6227500008,5918148.531394636,1758415.62275,5918148.5314
"POINT (1752252.0151 5913312.77775)",138600,Blockhouse Bay North East,0.52948071,0.52948071,-36.91391786912765,174.70916077538902,1752252.0151022451,5913312.777749999,1752252.0151,5913312.77775
"POINT (1757799.5796 5917436.5944)",138700,Epsom North,1.07724265,1.07724265,-36.87584899953755,174.77055169958882,1757799.5796000003,5917436.594379904,1757799.5796,5917436.5944
"POINT (1754056.57315 5914152.492)",138800,Wesley South,0.68276936,0.68276936,-36.90605852904959,174.72923932391123,1754056.5731643348,5914152.492000001,1754056.57315,5914152.492
"POINT (1751258.8641 5912005.6892)",138900,Blockhouse Bay South,1.67086643,1.67086643,-36.92585535554712,174.69827749038083,1751258.8640999978,5912005.689188966,1751258.8641,5912005.6892
"POINT (1756867.74975 5916511.29255)",139000,Mount Eden East,0.76410516,0.76410516,-36.884341574928726,174.760292231803,1756867.7497499995,5916511.292571911,1756867.74975,5916511.29255
"POINT (1754487.9506 5914520.9736)",139100,Wesley East,0.60703951,0.60703951,-36.902667783524315,174.73400423777284,1754487.9506,5914520.973615458,1754487.9506,5914520.9736
"POINT (1761814.40235 5919504.37945)",139200,Orakei West,1.35364764,1.45144851,-36.856538500168405,174.81513783630643,1761814.4023566039,5919504.37945,1761814.40235,5919504.37945
"POINT (1756349.71705 5915822.3286)",139300,Maungawhau,0.73452195,0.73452195,-36.89063534679394,174.75462370481742,1756349.7170510283,5915822.328600001,1756349.71705,5915822.3286
"POINT (1759191.9507 5918169.3677)",139400,Remuera West,0.88028066,0.88028066,-36.86901279773798,174.7860138272785,1759191.9507,5918169.367706748,1759191.9507,5918169.3677
"POINT (1752207.98675 5912344.64185)",139500,Blockhouse Bay East,0.77910259,0.77910259,-36.92264839977587,174.70886140472425,1752207.9867499992,5912344.64186495,1752207.98675,5912344.64185
"POINT (1752962.81185 5912781.5537)",139600,Lynfield North,0.94091519,0.94091519,-36.918589410503884,174.7172441791909,1752962.8118499974,5912781.553694476,1752962.81185,5912781.5537
"POINT (1755410.0711 5914711.19585)",139700,Mount Roskill North,0.95815631,0.95815631,-36.900802321729195,174.74431093473962,1755410.071099999,5914711.195869531,1755410.0711,5914711.19585
"POINT (1753781.4049 5913182.00335)",139800,Mount Roskill White Swan,1.04261875,1.04261875,-36.914847991203416,174.7263490166534,1753781.4049000004,5913182.003361857,1753781.4049,5913182.00335
"POINT (1756240.5345 5915244.821)",139900,Mount Eden South,0.87283197,0.87283197,-36.895856982181655,174.75351799426912,1756240.5344878035,5915244.821,1756240.5345,5915244.821
"POINT (1759808.17215 5917858.0881)",140000,Remuera Waitaramoa,1.69103717,1.69103717,-36.87171341206675,174.79298986401912,1759808.1721499884,5917858.088084082,1759808.17215,5917858.0881
"POINT (1762429.97195 5919936.135)",140100,Orakei East,1.70739002,1.70739002,-36.85254271935457,174.82194740428505,1762429.9719499997,5919936.134981271,1762429.97195,5919936.135
"POINT (1757671.75815 5916121.7057)",140200,Epsom Central-North,1.10588807,1.10588807,-36.887717896694255,174.7693915424273,1757671.7581500015,5916121.705681872,1757671.75815,5916121.7057
"POINT (1758706.209 5916685.98365)",140300,Mount St John,1.24254309,1.24254309,-36.882460220834325,174.78087694304668,1758706.2090000003,5916685.983672025,1758706.209,5916685.98365
"POINT (1755290.82785 5913861.93225)",140400,Mount Roskill Central North,0.90100777,0.90100777,-36.90847415860157,174.7431472425187,1755290.8278547034,5913861.932250001,1755290.82785,5913861.93225
"POINT (1760854.63655 5918425.1989)",140500,Remuera North,1.39678279,1.39678279,-36.86642597877687,174.80460531634657,1760854.636567926,5918425.198899999,1760854.63655,5918425.1989
"POINT (1756127.97225 5914417.2244)",140600,Three Kings West,0.64710031,0.64710031,-36.90333255602479,174.75242577492938,1756127.972250001,5914417.224387167,1756127.97225,5914417.2244
"POINT (1754874.05045 5912965.8903)",140700,Mount Roskill Central South,1.20200685,1.20200685,-36.916616397651154,174.73865414714598,1754874.050450001,5912965.890316881,1754874.05045,5912965.8903
"POINT (1757510.08995 5915091.85025)",140800,Epsom Central-South,0.98346491,0.98346491,-36.897024191480696,174.76779212263915,1757510.08995,5915091.850247198,1757510.08995,5915091.85025
"POINT (1753278.09475 5911533.12545)",140900,Lynfield South,1.575593,1.575593,-36.92978712050906,174.72103515635519,1753278.0947458325,5911533.12545,1753278.09475,5911533.12545
"POINT (1760092.1613 5916711.37275)",141000,Remuera South,1.42953379,1.42953379,-36.88199741306772,174.79641673980186,1760092.1613175184,5916711.37275,1760092.1613,5916711.37275
"POINT (1763410.06865 5919492.552)",141100,Mission Bay,1.54316812,1.54316812,-36.85637043148798,174.8330313384854,1763410.0686500007,5919492.551984369,1763410.06865,5919492.552
"POINT (1756631.9645 5914328.1672)",141200,Three Kings East,0.67406887,0.67406887,-36.90405142808927,174.75809872987406,1756631.9644999993,5914328.167206628,1756631.9645,5914328.1672
"POINT (1753959.44865 5912148.3986)",141300,Mount Roskill South,1.12967619,1.12967619,-36.92413216602656,174.7285571629183,1753959.4486500002,5912148.398611564,1753959.44865,5912148.3986
"POINT (1753599.7979 5900022.458)",141400,Inlet Manukau Harbour,0,374.53476742,-37.03344996365588,174.726989004216,1753599.7978999983,5900022.458019822,1753599.7979,5900022.458
"POINT (1758629.6417 5915579.6464)",141500,Epsom East,1.2682101,1.2682101,-36.89244145412143,174.78024964898452,1758629.6417,5915579.646417684,1758629.6417,5915579.6464
"POINT (1760766.0271 5917210.40025)",141600,Remuera Waiata,0.94346871,0.94346871,-36.877386578865185,174.80386909521067,1760766.0271065007,5917210.40025,1760766.0271,5917210.40025
"POINT (1757380.7658 5914200.18345)",141700,Epsom South,0.59629985,0.59629985,-36.90507994621216,174.7665265407862,1757380.7657947186,5914200.18345,1757380.7658,5914200.18345
"POINT (1764104.98925 5919435.64625)",141800,Kohimarama,1.51551288,1.51551288,-36.85676270490854,174.84083517367296,1764104.9892499996,5919435.646249849,1764104.98925,5919435.64625
"POINT (1762706.825 5918015.75715)",141900,Meadowbank West,1.04159594,1.04159594,-36.869797797842566,174.82546302409693,1762706.8249763667,5918015.757150001,1762706.825,5918015.75715
"POINT (1756498.8133 5913231.9448)",142000,Hillsborough North (Auckland),1.28975403,1.28975403,-36.9139508456584,174.75683137868864,1756498.8132976878,5913231.944800001,1756498.8133,5913231.9448
"POINT (1755617.15095 5912600.1548)",142100,Hillsborough West (Auckland),0.84158981,0.84158981,-36.91978943245606,174.74706805254004,1755617.1509500002,5912600.154811028,1755617.15095,5912600.1548
"POINT (1759758.3166 5915509.4407)",142200,Greenlane North,1.14324419,1.14324419,-36.89288359488772,174.79292558909728,1759758.3166000007,5915509.440687772,1759758.3166,5915509.4407
"POINT (1755107.0116 5911968.38145)",142300,Waikowhai North,0.69805023,0.69805023,-36.92556602666112,174.74147276929796,1755107.0116211206,5911968.381449999,1755107.0116,5911968.38145
"POINT (1761951.33575 5917334.568)",142400,Remuera East,0.88581251,0.88581251,-36.87606523104285,174.81713623803768,1761951.3357458268,5917334.568,1761951.33575,5917334.568
"POINT (1754817.18975 5911242.7072)",142500,Waikowhai South,1.3569043,1.3569043,-36.93215228129554,174.73836864698097,1754817.1897397877,5911242.7072,1754817.18975,5911242.7072
"POINT (1757467.43985 5913657.44705)",142600,Royal Oak West (Auckland),0.81130655,0.81130655,-36.90995568002618,174.76761184731805,1757467.4398728507,5913657.44705,1757467.43985,5913657.44705
"POINT (1765020.77465 5919502.9298)",142700,Saint Heliers West,1.18574088,1.18574088,-36.85599697472106,174.85108844591252,1765020.774650002,5919502.929823869,1765020.77465,5919502.9298
"POINT (1759461.069 5914576.21935)",142800,One Tree Hill,2.74928178,2.74928178,-36.90134236636168,174.78978753641366,1759461.0690000001,5914576.219338492,1759461.069,5914576.21935
"POINT (1756396.6923 5912469.15465)",142900,Hillsborough East (Auckland),0.63088972,0.63088972,-36.92084076806471,174.75584307878546,1756396.6923165498,5912469.154650001,1756396.6923,5912469.15465
"POINT (1765996.02145 5919890.15035)",143000,Saint Heliers North,1.33837278,1.33837278,-36.852337327291465,174.86193820543517,1765996.0214500003,5919890.150341352,1765996.02145,5919890.15035
"POINT (1761426.39975 5916362.77065)",143100,Remuera Abbotts Park,1.02200966,1.02200966,-36.884911116481355,174.8114558647944,1761426.3997510741,5916362.770649999,1761426.39975,5916362.77065
"POINT (1763787.3476 5918035.8179)",143200,Meadowbank East,0.65235233,0.65235233,-36.86943026373009,174.83757579758344,1763787.347592405,5918035.8179,1763787.3476,5918035.8179
"POINT (1761241.16935 5915515.109)",143300,Ellerslie Central,1.49455341,1.49455341,-36.89258028812545,174.80955854168445,1761241.169330085,5915515.109000001,1761241.16935,5915515.109
"POINT (1758296.02205 5913427.76935)",143400,Royal Oak East (Auckland),0.64096806,0.64096806,-36.91188639581018,174.7769568526318,1758296.0220500021,5913427.769356551,1758296.02205,5913427.76935
"POINT (1765196.61915 5918546.01015)",143500,Saint Heliers South,1.22213447,1.22213447,-36.86458801011897,174.8532682585722,1765196.6191723954,5918546.01015,1765196.61915,5918546.01015
"POINT (1756863.64895 5911960.3148)",143600,Hillsborough South (Auckland),1.16003339,1.16003339,-36.92534796191517,174.76118876372516,1756863.6489717285,5911960.3148,1756863.64895,5911960.3148
"POINT (1763762.68145 5917122.73855)",143700,Saint Johns West,1.04254929,1.04254929,-36.87766136304545,174.83749630219853,1763762.6814356158,5917122.73855,1763762.68145,5917122.73855
"POINT (1760218.7993 5914612.7408)",143800,Greenlane South,0.85269356,0.85269356,-36.90088490272212,174.79828076239485,1760218.7992911742,5914612.7408,1760218.7993,5914612.7408
"POINT (1762924.9818 5916488.7312)",143900,Remuera Waiatarua,1.57029283,1.57029283,-36.88351871458555,174.82823748118878,1762924.9818000002,5916488.731194841,1762924.9818,5916488.7312
"POINT (1766870.4968 5919754.1101)",144000,Glendowie North,2.04093198,2.04093198,-36.853409006552226,174.87177214174955,1766870.4968,5919754.110097229,1766870.4968,5919754.1101
"POINT (1757939.843 5912580.32545)",144100,Onehunga West,1.12226088,1.12226088,-36.91958178943176,174.77313710401967,1757939.8429823408,5912580.325449999,1757939.843,5912580.32545
"POINT (1760859.59945 5914819.32835)",144200,Ellerslie West,0.39993535,0.39993535,-36.89891446997744,174.80542594028145,1760859.599436238,5914819.32835,1760859.59945,5914819.32835
"POINT (1759132.51925 5913355.2026)",144300,Onehunga North,0.77236244,0.77236244,-36.91239943095377,174.78635809160448,1759132.5192308764,5913355.2026,1759132.51925,5913355.2026
"POINT (1762240.08205 5915421.44265)",144400,Ellerslie East,0.75500066,0.75500066,-36.89325299683008,174.82078394581728,1762240.0820500006,5915421.442674581,1762240.08205,5915421.44265
"POINT (1764524.48555 5917417.24835)",144500,Saint Johns East,0.60554145,0.60554145,-36.87487539941844,174.8459762085554,1764524.4855500003,5917417.2483656,1764524.48555,5917417.24835
"POINT (1778677.45555 5926960.34955)",144600,Oneroa West,8.42001025,8.42001025,-36.786327956575526,175.00244594460335,1778677.4555500024,5926960.349530447,1778677.45555,5926960.34955
"POINT (1765415.07015 5917739.297)",144700,Glen Innes West,1.36744793,1.36744793,-36.87181817398987,174.85589365690734,1765415.0701500005,5917739.297007677,1765415.07015,5917739.297
"POINT (1761738.1504 5914634.48465)",144800,Ellerslie South,0.82740695,0.82740695,-36.90042970115165,174.81532143194494,1761738.1504000002,5914634.484634897,1761738.1504,5914634.48465
"POINT (1763697.63855 5916034.61685)",144900,Stonefields West,0.54220765,0.54220765,-36.88747657994854,174.83700174101736,1763697.6385500007,5916034.616849889,1763697.63855,5916034.61685
"POINT (1759192.87845 5912544.87565)",145000,Onehunga Central,0.86447109,0.86447109,-36.91969041792537,174.7872057678551,1759192.8784249974,5912544.875671763,1759192.87845,5912544.87565
"POINT (1766714.38745 5918306.0611)",145100,Glendowie South,2.01355755,2.01355755,-36.86648323441775,174.87033994152347,1766714.3874560622,5918306.0611,1766714.38745,5918306.0611
"POINT (1760346.8276 5913465.1653)",145200,Oranga,0.66853336,0.66853336,-36.911202933102636,174.79996005392974,1760346.8276030314,5913465.1653,1760346.8276,5913465.1653
"POINT (1763095.39375 5915512.6535)",145300,Mount Wellington North West,0.92460656,0.92460656,-36.892283733105764,174.8303588485021,1763095.3937500129,5915512.65348712,1763095.39375,5915512.6535
"POINT (1764782.663 5916439.9425)",145400,Panmure Glen Innes Industrial,2.01306882,2.01306882,-36.88363581121137,174.84908395816615,1764782.6630001725,5916439.9425,1764782.663,5916439.9425
"POINT (1760261.131 5912065.37665)",145500,Onehunga-Te Papapa Industrial,3.03066329,3.03066329,-36.923829736574554,174.79929486955967,1760261.1310087922,5912065.37665,1760261.131,5912065.37665
"POINT (1760121.4956 5912591.9918)",145600,Te Papapa,0.71125763,0.71125763,-36.9191086141403,174.79761642698438,1760121.495600001,5912591.99182255,1760121.4956,5912591.9918
"POINT (1764257.3553 5915903.88675)",145700,Stonefields East,0.4456663,0.4456663,-36.88855719625939,174.84330821537452,1764257.3552812096,5915903.88675,1764257.3553,5915903.88675
"POINT (1766770.86275 5917458.1387)",145800,Glen Innes East-Wai O Taiki Bay,1.39719321,1.39719321,-36.8741128814914,174.87115959815975,1766770.8627442315,5917458.1387,1766770.86275,5917458.1387
"POINT (1762344.24605 5912451.0732)",145900,Penrose,6.42109891,6.42109891,-36.9199981105498,174.82258913559656,1762344.2460500002,5912451.073191602,1762344.24605,5912451.0732
"POINT (1764375.0212 5915329.23405)",146000,Mount Wellington North East,0.72707724,0.72707724,-36.893714278112256,174.84475267452376,1764375.0211794125,5915329.23405,1764375.0212,5915329.23405
"POINT (1757535.78975 5909292.85535)",146100,Mangere Bridge Ambury,3.14003923,3.14003923,-36.94927023704909,174.76928766905854,1757535.7897499986,5909292.855351213,1757535.78975,5909292.85535
"POINT (1763206.8157 5914455.3104)",146200,Mount Wellington Ferndale,0.85764389,0.85764389,-36.90179109426608,174.831836459235,1763206.815700001,5914455.310400454,1763206.8157,5914455.3104
"POINT (1766353.10125 5916246.75905)",146300,Point England,1.49144748,1.49144748,-36.88510088436489,174.86674032268482,1766353.101249999,5916246.759066832,1766353.10125,5916246.75905
"POINT (1769794.9509 5918762.1616)",146400,Bucklands Beach North,1.38358081,1.38358081,-36.86182514471403,174.90478101902852,1769794.950900002,5918762.161602656,1769794.9509,5918762.1616
"POINT (1763681.40475 5914164.67485)",146500,Mount Wellington East,0.59950669,0.59950669,-36.90432746540896,174.83722357211673,1763681.4047499993,5914164.674839787,1763681.40475,5914164.67485
"POINT (1762786.4383 5913407.30135)",146600,Mount Wellington West,0.77910143,0.77910143,-36.9113062725352,174.82734557679825,1762786.4382758213,5913407.301349999,1762786.4383,5913407.30135
"POINT (1764393.4035 5914796.8524)",146700,Panmure West,0.64420282,0.64420282,-36.898507781755214,174.84507437815606,1764393.4034898742,5914796.852399999,1764393.4035,5914796.8524
"POINT (1759243.13105 5909939.5775)",146800,Mangere Bridge,1.61801692,1.61801692,-36.94315601241393,174.78831815753347,1759243.131050952,5909939.577500001,1759243.13105,5909939.5775
"POINT (1783276.9876 5927939.77395)",146900,Oneroa East-Palm Beach,3.67313154,3.67313154,-36.77662561073364,175.05372787665507,1783276.9876222222,5927939.773949999,1783276.9876,5927939.77395
"POINT (1765757.8143 5915070.6179)",147000,Tamaki,1.29535319,1.29535319,-36.895802453146835,174.86032068983087,1765757.814294115,5915070.617900001,1765757.8143,5915070.6179
"POINT (1765662.1015 5914393.0256)",147100,Panmure East,1.01544659,1.01544659,-36.901924251772556,174.85939516374145,1765662.1014787233,5914393.025599999,1765662.1015,5914393.0256
"POINT (1763645.4273 5913481.42055)",147200,Mount Wellington Central,1.20738685,1.20738685,-36.910489778669195,174.83696757503205,1763645.4273087762,5913481.42055,1763645.4273,5913481.42055
"POINT (1793574.14975 5925114.9543)",147300,Bays Waiheke Island,0,35.90977647,-36.80002489713533,175.16975837683455,1793574.1497499999,5925114.954311016,1793574.14975,5925114.9543
"POINT (1763769.6055 5912793.3454)",147400,Sylvia Park,0.55720568,0.55720568,-36.91666771413791,174.8385096981737,1763769.6054999996,5912793.345397212,1763769.6055,5912793.3454
"POINT (1758944.3827 5908520.3089)",147500,Mangere Mountain View,1.69737938,1.69737938,-36.955994256691895,174.78526315504865,1758944.382699999,5908520.308875034,1758944.3827,5908520.3089
"POINT (1781067.1672 5925906.52285)",147600,Surfdale,2.61293278,2.61293278,-36.79536818446353,175.0294628982442,1781067.1672,5925906.522874467,1781067.1672,5925906.52285
"POINT (1764562.164 5911991.05265)",147700,Mount Wellington Industrial,3.33390434,3.33390434,-36.92375824146588,174.84757736253454,1764562.1639950033,5911991.052649999,1764562.164,5911991.05265
"POINT (1768961.34215 5916047.2714)",147800,Half Moon Bay West,1.13581355,1.28097083,-36.88643489056379,174.89603884719511,1768961.34215,5916047.271411084,1768961.34215,5916047.2714
"POINT (1757858.16205 5905023.2257)",147900,Auckland Airport,23.078179,23.078179,-36.98768624546333,174.77379932617825,1757858.16205,5905023.225723755,1757858.16205,5905023.2257
"POINT (1770547.9889 5917048.09495)",148000,Eastern Beach,1.18089038,1.18089038,-36.877132523573906,174.91360969614473,1770547.9889000002,5917048.094952039,1770547.9889,5917048.09495
"POINT (1767594.7232 5914133.22615)",148100,Sunnyhills West-Pakuranga North,1.62660244,1.62660244,-36.90392356926185,174.8811338686295,1767594.7231876478,5914133.2261500005,1767594.7232,5914133.22615
"POINT (1760964.38555 5909189.5271)",148200,Favona North,1.10913789,1.10913789,-36.949621380483826,174.80779906124386,1760964.3855615389,5909189.5271000005,1760964.38555,5909189.5271
"POINT (1769982.9914 5916800.7246)",148300,Bucklands Beach Central,0.57858447,0.57858447,-36.87946312750305,174.9073288596779,1769982.9913957983,5916800.7246,1769982.9914,5916800.7246
"POINT (1767912.42575 5914924.5601)",148400,Farm Cove,0.97579917,0.97579917,-36.89673738859629,174.88452271808947,1767912.4257277574,5914924.5601,1767912.42575,5914924.5601
"POINT (1759804.30965 5908186.67165)",148500,Mangere North,0.71602837,0.71602837,-36.958854766746654,174.79498813022798,1759804.3096500002,5908186.671668455,1759804.30965,5908186.67165
"POINT (1760254.84545 5908484.8961)",148600,Favona West,0.85935422,0.85935422,-36.95609115960106,174.79998320421475,1760254.8454500008,5908484.896113007,1760254.84545,5908484.8961
"POINT (1783481.12955 5926088.7616)",148700,Ostend,3.91352728,3.91352728,-36.793261756599904,175.0564597975399,1783481.1295330846,5926088.7616,1783481.12955,5926088.7616
"POINT (1769759.15145 5916010.6426)",148800,Half Moon Bay North East,0.64603015,0.64603015,-36.88662173816716,174.90499536513545,1769759.1514627975,5916010.6426,1769759.15145,5916010.6426
"POINT (1759421.84585 5907574.949)",148900,Mangere West,0.94260917,0.94260917,-36.964431285874475,174.79082316657735,1759421.8458500004,5907574.948997516,1759421.84585,5907574.949
"POINT (1766426.65405 5912615.9014)",149000,Pakuranga West,1.39204825,1.39204825,-36.91780113240125,174.86836295752778,1766426.654028521,5912615.9014,1766426.65405,5912615.9014
"POINT (1764328.37535 5911224.65375)",149100,Mount Wellington South West,0.69676276,0.69676276,-36.930704174109664,174.84512026028534,1764328.3753499999,5911224.653770577,1764328.37535,5911224.65375
"POINT (1768560.33995 5914325.65435)",149200,Sunnyhills East,0.87367206,0.87367206,-36.902017785809534,174.8919240689062,1768560.3399359914,5914325.6543499995,1768560.33995,5914325.65435
"POINT (1769502.00985 5915086.9953)",149300,Half Moon Bay South East,0.83429938,0.83429938,-36.894989661383505,174.90231778525893,1769502.0098370865,5915086.995300004,1769502.00985,5915086.9953
"POINT (1761124.4115 5908434.68515)",149400,Favona East,0.63568519,0.63568519,-36.956395132029584,174.80975646354764,1761124.4114935326,5908434.685149999,1761124.4115,5908434.68515
"POINT (1765182.47905 5911481.0833)",149500,Mount Wellington South East,0.67497377,0.67497377,-36.92824445626194,174.85464980373771,1765182.4790333246,5911481.0833,1765182.47905,5911481.0833
"POINT (1762585.5289 5908934.886)",149600,Otahuhu Industrial,1.84535772,1.84535772,-36.95163715675058,174.82605262008929,1762585.5288999984,5908934.886014989,1762585.5289,5908934.886
"POINT (1770542.3687 5915806.07205)",149700,Bucklands Beach South,1.12045176,1.12045176,-36.88832362694747,174.9138260117285,1770542.3686999995,5915806.072036486,1770542.3687,5915806.07205
"POINT (1767221.8603 5912861.6334)",149800,Pakuranga Central,1.12623986,1.12623986,-36.91544643938466,174.87723158879928,1767221.8603000003,5912861.633404391,1767221.8603,5912861.6334
"POINT (1744687.72945 5888440.89405)",149900,Awhitu,221.55326214,221.55326214,-37.13922331259533,174.62905713027791,1744687.72945,5888440.894057519,1744687.72945,5888440.89405
"POINT (1761232.61125 5907899.74765)",150000,Harania North,0.94437153,0.94437153,-36.9611963815646,174.8110853919806,1761232.611247861,5907899.747649999,1761232.61125,5907899.74765
"POINT (1763808.1723 5909983.48475)",150100,Otahuhu Central,1.26371643,1.26371643,-36.94197752191315,174.83955087568927,1763808.1723120166,5909983.48475,1763808.1723,5909983.48475
"POINT (1760135.7501 5906868.52745)",150200,Mangere Central,1.44488086,1.44488086,-36.97067495751764,174.79898885050574,1760135.7500885674,5906868.52745,1760135.7501,5906868.52745
"POINT (1764581.1744 5910365.9404)",150300,Otahuhu North,0.72481482,0.72481482,-36.93839691269267,174.84814427333654,1764581.17440615,5910365.9404,1764581.1744,5910365.9404
"POINT (1771280.6185 5915378.2597)",150400,Howick West,1.19288396,1.19288396,-36.89204430889476,174.92220309318444,1771280.618507397,5915378.2597,1771280.6185,5915378.2597
"POINT (1768244.45865 5913340.63575)",150500,Pakuranga Heights North West,0.76233989,0.76233989,-36.910948865956136,174.88859917805652,1768244.4586499955,5913340.635739539,1768244.45865,5913340.63575
"POINT (1772057.1305 5915753.73915)",150600,Mellons Bay,1.67597292,1.67597292,-36.88852017107609,174.93082781031282,1772057.1305000002,5915753.739162661,1772057.1305,5915753.73915
"POINT (1769112.14815 5913487.0097)",150700,Pakuranga Heights East,1.7906606,1.7906606,-36.90947488039821,174.89830174084895,1769112.14815,5913487.0096915765,1769112.14815,5913487.0097
"POINT (1762209.7825 5908117.99795)",150800,Sutton Park,0.73066323,0.73066323,-36.95906206768679,174.8220098102684,1762209.7825000011,5908117.99792891,1762209.7825,5908117.99795
"POINT (1765235.62615 5910260.9948)",150900,Otahuhu East,0.78725025,0.78725025,-36.9392278819043,174.85551279507587,1765235.6261502663,5910260.9947999995,1765235.62615,5910260.9948
"POINT (1759756.65565 5905944.95915)",151000,Mangere South,0.83316282,0.83316282,-36.97906078180855,174.79492742578327,1759756.6556254078,5905944.95915,1759756.65565,5905944.95915
"POINT (1785432.858 5925744.0263)",151100,Onetangi,5.961637,5.961637,-36.79598725819915,175.07840574586868,1785432.8579807258,5925744.0263,1785432.858,5925744.0263
"POINT (1761408.04905 5907230.28285)",151200,Harania South,0.77647104,0.77647104,-36.967198162863816,174.81319822662024,1761408.0490578092,5907230.28285,1761408.04905,5907230.28285
"POINT (1770272.9556 5914157.36075)",151300,Highland Park (Auckland),1.3763573,1.3763573,-36.90322643914741,174.91117465386236,1770272.9556000028,5914157.360746184,1770272.9556,5914157.36075
"POINT (1763975.8462 5909055.25045)",151400,Otahuhu South West,1.2416157,1.2416157,-36.950311591412316,174.8416343183726,1763975.8461999996,5909055.250464178,1763975.8462,5909055.25045
"POINT (1768058.47075 5912307.2373)",151500,Pakuranga Heights South West,0.97342709,0.97342709,-36.92029259872663,174.8867418433128,1768058.4707613809,5912307.237299999,1768058.47075,5912307.2373
"POINT (1761087.28455 5906627.64305)",151600,Mangere Mascot,0.78432156,0.78432156,-36.97268289181046,174.80972509453287,1761087.2845501075,5906627.64305,1761087.28455,5906627.64305
"POINT (1788977.38565 5924675.31255)",151700,Waiheke East,87.58150591,87.58150591,-36.80491409591431,175.11837507168812,1788977.38565,5924675.312527277,1788977.38565,5924675.31255
"POINT (1762353.36185 5907418.5218)",151800,Massey Road West,0.69352142,0.69352142,-36.96533953058981,174.82377216971298,1762353.3618456428,5907418.5218,1762353.36185,5907418.5218
"POINT (1764795.43785 5909537.416)",151900,Otahuhu South,0.81751878,0.81751878,-36.94582429532521,174.85072977392446,1764795.4378500003,5909537.416022703,1764795.43785,5909537.416
"POINT (1771452.4381 5914654.7465)",152000,Howick Central,0.85736036,0.85736036,-36.898531591486204,174.9242940524429,1771452.4381,5914654.746494951,1771452.4381,5914654.7465
"POINT (1763304.46025 5907685.722)",152100,Massey Road North,0.85957729,0.85957729,-36.96276753641479,174.8343934466564,1763304.4602333885,5907685.722,1763304.46025,5907685.722
"POINT (1770480.24975 5913371.1022)",152200,Botany Downs West,0.81388435,0.81388435,-36.91027281543162,174.91367716563414,1770480.2497500004,5913371.102220159,1770480.24975,5913371.1022
"POINT (1767826.82745 5910205.0824)",152300,East Tamaki,7.77495611,7.77495611,-36.939273545262076,174.88460888690068,1767826.827431586,5910205.0824,1767826.82745,5910205.0824
"POINT (1772079.57485 5914486.3536)",152400,Howick East,1.10919825,1.10919825,-36.899934533781575,174.9313673310875,1772079.57485,5914486.353587336,1772079.57485,5914486.3536
"POINT (1768861.6025 5912091.3504)",152500,Burswood,0.52549252,0.52549252,-36.92209412539334,174.8958020536143,1768861.6024958666,5912091.3504,1768861.6025,5912091.3504
"POINT (1762215.123 5906687.8974)",152600,Massey Road South,0.32471635,0.32471635,-36.97194622604783,174.82237696823896,1762215.1229997969,5906687.8974,1762215.123,5906687.8974
"POINT (1764099.72425 5907989.92985)",152700,Middlemore,0.7202557,0.7202557,-36.95988835908787,174.84325633397117,1764099.7242499997,5907989.929842213,1764099.72425,5907989.92985
"POINT (1761128.1953 5905334.6474)",152800,Mangere South East,4.33120515,4.33120515,-36.98432571360351,174.81046055915175,1761128.1952858898,5905334.647399999,1761128.1953,5905334.6474
"POINT (1771275.6547 5913413.14165)",152900,Botany Downs East,0.67735204,0.67735204,-36.90974992744444,174.92259168874762,1771275.6546869143,5913413.14165,1771275.6547,5913413.14165
"POINT (1765248.39395 5908162.53265)",153000,Grange,1.43178152,1.43178152,-36.958132295710634,174.85611491559558,1765248.393929104,5908162.5326499995,1765248.39395,5908162.53265
"POINT (1769902.4429 5912074.8088)",153100,Golflands,1.40769231,1.40769231,-36.922056118332435,174.90748536934882,1769902.4428999885,5912074.808814572,1769902.4429,5912074.8088
"POINT (1762608.5091 5906490.1813)",153200,Aorere North,0.33000405,0.33000405,-36.973659717737526,174.82683694306922,1762608.5090996684,5906490.181299999,1762608.5091,5906490.1813
"POINT (1763297.6208 5906954.7366)",153300,Mangere East,0.8686461,0.8686461,-36.96935479119275,174.83447472929635,1763297.620782822,5906954.7366,1763297.6208,5906954.7366
"POINT (1773070.77915 5914498.25095)",153400,Cockle Bay,1.72842717,1.72842717,-36.899646015233266,174.94248378633083,1773070.7791466098,5914498.250949997,1773070.77915,5914498.25095
"POINT (1766075.28445 5908393.018)",153500,Otara West,1.55637466,1.55637466,-36.95591017101362,174.8653476424876,1766075.2844500004,5908393.018009999,1766075.28445,5908393.018
"POINT (1762796.97515 5906091.56655)",153600,Aorere Central,0.61986073,0.61986073,-36.97721858845067,174.8290392731356,1762796.975171777,5906091.56655,1762796.97515,5906091.56655
"POINT (1771158.82825 5912411.6977)",153700,Northpark North,0.86166842,0.86166842,-36.918793626256104,174.92150736853654,1771158.8282499998,5912411.697707037,1771158.82825,5912411.6977
"POINT (1772333.70515 5913084.75685)",153800,Somerville,1.556066,1.556066,-36.91251571769581,174.93453704693215,1772333.7051500003,5913084.756872514,1772333.70515,5913084.75685
"POINT (1770777.70045 5911976.34025)",153900,Northpark South,0.70661609,0.70661609,-36.92278509683614,174.91732906946226,1770777.70045,5911976.340231401,1770777.70045,5911976.34025
"POINT (1764672.7682 5906530.0522)",154000,Papatoetoe North,0.99327426,0.99327426,-36.97294144446167,174.85000838386654,1764672.768174999,5906530.052179551,1764672.7682,5906530.0522
"POINT (1765644.9997 5907573.1315)",154100,Dingwall,0.82690072,0.82690072,-36.963372931303695,174.86069681999237,1765644.9996999998,5907573.131513072,1765644.9997,5907573.1315
"POINT (1763473.8964 5905587.10135)",154200,Aorere South,1.23986273,1.23986273,-36.98164633541774,174.83675027847548,1763473.8964,5905587.101339765,1763473.8964,5905587.10135
"POINT (1773455.90745 5913532.7939)",154300,Shelly Park,1.23160322,1.23160322,-36.90827342772743,174.94702514238608,1773455.9074499998,5913532.793903835,1773455.90745,5913532.7939
"POINT (1767079.5103 5908487.984)",154400,Otara Central,1.52354042,1.52354042,-36.95487687112708,174.8766005608165,1767079.5102999988,5908487.983988678,1767079.5103,5908487.984
"POINT (1769842.81005 5910650.42605)",154500,Huntington Park,0.43602247,0.43602247,-36.93489988801289,174.90713597833977,1769842.8100499997,5910650.426048029,1769842.81005,5910650.42605
"POINT (1770262.17015 5911023.20845)",154600,Botany Central,0.46967108,0.46967108,-36.93146561267102,174.91175860729305,1770262.1701500006,5911023.208446782,1770262.17015,5911023.20845
"POINT (1771468.60705 5911680.94025)",154700,Botany North,0.92492593,0.92492593,-36.925321051167586,174.92514887267902,1771468.6070499993,5911680.940273984,1771468.60705,5911680.94025
"POINT (1764367.1699 5905712.90765)",154800,Papatoetoe West,1.22430308,1.22430308,-36.980357167774756,174.84675473395615,1764367.1698999945,5905712.907670481,1764367.1699,5905712.90765
"POINT (1765383.49355 5906458.7168)",154900,Papatoetoe Central,1.45756102,1.45756102,-36.973459491390884,174.8580048121648,1765383.4935499986,5906458.716795211,1765383.49355,5906458.7168
"POINT (1777859.67735 5916314.60865)",155000,Sunkist Bay,1.52794958,1.52794958,-36.88239152298154,174.99577719551087,1777859.677326559,5916314.608650001,1777859.67735,5916314.60865
"POINT (1767928.42915 5908394.32765)",155100,Otara East,0.86784541,0.86784541,-36.95556963823447,174.88615156111945,1767928.4291499997,5908394.327667188,1767928.42915,5908394.32765
"POINT (1769630.24245 5909726.2005)",155200,Redcastle,0.55578712,0.55578712,-36.94326501955471,174.90495762588733,1769630.2424499998,5909726.2004992645,1769630.24245,5909726.2005
"POINT (1771162.39755 5910856.2909)",155300,Botany East,0.78145049,0.78145049,-36.93280635158896,174.9218992642554,1771162.3975246688,5910856.290900001,1771162.39755,5910856.2909
"POINT (1770465.5537 5910285.1905)",155400,Botany South,0.74938028,0.74938028,-36.93807800210578,174.91420744567054,1770465.5537165892,5910285.1905000005,1770465.5537,5910285.1905
"POINT (1762827.70825 5902889.9591)",155500,Manukau Central,11.40347043,11.40347043,-37.00605921979696,174.8300756240213,1762827.7082714885,5902889.959100001,1762827.70825,5902889.9591
"POINT (1766685.75555 5906582.33815)",155600,Papatoetoe East,1.06859241,1.06859241,-36.97211588735182,174.8726007292874,1766685.7555594863,5906582.33815,1766685.75555,5906582.33815
"POINT (1767033.09575 5906995.22435)",155700,Otara South,0.80187121,0.80187121,-36.96833433711098,174.87640961166917,1767033.0957500008,5906995.224350106,1767033.09575,5906995.22435
"POINT (1767528.4275 5907128.40625)",155800,Ferguson,0.98687785,0.98687785,-36.96704636659038,174.88194177458766,1767528.4275000005,5907128.406242299,1767528.4275,5907128.40625
"POINT (1764412.3222 5904665.94565)",155900,Papatoetoe South West,0.8285968,0.8285968,-36.9897821469347,174.84748996693554,1764412.3221975628,5904665.94565,1764412.3222,5904665.94565
"POINT (1768878.48995 5907913.2538)",156000,Botany Junction,2.48251702,2.48251702,-36.959733947696584,174.8969247644947,1768878.4899500003,5907913.253775118,1768878.48995,5907913.2538
"POINT (1770249.8127 5909409.50175)",156100,Dannemora North,0.54899463,0.54899463,-36.94600652212143,174.91198324424917,1770249.8126841057,5909409.50175,1770249.8127,5909409.50175
"POINT (1766200.0691 5905981.8469)",156200,Papatoetoe South,0.79596382,0.79596382,-36.97761203404524,174.86727923207303,1766200.0690750002,5905981.846893738,1766200.0691,5905981.8469
"POINT (1771208.49265 5909863.9431)",156300,East Tamaki Heights,1.23138033,1.23138033,-36.94173847207349,174.92264124395373,1771208.4926499994,5909863.9430770315,1771208.49265,5909863.9431
"POINT (1778424.8889 5914165.75325)",156400,Te Puru,7.30215412,7.40264931,-36.90164405545156,175.00262182361453,1778424.8889000015,5914165.753237991,1778424.8889,5914165.75325
"POINT (1765707.60285 5905402.02455)",156500,Puhinui North,0.70326337,0.70326337,-36.98292293271743,174.86187629637257,1765707.6028699244,5905402.02455,1765707.60285,5905402.02455
"POINT (1769999.5375 5908683.55305)",156600,Dannemora South,0.63838551,0.63838551,-36.95259215951323,174.90933724952734,1769999.53751559,5908683.55305,1769999.5375,5908683.55305
"POINT (1765440.19235 5904594.02535)",156700,Puhinui South,0.5261099,0.5261099,-36.99024983445651,174.8590503339968,1765440.1923499997,5904594.0253721755,1765440.19235,5904594.02535
"POINT (1768170.6329 5907338.20825)",156800,Rongomai West,0.48507019,0.48507019,-36.965041594276315,174.88910574937074,1768170.6328999996,5907338.208258461,1768170.6329,5907338.20825
"POINT (1770696.43315 5908544.7587)",156900,Baverstock,1.09060982,1.09060982,-36.95371653407346,174.91719175761398,1770696.4331260417,5908544.7587,1770696.43315,5908544.7587
"POINT (1766964.0132 5905560.132)",157000,Puhinui East,0.60410137,0.60410137,-36.98127624004577,174.87595137066504,1766964.0131922066,5905560.131999999,1766964.0132,5905560.132
"POINT (1777026.17255 5907263.7734)",157100,Turanga,84.96006242,84.96006242,-36.96408816208615,174.98854671432767,1777026.1725499993,5907263.773395298,1777026.17255,5907263.7734
"POINT (1768672.29255 5906385.0474)",157200,Rongomai East,0.58097595,0.58097595,-36.97353935273947,174.8949511617074,1768672.2925555813,5906385.0474,1768672.29255,5906385.0474
"POINT (1770563.88495 5907304.92615)",157300,Ormiston North,2.3006071,2.3006071,-36.96491075141632,174.91598373140923,1770563.8849622882,5907304.92615,1770563.88495,5907304.92615
"POINT (1781666.04085 5915620.05865)",157400,Maraetai,6.87756456,6.87756456,-36.88792378816491,175.03863080216743,1781666.0408297193,5915620.05865,1781666.04085,5915620.05865
"POINT (1769322.5785 5906569.24535)",157500,Chapel Downs,0.76033315,0.76033315,-36.97176301490336,174.90221183764544,1769322.5785000008,5906569.245354859,1769322.5785,5906569.24535
"POINT (1766115.713 5902534.8569)",157600,Wiri West,8.04111588,8.04111588,-37.00868308421745,174.86709121559636,1766115.713002821,5902534.8569,1766115.713,5902534.8569
"POINT (1768548.2244 5905650.6887)",157700,Clover Park North,0.92445239,0.92445239,-36.9801778132947,174.8937220037088,1768548.2243877687,5905650.6887,1768548.2244,5905650.6887
"POINT (1771856.32245 5908009.52875)",157800,Mission Heights North,1.07261785,1.07261785,-36.958327614509095,174.93033419924882,1771856.3224311448,5908009.5287500005,1771856.32245,5908009.52875
"POINT (1768297.4224 5905047.0518)",157900,Clover Park South,1.18316226,1.18316226,-36.98566120830959,174.8910401595266,1768297.422387362,5905047.0518,1768297.4224,5905047.0518
"POINT (1769818.03715 5905908.30925)",158000,Donegal Park,0.90769672,0.90769672,-36.977628397565454,174.90792383387887,1769818.0371500012,5905908.309259781,1769818.03715,5905908.30925
"POINT (1770706.4399 5906026.62035)",158100,Ormiston South,1.70343205,1.70343205,-36.976401688046764,174.91787330104378,1770706.439900001,5906026.620345576,1770706.4399,5906026.62035
"POINT (1772027.04275 5907263.23395)",158200,Mission Heights South,0.8695296,0.8695296,-36.96502006129803,174.93242075297886,1772027.0427247467,5907263.23395,1772027.04275,5907263.23395
"POINT (1769643.19285 5905052.5472)",158300,Hilltop (Auckland),1.14159708,1.14159708,-36.98536989615412,174.90615282001792,1769643.192851354,5905052.5472,1769643.19285,5905052.5472
"POINT (1767916.4388 5903569.9151)",158400,Wiri East,1.36807439,1.36807439,-36.999037634569525,174.88709031374708,1767916.4387999992,5903569.915086554,1767916.4388,5903569.9151
"POINT (1768812.3574 5904063.01705)",158500,Goodwood Heights,1.28157259,1.28157259,-36.99443456697962,174.89704348160475,1768812.3573905677,5904063.01705,1768812.3574,5904063.01705
"POINT (1771983.9599 5905457.80835)",158600,Ormiston East,4.41466682,4.41466682,-36.981293613086315,174.93234836536885,1771983.959900001,5905457.808338353,1771983.9599,5905457.80835
"POINT (1765476.50035 5900854.03225)",158700,Clendon Park North,0.74920256,0.74920256,-37.02393950075727,174.86027934523247,1765476.50035,5900854.032254182,1765476.50035,5900854.03225
"POINT (1766189.33985 5901138.36215)",158800,Burbank,0.64850807,0.64850807,-37.02125192811942,174.86822643645854,1766189.3398500006,5901138.362165333,1766189.33985,5901138.36215
"POINT (1774143.7126 5905288.42355)",158900,Tuscany Heights,6.62922909,6.62922909,-36.9824222455117,174.95664084895031,1774143.712584134,5905288.42355,1774143.7126,5905288.42355
"POINT (1769090.8915 5903226.01915)",159000,Totara Heights,0.85465897,0.85465897,-37.0019254112373,174.90035968265786,1769090.8915232625,5903226.01915,1769090.8915,5903226.01915
"POINT (1767751.04165 5902023.9789)",159100,Homai East,0.71246766,0.71246766,-37.0129953208367,174.88557654854972,1767751.0416439222,5902023.9789,1767751.04165,5902023.9789
"POINT (1767117.0493 5901390.82615)",159200,Homai West,0.91199682,0.91199682,-37.018812730314416,174.87859422413837,1767117.0493116605,5901390.82615,1767117.0493,5901390.82615
"POINT (1770190.936 5903359.97765)",159300,The Gardens (Auckland),4.089009,4.089009,-37.000519975028766,174.91268624746564,1770190.9360000002,5903359.977662668,1770190.936,5903359.97765
"POINT (1751668.51165 5888248.09055)",159400,Clarks Beach,2.67358969,2.67358969,-37.13985442839406,174.70766259674076,1751668.5116737245,5888248.09055,1751668.51165,5888248.09055
"POINT (1765390.02905 5899859.6699)",159500,Clendon Park West,0.59408604,0.59408604,-37.03291356727825,174.85952615914493,1765390.0290500005,5899859.669910571,1765390.02905,5899859.6699
"POINT (1768832.99485 5902243.04185)",159600,Hillpark North,0.66048296,0.66048296,-37.010827871783874,174.89768291676393,1768832.9948316286,5902243.041850001,1768832.99485,5902243.04185
"POINT (1765866.0825 5900021.42945)",159700,Clendon Park East,0.46283706,0.46283706,-37.0313721924448,174.86484033740683,1765866.082500001,5900021.429442813,1765866.0825,5900021.42945
"POINT (1755741.97695 5889043.4163)",159800,Karaka Creek,34.78082116,34.78082116,-37.132019036535844,174.75334172946785,1755741.9769661576,5889043.4163,1755741.97695,5889043.4163
"POINT (1766522.54495 5900320.87795)",159900,Rowandale West,0.68821829,0.68821829,-37.028558088377174,174.8721511547047,1766522.544950001,5900320.877963437,1766522.54495,5900320.87795
"POINT (1767300.3603 5900714.47525)",160000,Rowandale East,0.83150553,0.83150553,-37.02487369973822,174.88080410370011,1767300.3602999994,5900714.47526003,1767300.3603,5900714.47525
"POINT (1768307.03955 5901197.848)",160100,Manurewa Central,1.0739926,1.0739926,-37.020338887334795,174.89200763848004,1768307.0395499996,5901197.847979545,1768307.03955,5901197.848
"POINT (1765816.3862 5899203.08925)",160200,Weymouth North,1.01885091,1.01885091,-37.038753881671674,174.86446217436475,1765816.3861785564,5899203.08925,1765816.3862,5899203.08925
"POINT (1769086.6936 5901485.75945)",160300,Hillpark South,1.08741456,1.08741456,-37.017604936468075,174.90070303148988,1769086.693616788,5901485.75945,1769086.6936,5901485.75945
"POINT (1771501.93745 5902371.3618)",160400,Alfriston,1.95225438,1.95225438,-37.00918842333437,174.92763729592727,1771501.9374284057,5902371.3618,1771501.93745,5902371.3618
"POINT (1766948.2512 5899362.11745)",160500,Weymouth East,0.98724324,0.98724324,-37.03712047485707,174.87714753954185,1766948.251182991,5899362.11745,1766948.2512,5899362.11745
"POINT (1767638.61915 5899919.12525)",160600,Leabank,1.48914559,1.48914559,-37.03197908040005,174.88478207303697,1767638.6191271334,5899919.1252500005,1767638.61915,5899919.12525
"POINT (1765794.8515 5898225.7041)",160700,Weymouth South,1.0583023,1.0583023,-37.04756351505644,174.8644355586184,1765794.8514999994,5898225.704077812,1765794.8515,5898225.7041
"POINT (1769407.56555 5900586.41225)",160800,Manurewa East,0.82830357,0.82830357,-37.02564970481996,174.9045104496705,1769407.5655499995,5900586.412269426,1769407.56555,5900586.41225
"POINT (1769029.95805 5899957.00455)",160900,Manurewa South,1.21704371,1.21704371,-37.03138834525827,174.9004087645593,1769029.95805,5899957.004530961,1769029.95805,5899957.00455
"POINT (1770584.42825 5900938.289)",161000,Randwick Park East,0.74726124,0.74726124,-37.02226648755122,174.9176545164232,1770584.4282271797,5900938.289000023,1770584.42825,5900938.289
"POINT (1767145.38265 5897946.44435)",161100,Wattle Downs West,1.47727217,1.47727217,-37.04983990068208,174.87967752466872,1767145.3826270183,5897946.4443500005,1767145.38265,5897946.44435
"POINT (1768412.56415 5899185.11145)",161200,Wattle Downs North,0.55995069,0.55995069,-37.03845362095931,174.8936435764328,1768412.5641460405,5899185.111425,1768412.56415,5899185.11145
"POINT (1770334.35675 5900562.5232)",161300,Randwick Park West,0.70415333,0.70415333,-37.02569727905591,174.91492972549648,1770334.356732259,5900562.523199994,1770334.35675,5900562.5232
"POINT (1764777.1545 5891879.85235)",161400,Kingseat-Karaka,86.68303691,86.68303691,-37.10491626575264,174.8543888398646,1764777.1544999983,5891879.852366284,1764777.1545,5891879.85235
"POINT (1768251.3487 5898287.9044)",161500,Wattle Downs East,1.01653039,1.01653039,-37.046565863676136,174.89203241584343,1768251.3486999997,5898287.9044220615,1768251.3487,5898287.9044
"POINT (1771953.1974 5900622.09635)",161600,Takanini North,5.27797252,5.27797252,-37.02486553890631,174.93310603689375,1771953.1973999997,5900622.096354974,1771953.1974,5900622.09635
"POINT (1770324.92885 5899773.3898)",161700,Takanini Industrial,0.88082534,0.88082534,-37.0328085581396,174.9150023342999,1770324.9288632334,5899773.3898,1770324.92885,5899773.3898
"POINT (1769711.2338 5898542.7313)",161800,Conifer Grove West,1.58524567,1.58524567,-37.04400714050417,174.9083834739824,1769711.233799999,5898542.731306239,1769711.2338,5898542.7313
"POINT (1770361.54755 5898454.86945)",161900,Conifer Grove East,0.64940367,0.64940367,-37.044680885156495,174.91571236183688,1770361.5475499993,5898454.869435502,1770361.54755,5898454.86945
"POINT (1770805.82335 5899039.15205)",162000,Takanini West,0.68632776,0.68632776,-37.03933615569514,174.920573029711,1770805.8233500011,5899039.152050307,1770805.82335,5899039.15205
"POINT (1772368.91155 5898796.24365)",162100,Takanini South,2.31946523,2.31946523,-37.04123881674181,174.93819522487263,1772368.9115593089,5898796.243650001,1772368.91155,5898796.24365
"POINT (1771499.2417 5897847.46535)",162200,Takanini Central,1.0758688,1.0758688,-37.04994590644905,174.92863763227763,1771499.2416844382,5897847.465349996,1771499.2417,5897847.46535
"POINT (1776855.387 5898176.54345)",162300,Ardmore,44.27039069,44.27039069,-37.04598697188205,174.98876158653965,1776855.387012348,5898176.54345,1776855.387,5898176.54345
"POINT (1755639.55785 5880087.17955)",162400,Glenbrook,53.15871459,53.15871459,-37.212731205648716,174.75405406254873,1755639.5578500004,5880087.179569682,1755639.55785,5880087.17955
"POINT (1770501.54935 5895293.12055)",162500,Hingaia,3.61458122,3.61458122,-37.07314053291501,174.91800302601638,1770501.5493302918,5895293.12055,1770501.54935,5895293.12055
"POINT (1772846.15845 5897914.09355)",162600,Takanini South East,1.46830602,1.46830602,-37.04909847814761,174.9437615029068,1772846.1584346737,5897914.09355,1772846.15845,5897914.09355
"POINT (1791485.9887 5905658.26315)",162700,Kawakawa Bay-Orere,208.77629104,208.77629104,-36.975720131720685,175.15128175429257,1791485.988722158,5905658.26315,1791485.9887,5905658.26315
"POINT (1771983.0667 5897232.4582)",162800,Papakura West,0.56017307,0.56017307,-37.055398067246415,174.9342164531662,1771983.0666999985,5897232.458189828,1771983.0667,5897232.4582
"POINT (1782626.44955 5901060.94135)",162900,Clevedon,49.97409979,49.97409979,-37.018897284152324,175.05292076680254,1782626.4495309223,5901060.94135,1782626.44955,5901060.94135
"POINT (1773247.41605 5897044.1606)",163000,Papakura North,1.24878307,1.24878307,-37.05686180739098,174.94847195519844,1773247.4160500015,5897044.160608402,1773247.41605,5897044.1606
"POINT (1771902.07125 5895616.8589)",163100,Pahurehure,1.20706182,1.20706182,-37.06996815107807,174.93367553451623,1771902.071249999,5895616.858918946,1771902.07125,5895616.8589
"POINT (1772621.41595 5896146.68265)",163200,Papakura Central,1.56524225,1.56524225,-37.0650627299192,174.94164128755358,1772621.4159581373,5896146.68265,1772621.41595,5896146.68265
"POINT (1774781.583 5897466.26355)",163300,Papakura North East,1.48813302,1.48813302,-37.052774463650444,174.9656190320485,1774781.5830015647,5897466.26355,1774781.583,5897466.26355
"POINT (1771131.38305 5894286.79495)",163400,Karaka Lakes,3.32961391,3.32961391,-37.082091967635634,174.925313813826,1771131.3830500003,5894286.7949692765,1771131.38305,5894286.79495
"POINT (1774425.8868 5896689.73435)",163500,Papakura Kelvin,1.0170488,1.0170488,-37.05983645103912,174.96180111963068,1774425.886799998,5896689.734374037,1774425.8868,5896689.73435
"POINT (1773759.4811 5895836.51485)",163600,Papakura Massey Park,0.89410414,0.89410414,-37.067646865463466,174.95450717705413,1773759.4810750012,5895836.514837645,1773759.4811,5895836.51485
"POINT (1772190.58845 5894490.4242)",163700,Rosehill,1.5450669,1.5450669,-37.080063427501855,174.93717752478673,1772190.5884500002,5894490.424174702,1772190.58845,5894490.4242
"POINT (1763418.5791 5883991.1149)",163800,Patumahoe,34.3789767,34.3789767,-37.17622837121149,174.84082871418875,1763418.579093677,5883991.1149,1763418.5791,5883991.1149
"POINT (1775891.5243 5896855.0407)",163900,Papakura East,2.01763956,2.01763956,-37.05807350416281,174.97823783351365,1775891.5242827171,5896855.0407,1775891.5243,5896855.0407
"POINT (1773314.30305 5894811.2987)",164000,Opaheke,1.10860606,1.10860606,-37.076965519010685,174.94973883414087,1773314.3030732148,5894811.2987,1773314.30305,5894811.2987
"POINT (1774568.347 5895334.8379)",164100,Papakura Industrial,1.53812909,1.53812909,-37.07201623870426,174.9637172937965,1774568.3469944485,5895334.8379,1774568.347,5895334.8379
"POINT (1775805.86695 5895801.2455)",164200,Red Hill,2.10299758,2.10299758,-37.06758315269663,174.97752147740496,1775805.8669608575,5895801.2455,1775805.86695,5895801.2455
"POINT (1772185.92105 5891258.8993)",164300,Drury,10.39171466,10.39171466,-37.10917747437045,174.9378665624988,1772185.9210500002,5891258.899305141,1772185.92105,5891258.8993
"POINT (1752848.5423 5876590.9687)",164400,Tamakae,1.34096253,1.34096253,-37.24469360367332,174.7233294058757,1752848.5422999999,5876590.9687185,1752848.5423,5876590.9687
"POINT (1754345.65175 5876766.7077)",164500,Hamilton Estate,2.25936313,2.25936313,-37.24286339102234,174.74016545638193,1754345.651761291,5876766.7077,1754345.65175,5876766.7077
"POINT (1775240.5766 5891101.92535)",164600,Drury Rural,36.01984545,36.01984545,-37.11002487801685,174.97226347484545,1775240.5766000005,5891101.9253280815,1775240.5766,5891101.92535
"POINT (1753329.0919 5875372.27185)",164700,Waiuku Central,1.13129482,1.13129482,-37.25559501717952,174.72899618968754,1753329.0919000055,5875372.2718603,1753329.0919,5875372.27185
"POINT (1753801.00865 5874957.708)",164800,Waiuku East,0.83260925,0.83260925,-37.259252376811304,174.73440113774922,1753801.0086400993,5874957.708000001,1753801.00865,5874957.708
"POINT (1754815.22495 5875099.83285)",164900,Kendallvale,2.14461839,2.14461839,-37.2578037818798,174.74580397793733,1754815.224973088,5875099.83285,1754815.22495,5875099.83285
"POINT (1763118.22125 5879467.94615)",165000,Puni,38.19125809,38.19125809,-37.21703227646881,174.8384351581559,1763118.2212299893,5879467.94615,1763118.22125,5879467.94615
"POINT (1772009.07585 5885493.3491)",165100,Ramarama,43.61323226,43.61323226,-37.16115217792419,174.9372015725265,1772009.0758389425,5885493.349099999,1772009.07585,5885493.3491
"POINT (1785315.55635 5894446.2521)",165200,Hunua,77.83522901,77.83522901,-37.077958240783744,175.08476098300753,1785315.5563597279,5894446.2521,1785315.55635,5894446.2521
"POINT (1768190.1034 5883502.87675)",165300,Pukekohe North West,4.78268248,4.78268248,-37.17977995503855,174.89466102221195,1768190.1034,5883502.876765622,1768190.1034,5883502.87675
"POINT (1770811.1652 5883402.72555)",165400,Anselmi Ridge,7.53407825,7.53407825,-37.18020648968908,174.92419510164973,1770811.1651764126,5883402.72555,1770811.1652,5883402.72555
"POINT (1767495.9974 5880866.50935)",165500,Pukekohe West,2.20726084,2.20726084,-37.20365636242096,174.88743710661373,1767495.9974000002,5880866.509343669,1767495.9974,5880866.50935
"POINT (1769622.96865 5882571.02335)",165600,Cape Hill,0.71737513,0.71737513,-37.18791597653063,174.91100566812736,1769622.9686321118,5882571.02335,1769622.96865,5882571.02335
"POINT (1768197.40815 5880563.6139)",165700,Rosa Birch Park,0.79170524,0.79170524,-37.20625902314687,174.8954053176411,1768197.4081588439,5880563.6139,1768197.40815,5880563.6139
"POINT (1769856.78575 5881532.2274)",165800,Rooseville Park,1.34580916,1.34580916,-37.19723207651753,174.9138748419645,1769856.7857499998,5881532.227380147,1769856.78575,5881532.2274
"POINT (1768010.0981 5879081.53925)",165900,Cloverlea (Auckland),2.37781817,2.37781817,-37.21964503573659,174.89362936921142,1768010.0981223367,5879081.539249999,1768010.0981,5879081.53925
"POINT (1769821.0796 5880006.80675)",166000,Pukekohe Central,2.93912134,2.93912134,-37.210981207624364,174.91381982032496,1769821.0795999984,5880006.806744354,1769821.0796,5880006.80675
"POINT (1768842.3349 5880081.1701)",166100,Pukekohe Hospital,0.73485622,0.73485622,-37.21048892975236,174.90277847099668,1768842.334874999,5880081.170104747,1768842.3349,5880081.1701
"POINT (1770265.3554 5878182.25625)",166200,Buckland,8.62446303,8.62446303,-37.22733764411627,174.91924063776497,1770265.3553999998,5878182.256237604,1770265.3554,5878182.25625
"POINT (1778475.864 5883432.2254)",166300,Bombay Hills,31.67306887,31.67306887,-37.17850737636984,175.0104837821098,1778475.8639999996,5883432.225388404,1778475.864,5883432.2254
"POINT (1784454.05045 5886463.0273)",166400,Ararimu,90.92548169,90.92548169,-37.15004363761415,175.07703922724923,1784454.0504490575,5886463.0273,1784454.05045,5886463.0273
"POINT (1823033.41645 5934627.4326)",166500,Colville,542.60414558,542.60414558,-36.70787335332617,175.4969193696291,1823033.4164342687,5934627.432600001,1823033.41645,5934627.4326
"POINT (1849860.3603 5943307.1694)",166600,Islands Thames-Coromandel District,35.38512732,35.38512732,-36.62304404639504,175.7941188238887,1849860.3603000003,5943307.16938231,1849860.3603,5943307.1694
"POINT (1822939.59895 5929059.3979)",166700,Coromandel,10.87063843,10.87063843,-36.758042510710666,175.4974947081086,1822939.5989473849,5929059.3979,1822939.59895,5929059.3979
"POINT (1819844.8767 5925599.93115)",166800,Inlets Thames-Coromandel District,0,91.64539703,-36.78992239778517,175.46385265361027,1819844.8767000008,5925599.931136275,1819844.8767,5925599.93115
"POINT (1839400.6224 5927306.33065)",166900,Mercury Bay North,305.23544376,305.23544376,-36.76981654553342,175.68227345258558,1839400.6223999923,5927306.330650289,1839400.6224,5927306.33065
"POINT (1840062.9462 5921865.6057)",167000,Whitianga North,12.51321515,12.51321515,-36.81864157620524,175.69140139192837,1840062.9462000006,5921865.60567605,1840062.9462,5921865.6057
"POINT (1840134.785 5920325.2048)",167100,Whitianga South,4.82697474,4.87532654,-36.832494222025005,175.69269232694285,1840134.7849876657,5920325.2048,1840134.785,5920325.2048
"POINT (1825654.55635 5900500.6199)",167200,Thames Coast,116.10214377,116.10214377,-37.01459438555433,175.5363812903553,1825654.5563499974,5900500.619914923,1825654.55635,5900500.6199
"POINT (1843803.6008 5919879.2047)",167300,Cooks Beach-Ferry Landing,2.69565289,2.69565289,-36.835571650079316,175.73393250406625,1843803.6007874939,5919879.204700001,1843803.6008,5919879.2047
"POINT (1841290.94235 5908892.2734)",167400,Mercury Bay South,359.36150897,359.36150897,-36.9351480088051,175.70928094474453,1841290.9423353774,5908892.273400003,1841290.94235,5908892.2734
"POINT (1832004.31885 5888926.1307)",167500,Kauaeranga,180.50531134,180.50531134,-37.11727582618558,175.61125966222426,1832004.3188436073,5888926.130700001,1832004.31885,5888926.1307
"POINT (1825341.60135 5887856.4295)",167600,Thames North,2.6221865,2.6221865,-37.12853645550829,175.53665889474092,1825341.6013500001,5887856.429496913,1825341.60135,5887856.4295
"POINT (1825646.29705 5886597.4199)",167700,Thames Central,1.27303449,1.27303449,-37.13980084475329,175.5404650372021,1825646.2970500002,5886597.419895222,1825646.29705,5886597.4199
"POINT (1827195.67285 5885380.88395)",167800,Thames South,3.27854971,3.27854971,-37.15038095086469,175.55826225779464,1827195.6728500007,5885380.883941954,1827195.67285,5885380.88395
"POINT (1846905.66165 5891872.6769)",167900,Hikuai,284.1788817,284.1788817,-37.086934973212244,175.7778336827477,1846905.6616499994,5891872.6768848095,1846905.66165,5891872.6769
"POINT (1827487.03135 5883311.68145)",168000,Totora-Kopu,8.38949216,8.38949216,-37.168943594759185,175.56216922322884,1827487.031349375,5883311.68145,1827487.03135,5883311.68145
"POINT (1853933.5476 5901920.06655)",168100,Tairua,4.17158893,4.17158893,-36.994599138902004,175.8534232860937,1853933.5475999988,5901920.066545873,1853933.5476,5901920.06655
"POINT (1853700.66135 5897059.57565)",168200,Pauanui,9.8991674,9.8991674,-37.03842202456027,175.85244584318934,1853700.6613506358,5897059.57565,1853700.66135,5897059.57565
"POINT (1837207.52235 5875721.2644)",168300,Matatoki-Puriri,161.08765897,161.08765897,-37.23487297634196,175.67395561105795,1837207.5223500002,5875721.264391558,1837207.52235,5875721.2644
"POINT (1850952.26265 5880239.2084)",168400,Whangamata Rural,153.6759555,153.6759555,-37.19059905060439,175.82720832036156,1850952.2626500002,5880239.208409285,1850952.26265,5880239.2084
"POINT (1854371.68425 5877593.48215)",168500,Whangamata,8.46085358,8.46085358,-37.21349280845335,175.86658896711256,1854371.68425,5877593.482121192,1854371.68425,5877593.48215
"POINT (1801629.10455 5889771.41295)",168600,Miranda-Pukorokoro,81.33903012,81.33903012,-37.1166985073283,175.26941537538863,1801629.1045500003,5889771.412966855,1801629.10455,5889771.41295
"POINT (1812885.04405 5872255.5383)",168700,Hauraki Plains North,178.88448351,178.88448351,-37.27195824795096,175.40100003649675,1812885.0440640622,5872255.5383,1812885.04405,5872255.5383
"POINT (1826433.25965 5875864.8012)",168800,Hauraki Plains East,90.71347014,90.71347014,-37.23625990376516,175.55257019678527,1826433.2596500004,5875864.801185965,1826433.25965,5875864.8012
"POINT (1820901.7497 5871409.10485)",168900,Ngatea,3.35011915,3.35011915,-37.27771300812843,175.49159028529618,1820901.7497014601,5871409.10485,1820901.7497,5871409.10485
"POINT (1819617.15295 5861893.99845)",169000,Hauraki Plains South,251.3472135,251.3472135,-37.363705166197484,175.47992917029885,1819617.1529298981,5861893.99845,1819617.15295,5861893.99845
"POINT (1834882.3548 5860265.266)",169100,Paeroa Rural,272.59024746,272.59024746,-37.37463214638662,175.652658007764,1834882.3548000003,5860265.265987697,1834882.3548,5860265.266
"POINT (1836821.4189 5860114.57805)",169200,Paeroa,6.86961243,6.86961243,-37.375495885634216,175.67458343461018,1836821.4189123781,5860114.578050001,1836821.4189,5860114.57805
"POINT (1851138.40255 5865708.5359)",169300,Waihi Rural,375.71388938,375.71388938,-37.321368692719886,175.83420373002173,1851138.402549991,5865708.535900295,1851138.40255,5865708.5359
"POINT (1850946.59085 5858171.6911)",169400,Waihi North,2.63786485,2.63786485,-37.38927350769433,175.83459394795432,1850946.5908229933,5858171.6910999995,1850946.59085,5858171.6911
"POINT (1852701.61955 5859054.48405)",169500,Waihi East,4.07789205,4.07789205,-37.38084934550502,175.85409414861283,1852701.6195463128,5859054.484050002,1852701.61955,5859054.48405
"POINT (1851375.05105 5857396.094)",169600,Waihi South,2.69091253,2.69091253,-37.396139928343516,175.83969183911316,1851375.0510310559,5857396.094,1851375.05105,5857396.094
"POINT (1755065.8418 5869971.14115)",169700,Aka Aka,186.92631347,186.92631347,-37.303970517807024,174.7496985868419,1755065.8418172617,5869971.14115,1755065.8418,5869971.14115
"POINT (1792206.60345 5888280.92135)",169800,Mangatangi,258.18745054,258.18745054,-37.13210682090234,175.16381431619058,1792206.6034499998,5888280.921337223,1792206.60345,5888280.92135
"POINT (1773062.88145 5878670.6728)",169900,Tuakau Rural,46.00274736,46.00274736,-37.22242245135572,174.95064459580223,1773062.8814499958,5878670.672776461,1773062.88145,5878670.6728
"POINT (1772874.4509 5874852.93515)",170000,Tuakau North,2.69515135,2.69515135,-37.256850777440036,174.94940771519782,1772874.4509,5874852.935145289,1772874.4509,5874852.93515
"POINT (1765829.4819 5863813.75005)",170100,Onewhero,205.40043727,205.40043727,-37.35758550877309,174.87247046821813,1765829.4818999995,5863813.750051869,1765829.4819,5863813.75005
"POINT (1781137.8455 5879981.523)",170200,Pokeno Rural,84.96211165,84.96211165,-37.20908018923461,175.0412901275816,1781137.8455000026,5879981.52298869,1781137.8455,5879981.523
"POINT (1772043.36415 5873534.12105)",170300,Tuakau South,2.65879041,2.65879041,-37.26888567782885,174.94034582790266,1772043.364150001,5873534.121033907,1772043.36415,5873534.12105
"POINT (1757467.46645 5852224.68)",170400,Port Waikato-Waikaretu,210.12459807,210.12459807,-37.46345339787999,174.7805634688341,1757467.4664500034,5852224.679978132,1757467.46645,5852224.68
"POINT (1779940.90575 5876353.8571)",170500,Pokeno,10.1034516,10.1034516,-37.24199137681273,175.02868476739226,1779940.9057490542,5876353.857100001,1779940.90575,5876353.8571
"POINT (1777437.4467 5863759.534)",170600,Pukekawa,140.86462886,140.86462886,-37.355926882920095,175.003484432278,1777437.4466999997,5863759.534001626,1777437.4467,5863759.534
"POINT (1794624.44325 5872398.6898)",170700,Maramarua,267.63983506,267.63983506,-37.27466614866258,175.19515691883973,1794624.44325,5872398.689782832,1794624.44325,5872398.6898
"POINT (1790015.68515 5861950.3703)",170801,Rangiriri,130.81164483,166.2434074,-37.3697328428929,175.14588423123118,1790015.685150001,5861950.370296462,1790015.68515,5861950.3703
"POINT (1788858.01355 5857638.97805)",170802,Te Kauwhata West,6.54904673,6.54904673,-37.408804452866896,175.13391968306914,1788858.013565315,5857638.97805,1788858.01355,5857638.97805
"POINT (1772325.16965 5839645.07685)",170900,Te Akau,804.11104756,816.01221627,-37.57412525870136,174.95143176297566,1772325.16965,5839645.076863297,1772325.16965,5839645.07685
"POINT (1767652.853 5816008.6492)",171000,Inlets Waikato District,0,65.35648,-37.787914631525545,174.90398521429844,1767652.8530000034,5816008.649210092,1767652.853,5816008.6492
"POINT (1790090.2353 5858366.6732)",171100,Te Kauwhata,1.73959283,1.73959283,-37.401997702915395,175.14764654100014,1790090.2352902843,5858366.6732,1790090.2353,5858366.6732
"POINT (1787677.8343 5843374.0853)",171200,Huntly Rural,350.65253517,350.65253517,-37.53753546484711,175.1242281145852,1787677.8342999998,5843374.085303913,1787677.8343,5843374.0853
"POINT (1803722.7921 5855653.805)",171300,Waerenga,261.74508611,261.74508611,-37.423534025868236,175.3023059058929,1803722.7920999993,5855653.805017891,1803722.7921,5855653.805
"POINT (1789495.3884 5843311.333)",171400,Huntly West,5.77441253,5.77441253,-37.53772891981318,175.14480312551925,1789495.3884000038,5843311.332992043,1789495.3884,5843311.333
"POINT (1791694.6621 5841719.8859)",171500,Huntly East,11.35748845,11.35748845,-37.551608629850094,175.17009501170332,1791694.6621000008,5841719.885920087,1791694.6621,5841719.8859
"POINT (1763433.38045 5813504.9604)",171600,Raglan,4.90178671,4.90178671,-37.81123353663679,174.85665393388993,1763433.3804625736,5813504.9604,1763433.38045,5813504.9604
"POINT (1803783.58945 5835905.1475)",171700,Whitikahu,253.62685866,253.62685866,-37.60138358299546,175.30846700078226,1803783.5894341702,5835905.147499999,1803783.58945,5835905.1475
"POINT (1768216.5009 5805018.76465)",171801,Te Uku,500.14265671,500.14265671,-37.88680923722289,174.91293891281984,1768216.5009102835,5805018.76465,1768216.5009,5805018.76465
"POINT (1762443.18445 5810329.3203)",171802,Whale Bay,48.74010087,48.74010087,-37.84001795828109,174.84612315066775,1762443.1844676416,5810329.3203,1762443.18445,5810329.3203
"POINT (1793167.0965 5830550.7209)",171900,Taupiri-Lake Kainui,47.20301047,47.20301047,-37.651900945493054,175.18970070022456,1793167.0965000007,5830550.720882494,1793167.0965,5830550.7209
"POINT (1790217.4818 5830017.38305)",172000,Ngaruawahia North,3.71233567,3.71233567,-37.65732052819895,175.15642537316714,1790217.4818238572,5830017.38305,1790217.4818,5830017.38305
"POINT (1790082.2468 5828115.5267)",172100,Ngaruawahia Central,3.84713097,3.84713097,-37.67447859829361,175.15538878908026,1790082.2467750767,5828115.526699999,1790082.2468,5828115.5267
"POINT (1789291.9933 5827142.26265)",172200,Ngaruawahia South,4.42383165,4.42383165,-37.68340822540573,175.14668638894568,1789291.9932999974,5827142.26262451,1789291.9933,5827142.26265
"POINT (1801927.84985 5828895.64)",172300,Kainui-Gordonton,88.43211584,88.43211584,-37.664922223457964,175.28939750706704,1801927.8498353907,5828895.640000001,1801927.84985,5828895.64
"POINT (1790366.90865 5822933.8278)",172400,Te Kowhai,44.94853066,44.94853066,-37.72109086439007,175.15996878801081,1790366.90865,5822933.827792833,1790366.90865,5822933.8278
"POINT (1784466.54525 5817122.09315)",172500,Whatawhata West,50.68723006,50.68723006,-37.77464599406275,175.09453844077058,1784466.5452499976,5817122.093128864,1784466.54525,5817122.09315
"POINT (1794197.6162 5824816.5534)",172600,Horotiu,3.23027786,3.23027786,-37.703329620055854,175.202901809124,1794197.6161887175,5824816.553400001,1794197.6162,5824816.5534
"POINT (1799316.25005 5824438.72105)",172700,Horsham Downs,15.78949498,15.78949498,-37.705633671868505,175.26102805138044,1799316.2500410131,5824438.72105,1799316.25005,5824438.72105
"POINT (1789718.54705 5814493.18095)",172800,Whatawhata East,47.45929812,47.45929812,-37.79724933490077,175.15482219608347,1789718.5470500002,5814493.18092547,1789718.54705,5814493.18095
"POINT (1794403.3111 5814598.2793)",172900,Rotokauri,15.64035555,15.64035555,-37.79531775590107,175.2079676685174,1794403.3110999814,5814598.279301947,1794403.3111,5814598.2793
"POINT (1806771.2207 5818516.66595)",173000,Hamilton Park,46.31842017,46.31842017,-37.75731454695505,175.34721655664532,1806771.2207,5818516.665924538,1806771.2207,5818516.66595
"POINT (1813983.40355 5819909.74685)",173100,Eureka-Tauwhare,135.54992361,135.54992361,-37.74311107760282,175.4286108054244,1813983.4035559408,5819909.746850001,1813983.40355,5819909.74685
"POINT (1807410.2288 5812312.62765)",173200,Tamahere North,18.67399557,18.67399557,-37.81304094581385,175.3562389605005,1807410.228812235,5812312.62765,1807410.2288,5812312.62765
"POINT (1812447.752 5813623.17595)",173300,Pukemoremore,43.27696466,43.27696466,-37.80008091472469,175.4130362809793,1812447.7519849432,5813623.17595,1812447.752,5813623.17595
"POINT (1810050.2177 5808306.84305)",173400,Tamahere South,38.83551021,38.83551021,-37.848510752507664,175.38736893162266,1810050.217688224,5808306.843049997,1810050.2177,5808306.84305
"POINT (1818412.3499 5843572.29875)",173500,Tahuna-Mangateparu,238.9259927,238.9259927,-37.52898302615522,175.4717615797515,1818412.3499000003,5843572.298739334,1818412.3499,5843572.29875
"POINT (1833722.77155 5845023.82035)",173600,Mangaiti,258.10134076,258.10134076,-37.512161275757386,175.644403737431,1833722.77153634,5845023.820350001,1833722.77155,5845023.82035
"POINT (1829329.25365 5830150.12305)",173700,Tatuanui,144.46187636,144.46187636,-37.64719009161899,175.5993965283167,1829329.253649998,5830150.123058377,1829329.25365,5830150.12305
"POINT (1822784.8929 5822852.9298)",173800,Tahuroa,181.88057484,181.88057484,-37.71450920217005,175.5275145809526,1822784.892899999,5822852.929785995,1822784.8929,5822852.9298
"POINT (1823828.013 5830354.11665)",173900,Morrinsville East,3.87723599,3.87723599,-37.646710355968956,175.53703541113774,1823828.0129930298,5830354.11665,1823828.013,5830354.11665
"POINT (1822267.0001 5829260.47135)",174000,Morrinsville West,3.90334516,3.90334516,-37.656937389161804,175.51969039042518,1822267.0000943867,5829260.471349999,1822267.0001,5829260.47135
"POINT (1839385.42385 5842463.68585)",174100,Te Aroha East,4.68067303,4.68067303,-37.53376024718739,175.7092417506409,1839385.423849998,5842463.685831333,1839385.42385,5842463.68585
"POINT (1838362.51795 5840633.2715)",174200,Te Aroha West,6.29337507,6.29337507,-37.55050548059494,175.6982711099373,1838362.5179494238,5840633.271500001,1838362.51795,5840633.2715
"POINT (1843012.091 5837889.95785)",174300,Waihou-Manawaru,140.78767955,140.78767955,-37.57398983731228,175.75175832230588,1843012.091,5837889.957825791,1843012.091,5837889.95785
"POINT (1838621.85055 5831099.12725)",174400,Waitoa-Ngarua,107.28217597,107.28217597,-37.636278765857256,175.70431056883547,1838621.8505233922,5831099.12725,1838621.85055,5831099.12725
"POINT (1834699.73845 5817565.68745)",174500,Richmond Downs-Wardville,206.65513058,206.65513058,-37.75913877690329,175.66426554372617,1834699.7384575396,5817565.68745,1834699.73845,5817565.68745
"POINT (1841388.3297 5813859.3518)",174600,Waharoa-Peria,74.20316395,74.20316395,-37.79076623059553,175.74134718588004,1841388.3296999976,5813859.351777231,1841388.3297,5813859.3518
"POINT (1851364.2936 5815781.0734)",174700,Okauia,120.03161849,120.03161849,-37.77077735148626,175.8538477441299,1851364.2935851703,5815781.0734,1851364.2936,5815781.0734
"POINT (1838686.03715 5803626.9607)",174800,Hinuera,130.30875315,130.30875315,-37.88359855371588,175.7140658384454,1838686.0371711792,5803626.9607,1838686.03715,5803626.9607
"POINT (1844917.90625 5811570.91695)",174900,Matamata North,2.13192215,2.13192215,-37.81042884324915,175.78216127416587,1844917.9062655708,5811570.91695,1844917.90625,5811570.91695
"POINT (1844005.6787 5810875.5048)",175000,Matamata South,4.02604986,4.02604986,-37.8169335784081,175.77204418240953,1844005.678691811,5810875.504799999,1844005.6787,5810875.5048
"POINT (1851906.73035 5805089.42765)",175100,Te Poi,127.84843443,127.84843443,-37.86687330363017,175.86371818920546,1851906.730323682,5805089.42765,1851906.73035,5805089.42765
"POINT (1795977.93395 5820784.0442)",175200,Te Rapa North,9.23197466,9.23197466,-37.739269558934495,175.2241693531308,1795977.9339499995,5820784.044198308,1795977.93395,5820784.0442
"POINT (1797604.60245 5822642.96605)",175300,Flagstaff North,1.7641832,1.7641832,-37.72217766125023,175.24211250267217,1797604.602459196,5822642.96605,1797604.60245,5822642.96605
"POINT (1794560.3886 5819885.73795)",175400,Rotokauri-Waiwhakareke,7.10135379,7.10135379,-37.74766263313587,175.20833301374896,1794560.3886000002,5819885.737928918,1794560.3886,5819885.73795
"POINT (1797477.631 5821929.50795)",175500,Flagstaff South,1.63871473,1.63871473,-37.72863074317806,175.24086652688842,1797477.6309837794,5821929.50795,1797477.631,5821929.50795
"POINT (1799663.70565 5823121.59395)",175600,Rototuna North,2.66472386,2.66472386,-37.71742045727719,175.26532801663265,1799663.7056590323,5823121.59395,1799663.70565,5823121.59395
"POINT (1796907.78405 5820942.14345)",175700,Pukete West,0.8397182,0.8397182,-37.737646094808966,175.23467211991272,1796907.7840500004,5820942.143462145,1796907.78405,5820942.14345
"POINT (1798562.47895 5821388.9797)",175800,Flagstaff East,1.80597939,1.80597939,-37.73326432018135,175.25331565200366,1798562.47895,5821388.97967953,1798562.47895,5821388.9797
"POINT (1799667.3298 5822117.18145)",175900,Rototuna Central,1.44366674,1.44366674,-37.726465670750265,175.26564475704083,1799667.3297870692,5822117.18145,1799667.3298,5822117.18145
"POINT (1797810.9567 5820475.2714)",176000,Pukete East,1.09134429,1.09134429,-37.74165619305806,175.24504191044832,1797810.9566999995,5820475.271377046,1797810.9567,5820475.2714
"POINT (1801097.339 5822144.75875)",176100,Te Manatu,1.32591108,1.32591108,-37.725904406018124,175.2818518162979,1801097.339016043,5822144.75875,1801097.339,5822144.75875
"POINT (1800085.92795 5820891.67115)",176200,Rototuna South,1.97767227,1.97767227,-37.73741151927371,175.27072841197827,1800085.927958769,5820891.67115,1800085.92795,5820891.67115
"POINT (1797248.9522 5818345.56435)",176300,Te Rapa South,3.92706785,3.92706785,-37.76095843926359,175.23924619992405,1797248.9522000002,5818345.564335104,1797248.9522,5818345.56435
"POINT (1798167.45265 5819340.815)",176400,Saint Andrews West,1.00595234,1.00595234,-37.751796361585356,175.24939445920816,1798167.4526500003,5819340.814999975,1798167.45265,5819340.815
"POINT (1798860.37425 5819271.7744)",176500,Saint Andrews East,1.59423372,1.59423372,-37.752267818102574,175.2572731008806,1798860.3742499999,5819271.774396595,1798860.37425,5819271.7744
"POINT (1799820.02045 5819865.0241)",176600,Queenwood (Hamilton City),1.48862883,1.48862883,-37.74671580777798,175.26799511132143,1799820.0204325202,5819865.0241,1799820.02045,5819865.0241
"POINT (1801106.02955 5821092.76815)",176700,St James,0.73392729,0.73392729,-37.73537687881923,175.28224126895745,1801106.02955,5821092.768138524,1801106.02955,5821092.76815
"POINT (1796894.2432 5817193.7978)",176800,Crawshaw,0.86398334,0.86398334,-37.771408115819355,175.23553461086334,1796894.2432000008,5817193.797792284,1796894.2432,5817193.7978
"POINT (1801196.4362 5820108.49715)",176900,Huntington,1.26251318,1.26251318,-37.74422148117937,175.28353892795457,1801196.4362053003,5820108.49715,1801196.4362,5820108.49715
"POINT (1796128.6231 5815641.18505)",177000,Western Heights (Hamilton City),1.07152116,1.07152116,-37.78555614617751,175.22726753974752,1796128.623122261,5815641.1850499995,1796128.6231,5815641.18505
"POINT (1796685.42765 5815686.99225)",177100,Nawton West,1.09006111,1.09006111,-37.785023917935874,175.23357386938983,1796685.42765,5815686.992240675,1796685.42765,5815686.99225
"POINT (1797182.5329 5816292.54205)",177200,Nawton East,1.31850932,1.31850932,-37.77946300829775,175.23905046635653,1797182.532891762,5816292.54205,1797182.5329,5816292.54205
"POINT (1800630.31905 5819092.2864)",177300,Chartwell,0.89675001,0.89675001,-37.75349790604573,175.27739888644223,1800630.3190499996,5819092.286379323,1800630.31905,5819092.2864
"POINT (1798388.17125 5817071.36)",177400,Forest Lake (Hamilton City),1.22811347,1.22811347,-37.77218788728905,175.25251812474943,1798388.1712726688,5817071.359999999,1798388.17125,5817071.36
"POINT (1801408.7322 5819433.42205)",177500,Chedworth,0.87746908,0.87746908,-37.750254576860705,175.28613380092432,1801408.732180961,5819433.422049999,1801408.7322,5819433.42205
"POINT (1799199.13165 5817996.17715)",177600,Beerescourt,1.02007455,1.02007455,-37.76368245435991,175.26146548168373,1799199.1316500006,5817996.1771364445,1799199.13165,5817996.17715
"POINT (1800257.3958 5817689.1667)",177700,Miropiko,2.0789901,2.0789901,-37.76621632466071,175.27355575079613,1800257.3958,5817689.166699637,1800257.3958,5817689.1667
"POINT (1801693.56835 5818672.2808)",177800,Porritt,1.23391249,1.23391249,-37.757046722260675,175.28957586476812,1801693.5683295769,5818672.2808,1801693.56835,5818672.2808
"POINT (1797838.008 5815239.4564)",177900,Dinsdale North,1.52121058,1.52121058,-37.78880575914364,175.24677552607434,1797838.0080000004,5815239.4564227145,1797838.008,5815239.4564
"POINT (1799084.4872 5816509.51195)",178000,Maeroa,1.27988267,1.27988267,-37.777096653168954,175.26057266509187,1799084.4871999994,5816509.511948311,1799084.4872,5816509.51195
"POINT (1797052.63555 5814174.2564)",178100,Dinsdale South,1.56104917,1.56104917,-37.79856900514954,175.23815212982328,1797052.6355500005,5814174.25638707,1797052.63555,5814174.2564
"POINT (1801104.9624 5817408.76775)",178200,Fairfield (Hamilton City),1.39912507,1.39912507,-37.76855562389114,175.2832489945665,1801104.9623941276,5817408.767750001,1801104.9624,5817408.76775
"POINT (1799842.98835 5816443.4804)",178300,Whitiora,0.90554719,0.90554719,-37.777525836418235,175.2691973191498,1799842.9883349992,5816443.4804,1799842.98835,5816443.4804
"POINT (1802038.65865 5818139.799)",178400,Enderley North,0.69454961,0.69454961,-37.76176611784558,175.2936385086038,1802038.6586551396,5818139.799,1802038.65865,5818139.799
"POINT (1802837.36885 5817944.9036)",178500,Fairview Downs,1.12332664,1.12332664,-37.76334455873569,175.30275357755303,1802837.3688499995,5817944.903590386,1802837.36885,5817944.9036
"POINT (1795977.9776 5812117.57135)",178600,Temple View,4.37308866,4.37308866,-37.817323488869604,175.22651087743006,1795977.9775999999,5812117.57135158,1795977.9776,5812117.57135
"POINT (1798288.24915 5814670.0863)",178700,Swarbrick,0.50570516,0.50570516,-37.793836048446714,175.2520408424366,1798288.24915,5814670.0862833485,1798288.24915,5814670.0863
"POINT (1798136.1206 5813841.0023)",178800,Kahikatea,0.97755525,0.97755525,-37.801335985376745,175.25054091802167,1798136.1206,5813841.002295614,1798136.1206,5813841.0023
"POINT (1799148.27845 5814418.45545)",178900,Frankton Junction,3.34097029,3.34097029,-37.795915207829616,175.2618706965129,1799148.278425,5814418.455428301,1799148.27845,5814418.45545
"POINT (1800310.1517 5815976.74975)",179000,Kirikiriroa,0.50947204,0.50947204,-37.78162701698739,175.27462694626692,1800310.1517000005,5815976.7497389745,1800310.1517,5815976.74975
"POINT (1802274.46335 5817248.50465)",179100,Enderley South,0.76575486,0.76575486,-37.76974099758093,175.29656183806378,1802274.4633499999,5817248.504659253,1802274.46335,5817248.50465
"POINT (1804258.37715 5816586.3849)",179200,Ruakura,9.02473614,9.02473614,-37.775262922339024,175.3192560696348,1804258.3771499996,5816586.384914178,1804258.37715,5816586.3849
"POINT (1801461.68245 5816267.29665)",179300,Claudelands,1.38374093,1.38374093,-37.77875724285334,175.28761294911388,1801461.6824499997,5816267.2966440255,1801461.68245,5816267.29665
"POINT (1800874.5022 5815331.2607)",179400,Hamilton Central,1.15979791,1.15979791,-37.787316476966545,175.28120955382363,1800874.5022000002,5815331.260703304,1800874.5022,5815331.2607
"POINT (1800119.8601 5814122.87495)",179500,Hamilton Lake,1.86435898,2.42795572,-37.79836491017777,175.27297929787275,1800119.8601000016,5814122.8749275785,1800119.8601,5814122.87495
"POINT (1802839.93685 5815950.87675)",179600,Peachgrove,1.4355266,1.4355266,-37.78130209537731,175.30334002810315,1802839.936850001,5815950.876738053,1802839.93685,5815950.87675
"POINT (1801782.13765 5814874.441)",179700,Hamilton East Village,1.32122462,1.32122462,-37.79123062180708,175.2916365800152,1801782.13765,5814874.441008629,1801782.13765,5814874.441
"POINT (1801032.2608 5813769.89775)",179800,Hamilton West,0.91466454,0.91466454,-37.801343483523155,175.2834327918568,1801032.2607999998,5813769.897756962,1801032.2608,5813769.89775
"POINT (1803480.82065 5815408.1192)",179900,Greensboro,0.46632181,0.46632181,-37.786047652697846,175.31076438961196,1803480.8206499997,5815408.119211081,1803480.82065,5815408.1192
"POINT (1802833.4449 5814850.7252)",180000,Hamilton East Cook,0.73364708,0.73364708,-37.79121141990689,175.303574051599,1802833.4449000014,5814850.725198634,1802833.4449,5814850.7252
"POINT (1800697.56255 5812840.67955)",180100,Melville North,0.68833641,0.68833641,-37.80978567445959,175.27989126888767,1800697.5625529103,5812840.67955,1800697.56255,5812840.67955
"POINT (1802443.19025 5813753.467)",180200,Hamilton East,2.22133352,2.22133352,-37.801179811596704,175.2994516611191,1802443.1902334811,5813753.467,1802443.19025,5813753.467
"POINT (1800543.64855 5812242.1463)",180300,Melville South,0.98998225,0.98998225,-37.81520991068788,175.278309824891,1800543.6485661436,5812242.1463,1800543.64855,5812242.1463
"POINT (1800279.24415 5811664.318)",180400,Deanwell,0.67020493,0.67020493,-37.82047191107575,175.27546801397295,1800279.2441544456,5811664.318,1800279.24415,5811664.318
"POINT (1801816.11865 5812916.3301)",180500,Bader,1.09710994,1.09710994,-37.808857815660375,175.29256748458695,1801816.1186439954,5812916.330100001,1801816.11865,5812916.3301
"POINT (1803697.18705 5814281.2414)",180600,Hillcrest West (Hamilton City),0.8705409,0.8705409,-37.79614794850904,175.31353622535158,1803697.1870500003,5814281.241414772,1803697.18705,5814281.2414
"POINT (1804464.5569 5814277.72245)",180700,Hillcrest East (Hamilton City),1.01716852,1.01716852,-37.79600820688486,175.32224622697046,1804464.556899999,5814277.7224640325,1804464.5569,5814277.72245
"POINT (1805023.7572 5814723.6489)",180800,Silverdale (Hamilton City),0.80222118,0.80222118,-37.79186697051081,175.3284665320174,1805023.7571999994,5814723.6489159465,1805023.7572,5814723.6489
"POINT (1801425.594 5811760.75015)",180900,Glenview,0.89460211,0.89460211,-37.81935117770128,175.28845589303552,1801425.5940077624,5811760.750150001,1801425.594,5811760.75015
"POINT (1801406.6111 5811109.1499)",181000,Resthill,1.12136603,1.12136603,-37.82522365675339,175.2884216604889,1801406.611105997,5811109.1499,1801406.6111,5811109.1499
"POINT (1802615.9876 5812031.9336)",181100,Fitzroy,1.48944642,1.48944642,-37.81664545719636,175.30189442379313,1802615.9876000024,5812031.933593173,1802615.9876,5812031.9336
"POINT (1804528.09275 5813167.01195)",181200,Riverlea,1.73946533,1.73946533,-37.80599679671497,175.3232807659048,1804528.092746397,5813167.01195,1804528.09275,5813167.01195
"POINT (1803586.06355 5811528.61165)",181300,Peacockes,6.93284813,6.93284813,-37.820962445957925,175.31304861694724,1803586.0635499996,5811528.61165102,1803586.06355,5811528.61165
"POINT (1787076.51705 5801143.0696)",181400,Te Pahu,158.16190076,158.16190076,-37.91803731584408,175.12828921200597,1787076.5170500001,5801143.06961981,1787076.51705,5801143.0696
"POINT (1795238.195 5806264.84265)",181500,Ngahinapouri,73.93840952,73.93840952,-37.870193828337385,175.21969210448927,1795238.1950159809,5806264.84265,1795238.195,5806264.84265
"POINT (1803589.0159 5807302.32375)",181600,Lake Cameron,51.51521929,51.51521929,-37.859022801979776,175.31427169145917,1803589.0159093975,5807302.32375,1803589.0159,5807302.32375
"POINT (1796923.34225 5800084.1242)",181700,Lake Ngaroto,94.56788423,94.56788423,-37.92549565439668,175.2405249500028,1796923.342240291,5800084.1241999995,1796923.34225,5800084.1242
"POINT (1805806.5198 5802743.7966)",181800,Kaipaki,36.52263702,36.52263702,-37.89957683545838,175.34075920650332,1805806.5197914806,5802743.7966,1805806.5198,5802743.7966
"POINT (1793526.61495 5792459.79125)",181900,Pirongia,3.26991434,3.26991434,-37.994891860524504,175.2039568655439,1793526.6149499998,5792459.791235,1793526.61495,5792459.79125
"POINT (1813642.56845 5806838.81185)",182000,Hautapu Rural,14.70911335,14.70911335,-37.86089577574739,175.42859900363717,1813642.5684499932,5806838.811854463,1813642.56845,5806838.81185
"POINT (1797991.18805 5788436.3018)",182100,Pokuru,109.19890882,109.19890882,-38.03016336511776,175.2558760941056,1797991.1880500012,5788436.301789403,1797991.18805,5788436.3018
"POINT (1806667.93005 5796775.63625)",182200,Te Rahu,55.22999877,55.22999877,-37.95312733915357,175.35226148051004,1806667.9300500003,5796775.636249573,1806667.93005,5796775.63625
"POINT (1818466.453 5808213.36385)",182300,Fencourt,25.20991372,25.20991372,-37.8473749526644,175.48297263753298,1818466.4530000002,5808213.363825913,1818466.453,5808213.36385
"POINT (1814536.82415 5804459.538)",182400,Hautapu,7.43406629,7.43406629,-37.88211086761481,175.43946284431257,1814536.8241500002,5804459.538016809,1814536.82415,5804459.538
"POINT (1825960.9246 5806702.5366)",182500,Karapiro,190.80404577,190.80404577,-37.85915229035616,175.5685456563735,1825960.9246,5806702.536581961,1825960.9246,5806702.5366
"POINT (1817274.20505 5805308.81325)",182600,Cambridge North,1.79761004,1.79761004,-37.8738144740383,175.47030713029253,1817274.2050649943,5805308.81325,1817274.20505,5805308.81325
"POINT (1816181.41485 5803961.8817)",182700,Cambridge West,2.23247221,2.23247221,-37.88620325572258,175.45829649928794,1816181.414849996,5803961.881699969,1816181.41485,5803961.8817
"POINT (1817598.26595 5804268.78985)",182800,Cambridge East,1.58485862,1.58485862,-37.883102189013655,175.47430185060446,1817598.2659285169,5804268.789850002,1817598.26595,5804268.78985
"POINT (1815304.2729 5802274.81595)",182900,Cambridge Park-River Garden,3.01453775,3.01453775,-37.90160278160609,175.44883401509696,1815304.2728861892,5802274.81595,1815304.2729,5802274.81595
"POINT (1818708.47045 5804749.7475)",183000,Oaklands-St Kilda,1.68239069,1.68239069,-37.878505432148884,175.486769323231,1818708.4704500006,5804749.747511507,1818708.47045,5804749.7475
"POINT (1815827.67275 5798407.7806)",183100,Pukerimu,77.24726883,77.24726883,-37.93630041246325,175.45594038990689,1815827.6727585676,5798407.7806,1815827.67275,5798407.7806
"POINT (1817631.903 5803144.29755)",183200,Cambridge Central,2.81150339,2.81150339,-37.89321980332502,175.4750231369126,1817631.9029849954,5803144.297549999,1817631.903,5803144.29755
"POINT (1803931.8926 5791663.5181)",183300,Te Awamutu North,2.8179483,2.8179483,-37.999782965962524,175.32259511663995,1803931.8926229249,5791663.5181,1803931.8926,5791663.5181
"POINT (1802326.73665 5790848.0155)",183400,Te Awamutu West,0.78265877,0.78265877,-38.007486583986136,175.30455752167006,1802326.7366500027,5790848.015509491,1802326.73665,5790848.0155
"POINT (1817235.5973 5802207.8296)",183500,Leamington West,1.26230758,1.26230758,-37.901747029418175,175.4708020408368,1817235.5973094897,5802207.829600001,1817235.5973,5802207.8296
"POINT (1803487.7584 5790968.99725)",183600,Goodfellow Park,0.94961807,0.94961807,-38.00613724137417,175.31773762452426,1803487.7583939154,5790968.99725,1803487.7584,5790968.99725
"POINT (1817088.7486 5800672.5689)",183700,Leamington South,2.24438737,2.24438737,-37.91560655322349,175.46959555973547,1817088.7486011186,5800672.5689,1817088.7486,5800672.5689
"POINT (1817459.6923 5801140.71575)",183800,Leamington Central,1.19328598,1.19328598,-37.91130247108264,175.47367053873305,1817459.692312716,5801140.7157499995,1817459.6923,5801140.71575
"POINT (1818326.0842 5801968.2097)",183900,Leamington East,1.41410617,1.41410617,-37.90364375853496,175.48326691759806,1818326.0842000002,5801968.2096813675,1818326.0842,5801968.2097
"POINT (1803338.68235 5789844.88685)",184000,Te Awamutu Stadium,1.16584443,1.16584443,-38.01629386363342,175.31635961706814,1803338.68235,5789844.88683722,1803338.68235,5789844.88685
"POINT (1804134.5413 5790549.9343)",184100,Te Awamutu Central,0.71240625,0.71240625,-38.009765700485744,175.32521819572452,1804134.5412881966,5790549.9343,1804134.5413,5790549.9343
"POINT (1805568.15645 5790785.7388)",184200,Pekerau,2.77584621,2.77584621,-38.00731825263457,175.34146786128974,1805568.1564640915,5790785.738799976,1805568.15645,5790785.7388
"POINT (1804046.02425 5789297.41525)",184300,Fraser Street,1.13512076,1.13512076,-38.021065115417294,175.32456710952277,1804046.0242499998,5789297.415235771,1804046.02425,5789297.41525
"POINT (1805005.6129 5789780.51075)",184400,Sherwin Park,2.13903979,2.13903979,-38.016498086105635,175.33535261116836,1805005.61291909,5789780.510749999,1805005.6129,5789780.51075
"POINT (1804531.65655 5786889.22995)",184500,St Leger,7.85427355,7.85427355,-38.04264225372351,175.33078285343032,1804531.65655,5786889.2299670335,1804531.65655,5786889.22995
"POINT (1814862.1376 5788573.30765)",184600,Rotoorangi,182.14561342,182.14561342,-38.025085573989095,175.44790428471973,1814862.1376054918,5788573.30765,1814862.1376,5788573.30765
"POINT (1803392.10135 5784700.6798)",184700,Tokanui,23.70023443,23.70023443,-38.06260776363973,175.3184285567521,1803392.1013582097,5784700.6798,1803392.10135,5784700.6798
"POINT (1806418.74005 5787353.845)",184800,Kihikihi Central,2.23827328,2.23827328,-38.038030075428615,175.35213697002825,1806418.7400722664,5787353.845000001,1806418.74005,5787353.845
"POINT (1827860.86985 5791910.19635)",184900,Maungatautari,113.0037471,113.0037471,-37.99186610411045,175.59480176013804,1827860.8698615006,5791910.19635,1827860.86985,5791910.19635
"POINT (1822435.7942 5780160.36465)",185000,Rotongata,211.60562511,211.60562511,-38.099007861038665,175.53672927806053,1822435.7941974658,5780160.36465,1822435.7942,5780160.36465
"POINT (1759878.93865 5781908.6059)",185100,Inlets Otorohanga District,0,65.19452423,-38.09649597234812,174.82331769347275,1759878.9386480893,5781908.605900001,1759878.93865,5781908.6059
"POINT (1771495.7646 5783134.19285)",185200,Pirongia Forest,490.81175732,490.81175732,-38.08332657721032,174.9554372369929,1771495.7645998555,5783134.192874011,1771495.7646,5783134.19285
"POINT (1786769.6802 5777803.9442)",185300,Honikiwi,245.59488147,245.59488147,-38.128307333247356,175.13088237536337,1786769.6801999975,5777803.944183642,1786769.6802,5777803.9442
"POINT (1799577.17895 5779511.2731)",185400,Te Kawa,114.6216833,114.6216833,-38.1101911962092,175.27642434517804,1799577.1789384857,5779511.2731,1799577.17895,5779511.2731
"POINT (1793946.068 5771408.11125)",185500,Otorohanga,5.07349034,5.07349034,-38.18439436361452,175.21444553923828,1793946.0680112704,5771408.11125,1793946.068,5771408.11125
"POINT (1804938.226 5763251.78545)",185600,Maihiihi,469.06115673,469.06115673,-38.255408918704745,175.34221290059523,1804938.2259771395,5763251.78545,1804938.226,5763251.78545
"POINT (1820578.0119 5757164.13665)",185700,Puniu,674.00927389,674.00927389,-38.30651793897229,175.5227009912927,1820578.0118999998,5757164.13665198,1820578.0119,5757164.13665
"POINT (1846457.02465 5794107.19315)",185800,Tirau,293.08359847,293.08359847,-37.96722778057508,175.80558973104377,1846457.0246343743,5794107.193149999,1846457.02465,5794107.19315
"POINT (1848059.2829 5779676.70405)",185900,Putararu Rural,555.81487087,555.81487087,-38.096692747401946,175.82880427788336,1848059.282910165,5779676.704050001,1848059.2829,5779676.70405
"POINT (1844377.223 5785393.2795)",186000,Putararu,6.81234549,6.81234549,-38.046234521049236,175.7849077692853,1844377.2229999998,5785393.279507268,1844377.223,5785393.2795
"POINT (1853558.12715 5758783.0875)",186100,Kinleith,947.51920391,947.51920391,-38.28323203288646,175.8988894404456,1853558.1271534022,5758783.0875,1853558.12715,5758783.0875
"POINT (1849711.4771 5766849.26465)",186200,Paraonui,2.36086267,2.36086267,-38.21170386516794,175.85212112135926,1849711.4770964137,5766849.26465,1849711.4771,5766849.26465
"POINT (1851539.61775 5767038.6033)",186300,Parkdale,2.53785034,2.53785034,-38.20949061281279,175.872910330556,1851539.6177381647,5767038.6033,1851539.61775,5767038.6033
"POINT (1849798.5506 5765466.8114)",186400,Matarawa,1.96237305,1.96237305,-38.22412366981288,175.85360087255884,1849798.5505999995,5765466.811416473,1849798.5506,5765466.8114
"POINT (1850687.16705 5765926.72165)",186500,Stanley Park,1.15485814,1.15485814,-38.21973675765828,175.8635779801676,1850687.1670499998,5765926.721646641,1850687.16705,5765926.72165
"POINT (1850664.4987 5764555.4357)",186600,Strathmore (South Waikato District),1.24891011,1.24891011,-38.23208638709339,175.8638036393444,1850664.4986903095,5764555.4357,1850664.4987,5764555.4357
"POINT (1852407.7395 5764068.92115)",186700,Tokoroa Central,4.70197137,4.70197137,-38.23597809982662,175.88386976457045,1852407.7395000018,5764068.9211389385,1852407.7395,5764068.92115
"POINT (1850773.27185 5763774.31505)",186800,Moananui,1.67889865,1.67889865,-38.23908712632283,175.86532104271384,1850773.2718595644,5763774.31505,1850773.27185,5763774.31505
"POINT (1756724.9135 5779130.36195)",186900,Inlet Waitomo District,0,13.38761155,-38.122075865665344,174.7879744895009,1756724.9135052226,5779130.36195,1756724.9135,5779130.36195
"POINT (1757857.52075 5744639.52965)",187000,Herangi,1668.16159433,1668.16159433,-38.4325716663933,174.80858297371552,1757857.5207499987,5744639.529642278,1757857.52075,5744639.52965
"POINT (1782329.9356 5759965.67065)",187100,Hangatiki,326.51966149,326.51966149,-38.28987742257547,175.08483977517247,1782329.9355999916,5759965.670661867,1782329.9356,5759965.67065
"POINT (1775087.9958 5732907.4413)",187200,Aria,531.77277631,531.77277631,-38.53502569778213,175.00881898319196,1775087.9958000004,5732907.441277582,1775087.9958,5732907.4413
"POINT (1788866.2418 5754456.4673)",187300,Te Kuiti West,2.59168598,2.59168598,-38.33814161849064,175.16100321828725,1788866.2418000018,5754456.467279347,1788866.2418,5754456.4673
"POINT (1789942.93515 5755177.86595)",187400,Te Kuiti East,5.82602179,5.82602179,-38.331417169982856,175.17312040036487,1789942.9351500003,5755177.865973491,1789942.93515,5755177.86595
"POINT (1802341.2559 5741994.8897)",187500,Waipa Valley,817.65193556,817.65193556,-38.447415365439696,175.31865400725874,1802341.255879574,5741994.8897,1802341.2559,5741994.8897
"POINT (1818984.98635 5731854.94165)",187600,Tiroa,182.31571302,182.31571302,-38.53478197645183,175.5123836933941,1818984.98632388,5731854.9416499995,1818984.98635,5731854.94165
"POINT (1842524.79835 5730712.9648)",187700,Marotiri,744.19100622,744.19100622,-38.538957544575275,175.78256799447556,1842524.7983499998,5730712.964798733,1842524.79835,5730712.9648
"POINT (1872898.46545 5731959.01265)",187800,Ohakuri,542.95012231,542.95012231,-38.518948984699165,176.130113564858,1872898.46545,5731959.012658888,1872898.46545,5731959.01265
"POINT (1832067.53705 5696313.03795)",187900,Lake Taupo Bays,1154.32106235,1170.01259759,-38.851415941526504,175.67422545826017,1832067.537055707,5696313.03795,1832067.53705,5696313.03795
"POINT (1858992.48335 5717260.57375)",188000,Mapara,140.66578656,140.66578656,-38.655385940768696,175.9762784804873,1858992.4833514723,5717260.5737499995,1858992.48335,5717260.57375
"POINT (1852785.34215 5700987.5475)",188100,Inland water Lake Taupo,0,615.08904376,-38.803638031972625,175.9109762822953,1852785.3421499985,5700987.547480684,1852785.34215,5700987.5475
"POINT (1880618.3143 5717982.695)",188200,Wairakei-Broadlands,409.99541511,409.99541511,-38.64230497174223,176.224154481179,1880618.3143026577,5717982.695,1880618.3143,5717982.695
"POINT (1862255.67565 5711862.5968)",188300,Acacia Bay,7.1500485,7.1500485,-38.703004478233595,176.01577018602185,1862255.6756639783,5711862.5968,1862255.67565,5711862.5968
"POINT (1865464.4707 5714072.8183)",188400,Brentwood (Taupo District),3.55543198,3.55543198,-38.68215757985889,176.05177493636276,1865464.4707000002,5714072.818289598,1865464.4707,5714072.8183
"POINT (1867671.2931 5715004.2571)",188500,Nukuhau-Rangatira Park,2.86930339,2.86930339,-38.673111239324406,176.0767514872815,1867671.2930704583,5715004.257099999,1867671.2931,5715004.2571
"POINT (1867295.8691 5713569.21475)",188600,Taupo Central West,1.36829438,1.36829438,-38.68613838427219,176.07299463873207,1867295.8691000007,5713569.214759011,1867295.8691,5713569.21475
"POINT (1870486.24625 5714319.06725)",188700,Tauhara,11.7095079,11.7095079,-38.67842167682011,176.10933098714005,1870486.2462691728,5714319.06725,1870486.24625,5714319.06725
"POINT (1868075.22445 5713789.12615)",188800,Taupo Central East,1.09504644,1.09504644,-38.6839237669958,176.08185758989362,1868075.2244499996,5713789.126141015,1868075.22445,5713789.12615
"POINT (1868960.2038 5713477.83935)",188900,Mountview,1.12441529,1.12441529,-38.686456506086714,176.09213845874496,1868960.2038000003,5713477.839347278,1868960.2038,5713477.83935
"POINT (1868264.91535 5712736.51865)",189000,Bird Area,1.17912862,1.17912862,-38.693338458140914,176.0844424458046,1868264.915335181,5712736.51865,1868264.91535,5712736.51865
"POINT (1869372.8987 5712122.86985)",189100,Hilltop (Taupo District),2.50418915,2.50418915,-38.69852389136201,176.09740287632027,1869372.8986903487,5712122.86985,1869372.8987,5712122.86985
"POINT (1869371.9301 5710672.13635)",189200,Waipahihi,2.55517592,2.55517592,-38.711578775905124,176.0979555432685,1869371.9300805388,5710672.13635,1869371.9301,5710672.13635
"POINT (1868502.80195 5710018.84795)",189300,Richmond Heights,1.37246851,1.37246851,-38.71772180935763,176.08822669078904,1868502.8019508123,5710018.84795,1868502.80195,5710018.84795
"POINT (1867853.356 5708101.94045)",189400,Wharewaka,6.46197761,6.46197761,-38.73516850564882,176.08150858394006,1867853.3559999994,5708101.940449149,1867853.356,5708101.94045
"POINT (1861368.2409 5675378.86075)",189500,Kaimanawa,1342.16797644,1342.16797644,-39.03158712798647,176.01944751637063,1861368.2409202,5675378.8607500065,1861368.2409,5675378.86075
"POINT (1874469.85615 5707096.70895)",189600,Waitahanui,119.87494873,119.87494873,-38.74218331950476,176.15792041601205,1874469.8561471887,5707096.70895,1874469.85615,5707096.70895
"POINT (1843142.80085 5680135.2215)",189700,Turangi,7.53236993,7.53236993,-38.99403633295579,175.80744905928347,1843142.8008499984,5680135.221485028,1843142.80085,5680135.2215
"POINT (1901752.6942 5708753.0309)",189800,Rangataiki,996.27143695,996.27143695,-38.7183887441028,176.47059091141188,1901752.694200001,5708753.030903226,1901752.6942,5708753.0309
"POINT (1882493.6777 5677471.4391)",189900,Taharua,784.24519964,784.24519964,-39.0061918202754,176.26227699198813,1882493.6777000008,5677471.439083306,1882493.6777,5677471.4391
"POINT (1861991.65125 5665769.341)",190000,Te More,47.9225809,47.9225809,-39.11787302480896,176.0303396783888,1861991.6512499992,5665769.3410161715,1861991.65125,5665769.341
"POINT (1857411.0242 5851689.09915)",190100,Waiau,36.09189168,36.09189168,-37.445858537934676,175.90978753125148,1857411.0242000003,5851689.099140797,1857411.0242,5851689.09915
"POINT (1861823.1438 5853267.23185)",190200,Waihi Beach-Bowentown,6.31376044,6.31376044,-37.430414674428896,175.95904212849072,1861823.1438000002,5853267.231868206,1861823.1438,5853267.23185
"POINT (1853667.5579 5845602.8901)",190300,Tahawai,82.11505834,82.11505834,-37.501682831985484,175.86961583923073,1853667.557888986,5845602.8901,1853667.5579,5845602.8901
"POINT (1861768.7475 5851990.5704)",190400,Athenree,1.26291362,1.26291362,-37.441922202492094,175.95888090086655,1861768.7474999977,5851990.570388667,1861768.7475,5851990.5704
"POINT (1856018.98365 5831154.1686)",190500,Aongatete,164.80532649,164.80532649,-37.631101292316615,175.9012297496064,1856018.9836499984,5831154.168605233,1856018.98365,5831154.1686
"POINT (1858583.53745 5840028.0587)",190600,Katikati,9.53350978,9.53350978,-37.55050305248711,175.92712398685683,1858583.537450015,5840028.05868007,1858583.53745,5840028.0587
"POINT (1864377.4267 5838671.498)",190700,Inlet Tauranga Harbour North,0.00197109,161.30505807,-37.561070320506865,175.9931176053371,1864377.426716729,5838671.498,1864377.4267,5838671.498
"POINT (1871269.00505 5833907.6454)",190800,Matakana Island,64.55839578,64.55839578,-37.60194468784554,176.07280178453234,1871269.0050500005,5833907.645392088,1871269.00505,5833907.6454
"POINT (1861451.1182 5824135.18325)",190900,Pahoia,112.79464921,112.79464921,-37.69275237314921,175.96522670314027,1861451.1182000004,5824135.183267087,1861451.1182,5824135.18325
"POINT (1867706.6924 5828932.89765)",191000,Omokoroa,3.7718367,3.7718367,-37.64776481766023,176.0343231293347,1867706.6923999966,5828932.897632483,1867706.6924,5828932.89765
"POINT (1866977.29495 5826051.24635)",191100,Omokoroa Rural,7.91891151,7.91891151,-37.67391430521237,176.0271203484596,1866977.2949499993,5826051.246321863,1866977.29495,5826051.24635
"POINT (1871285.6678 5825278.19885)",191200,Te Puna,18.16117528,18.16117528,-37.67960861264958,176.0761942587445,1871285.6677792897,5825278.19885,1871285.6678,5825278.19885
"POINT (1865590.565 5815116.92235)",191300,Minden,85.9241753,85.9241753,-37.77273464654937,176.01540780663126,1865590.565,5815116.922326589,1865590.565,5815116.92235
"POINT (1864881.80715 5801301.82315)",191400,Kaimai,327.89614832,327.89614832,-37.89728559582895,176.01242780891334,1864881.8071499998,5801301.823165568,1864881.80715,5801301.82315
"POINT (1873536.9112 5814828.5158)",191500,Kopurererua,20.27143117,20.27143117,-37.772988096660505,176.105616116039,1873536.9111891636,5814828.5158,1873536.9112,5814828.5158
"POINT (1881591.72425 5811780.62415)",191600,Kaitemako (Western Bay of Plenty District),75.76194374,75.76194374,-37.797971999931434,176.1981209130523,1881591.72425,5811780.624119778,1881591.72425,5811780.62415
"POINT (1877646.7369 5802257.21875)",191700,Waiorohi,152.65885299,152.65885299,-37.88488463468542,176.15703420236457,1877646.7369,5802257.218730989,1877646.7369,5802257.21875
"POINT (1888606.5734 5810485.7874)",191800,Otawa,151.68324512,151.68324512,-37.80743485032601,176.27818780718255,1888606.5734000006,5810485.787404897,1888606.5734,5810485.7874
"POINT (1890730.81865 5813893.3549)",191900,Te Puke West,9.40576654,9.40576654,-37.776099185167226,176.3009138460732,1890730.8186500035,5813893.3549124785,1890730.81865,5813893.3549
"POINT (1892855.73845 5802289.47595)",192000,Rangiuru,220.33301818,220.33301818,-37.879832077526366,176.32969628951568,1892855.7384500015,5802289.475958442,1892855.73845,5802289.47595
"POINT (1892961.6648 5812562.4092)",192100,Te Puke East,3.98960473,3.98960473,-37.78736311294258,176.32674079240954,1892961.6648000046,5812562.409186176,1892961.6648,5812562.4092
"POINT (1906548.8271 5814328.55245)",192200,Inlets Maketu,0,5.12073334,-37.76701893257328,176.4800289316205,1906548.8271072528,5814328.552449999,1906548.8271,5814328.55245
"POINT (1905245.1838 5815445.0647)",192300,Maketu,5.1545039,5.1545039,-37.75740985902795,176.46478534222734,1905245.1837946274,5815445.0647,1905245.1838,5815445.0647
"POINT (1908150.60355 5813512.1972)",192400,Pukehina Beach,1.56624761,1.56624761,-37.77382508256821,176.49852813976162,1908150.6035278754,5813512.1972,1908150.60355,5813512.1972
"POINT (1906431.05445 5800189.6373)",192500,Pongakawa,389.04568471,389.04568471,-37.894258864403874,176.4846788082357,1906431.0544401305,5800189.637299999,1906431.05445,5800189.6373
"POINT (1875442.7308 5826622.07365)",192600,Matua North,1.24158524,1.24158524,-37.66627532229134,176.12276135672835,1875442.7307935862,5826622.073650001,1875442.7308,5826622.07365
"POINT (1882213.6775 5821573.44845)",192700,Inlet Tauranga Harbour South,0,39.53317192,-37.709652938142646,176.20137109838524,1882213.6775000002,5821573.4484220315,1882213.6775,5821573.44845
"POINT (1881029.84575 5829590.8863)",192800,Mount Maunganui North,2.02960424,2.02960424,-37.63786429876955,176.18487249337198,1881029.8457416128,5829590.886299999,1881029.84575,5829590.8863
"POINT (1875881.0904 5826215.0527)",192900,Matua South,1.20268439,1.20268439,-37.66980686030736,176.12787824273093,1875881.0903955544,5826215.0527,1875881.0904,5826215.0527
"POINT (1874026.8794 5823887.91495)",193000,Bethlehem North,5.12313058,5.12313058,-37.691306763953335,176.10775854059284,1874026.8793703173,5823887.91495,1874026.8794,5823887.91495
"POINT (1875999.7187 5825051.89535)",193100,Bellevue,1.71527291,1.71527291,-37.68023952396804,176.12966148497063,1875999.7187000008,5825051.89535456,1875999.7187,5825051.89535
"POINT (1877833.11715 5826131.435)",193200,Otumoetai North,1.72054606,1.72054606,-37.66997064399699,176.1500111499853,1877833.11712041,5826131.4350000005,1877833.11715,5826131.435
"POINT (1877536.55095 5825381.05895)",193300,Otumoetai South,1.60031037,1.60031037,-37.67681357596652,176.14693887640348,1877536.550939782,5825381.0589499995,1877536.55095,5825381.05895
"POINT (1875949.02835 5823839.88785)",193400,Brookfield West,1.051617,1.051617,-37.691162724409196,176.12954621783683,1875949.0283500003,5823839.887860242,1875949.02835,5823839.88785
"POINT (1874517.37125 5822397.5379)",193500,Bethlehem Central,4.26503863,4.26503863,-37.70457351925599,176.1138752348426,1874517.3712499915,5822397.537883234,1874517.37125,5822397.5379
"POINT (1877052.2762 5824282.6343)",193600,Brookfield East,1.32201854,1.32201854,-37.68684551725781,176.14187268141453,1877052.2761999997,5824282.63427371,1877052.2762,5824282.6343
"POINT (1882055.4346 5828346.9155)",193700,Mount Maunganui South,0.9418621,0.9418621,-37.64874507124894,176.19695902878314,1882055.4346077894,5828346.9155,1882055.4346,5828346.9155
"POINT (1879318.40795 5825403.01035)",193800,Tauranga Central,3.38076384,3.69764762,-37.67607541198598,176.16710640953124,1879318.40795,5825403.010327864,1879318.40795,5825403.01035
"POINT (1881979.67075 5826415.28215)",193900,Mount Maunganui Central,6.91357018,6.91357018,-37.666151805286475,176.19684754311828,1881979.6707500005,5826415.282126089,1881979.67075,5826415.28215
"POINT (1877182.5403 5823334.25095)",194000,Judea,0.88360423,0.88360423,-37.69534140411569,176.14370854323727,1877182.5402743197,5823334.25095,1877182.5403,5823334.25095
"POINT (1876050.19115 5822472.0781)",194100,Te Reti,1.73027791,1.73027791,-37.70344240040308,176.1312101366174,1876050.1911499999,5822472.078067822,1876050.19115,5822472.0781
"POINT (1873750.4394 5820012.3065)",194200,Bethlehem South,4.48242548,4.48242548,-37.72627008757332,176.10608454330907,1873750.4394059093,5820012.3065,1873750.4394,5820012.3065
"POINT (1882942.4755 5827155.64275)",194300,Omanu Beach,1.02425367,1.02425367,-37.65919288101714,176.20746035609773,1882942.4755000002,5827155.642753607,1882942.4755,5827155.64275
"POINT (1877358.41445 5822368.45945)",194400,Tauranga Hospital,1.94102255,1.94102255,-37.703980104828624,176.14606815719625,1877358.4144215346,5822368.45945,1877358.41445,5822368.45945
"POINT (1872369.5185 5816750.0749)",194500,Tauriko,4.82036221,4.82036221,-37.756042295412996,176.09165913672172,1872369.5185000002,5816750.074897384,1872369.5185,5816750.0749
"POINT (1876391.4313 5821306.90165)",194600,Gate Pa,2.06965832,2.06965832,-37.71382596822662,176.1355176987765,1876391.4313,5821306.901627939,1876391.4313,5821306.90165
"POINT (1875429.29915 5819802.3097)",194700,Greerton South,2.8062842,2.8062842,-37.727656792633006,176.12518713516576,1875429.2991500008,5819802.309677975,1875429.29915,5819802.3097
"POINT (1878373.35085 5821849.9881)",194800,Tauranga South,2.38991739,2.38991739,-37.708338546140965,176.15776269638258,1878373.3508422668,5821849.9881,1878373.35085,5821849.9881
"POINT (1883859.62695 5825802.46435)",194900,Arataki North,2.1608091,2.1608091,-37.67108730643662,176.21836854823295,1883859.62695,5825802.464336643,1883859.62695,5825802.46435
"POINT (1881139.06255 5823546.8393)",195000,Matapihi,3.93905833,3.93905833,-37.69222389967701,176.18843672913832,1881139.0625595055,5823546.839299999,1881139.06255,5823546.8393
"POINT (1873869.4331 5817044.36805)",195100,Pyes Pa West,4.61266536,4.61266536,-37.752945987953964,176.10855075059797,1873869.4330999993,5817044.368041261,1873869.4331,5817044.36805
"POINT (1876690.10465 5819563.47625)",195200,Greerton North,1.39556307,1.39556307,-37.72942626579242,176.1395641565446,1876690.10462543,5819563.47625,1876690.10465,5819563.47625
"POINT (1877321.0867 5820472.82755)",195300,Yatton Park,0.90353744,0.90353744,-37.72105155640072,176.14636734885946,1877321.086718949,5820472.82755,1877321.0867,5820472.82755
"POINT (1875683.74705 5818261.056)",195400,Pyes Pa North,1.97089302,1.97089302,-37.7414512859554,176.12865451625993,1875683.747035026,5818261.056,1875683.74705,5818261.056
"POINT (1884538.2435 5825815.23195)",195500,Arataki South,0.98787026,0.98787026,-37.67076229899919,176.22604647192836,1884538.2434999999,5825815.231930626,1884538.2435,5825815.23195
"POINT (1875126.72495 5817424.4298)",195600,Pyes Pa South,1.83242619,1.83242619,-37.74914837314842,176.12265831431858,1875126.7249510784,5817424.4298,1875126.72495,5817424.4298
"POINT (1877810.1787 5819379.35825)",195700,Poike,1.29841998,1.29841998,-37.73074422944427,176.152326169658,1877810.1787000007,5819379.358249335,1877810.1787,5819379.35825
"POINT (1885223.8839 5825055.90925)",195800,Te Maunga North,1.16256108,1.16256108,-37.677382658526895,176.23410567853963,1885223.88388941,5825055.9092500005,1885223.8839,5825055.90925
"POINT (1880148.7241 5820546.32775)",195900,Maungatapu,1.67928163,1.67928163,-37.71952989537802,176.17837514834258,1880148.7240749989,5820546.327724824,1880148.7241,5820546.32775
"POINT (1878724.7709 5819208.7294)",196000,Hairini,1.83934319,1.83934319,-37.73200194857246,176.16275498064024,1878724.7708784984,5819208.7294,1878724.7709,5819208.7294
"POINT (1876885.79 5817487.82905)",196100,Pyes Pa East,2.43010532,2.43010532,-37.74804736532492,176.14257186882836,1876885.7900000005,5817487.82906472,1876885.79,5817487.82905
"POINT (1885881.50755 5824237.2045)",196200,Te Maunga South,2.31423361,2.31423361,-37.68454549862525,176.2418723669167,1885881.5075438828,5824237.2045,1885881.50755,5824237.2045
"POINT (1880111.3611 5818076.5948)",196300,Kaitemako (Tauranga City),3.74361431,3.74361431,-37.74176746176226,176.1789028352639,1880111.3611000003,5818076.594812723,1880111.3611,5818076.5948
"POINT (1878693.51275 5817163.48515)",196400,Ohauiti,3.40557714,3.40557714,-37.75041770213084,176.16318474301028,1878693.512749993,5817163.485140001,1878693.51275,5817163.48515
"POINT (1886473.72065 5821660.4272)",196500,Baypark-Kairua,12.95193464,12.95193464,-37.70754878265548,176.24959108795323,1886473.7206500038,5821660.427201361,1886473.72065,5821660.4272
"POINT (1880639.144 5819181.55855)",196600,Welcome Bay West,1.11373492,1.11373492,-37.731661885157685,176.18445760366876,1880639.1440000003,5819181.558520045,1880639.144,5819181.55855
"POINT (1883143.90145 5820565.81085)",196700,Welcome Bay East,3.69116612,3.69116612,-37.71843394109132,176.21230003138155,1883143.9014499998,5820565.8108634055,1883143.90145,5820565.81085
"POINT (1886984.80275 5823634.6901)",196800,Pacific View,1.16275871,1.16275871,-37.68962296345921,176.25460233305478,1886984.8027499998,5823634.690065015,1886984.80275,5823634.6901
"POINT (1881652.7623 5818690.83655)",196900,Welcome Bay South,3.10815699,3.10815699,-37.7357668762046,176.19613291706318,1881652.7623068667,5818690.836549999,1881652.7623,5818690.83655
"POINT (1887748.36585 5823320.1329)",197000,Palm Beach North,1.09453989,1.09453989,-37.69221437364575,176.26337296100803,1887748.3658500016,5823320.132893062,1887748.36585,5823320.1329
"POINT (1888894.86105 5822544.46195)",197100,Palm Beach South-Gravatt,2.38810012,2.38810012,-37.69883393440758,176.2766634606328,1888894.86105,5822544.461927781,1888894.86105,5822544.46195
"POINT (1890407.20615 5822098.9456)",197200,Papamoa Beach North,1.39820071,1.39820071,-37.70236519181616,176.293968208236,1890407.2061655847,5822098.945599999,1890407.20615,5822098.9456
"POINT (1890737.8743 5821116.7822)",197300,Doncaster,2.33577478,2.33577478,-37.71109828443529,176.2981051910377,1890737.874307692,5821116.7822,1890737.8743,5821116.7822
"POINT (1892554.83265 5821154.27055)",197400,Papamoa Beach South,1.37883542,1.37883542,-37.710182850645786,176.3186699119949,1892554.8326308182,5821154.27055,1892554.83265,5821154.27055
"POINT (1894915.6402 5820026.6231)",197500,Motiti,1.2475687,1.2475687,-37.71957286036738,176.34586535792036,1894915.6402150663,5820026.6230999995,1894915.6402,5820026.6231
"POINT (1896007.6216 5818613.45065)",197600,Wairakei,12.90938118,12.90938118,-37.731936217853246,176.358809406987,1896007.6216108208,5818613.45065,1896007.6216,5818613.45065
"POINT (1878668.76325 5787841.549)",197700,Tui Ridge,220.92233992,220.92233992,-38.01430114130659,176.17422140682785,1878668.763258513,5787841.549000001,1878668.76325,5787841.549
"POINT (1865970.2619 5776292.80435)",197800,Arahiwi,62.85592643,62.85592643,-38.12205587795696,176.03406202461125,1865970.2618999952,5776292.804329865,1865970.2619,5776292.80435
"POINT (1877336.8765 5774149.67)",197900,Ngongotaha Valley,177.50382279,177.50382279,-38.13792313497121,176.16438166066146,1877336.8765000072,5774149.6700127795,1877336.8765,5774149.67
"POINT (1885495.3419 5785540.34915)",198000,Hamurana,8.35493389,8.35493389,-38.032884294904775,176.25278288751673,1885495.3418966634,5785540.34915,1885495.3419,5785540.34915
"POINT (1882022.5432 5782043.22255)",198100,Ngongotaha East,2.87185543,2.87185543,-38.06544116884768,176.21465067895474,1882022.5431999997,5782043.222551452,1882022.5432,5782043.22255
"POINT (1881019.00335 5780625.09525)",198200,Ngongotaha West,1.44456738,1.44456738,-38.0785145932022,176.2037854377833,1881019.0033500004,5780625.0952216275,1881019.00335,5780625.09525
"POINT (1886993.48595 5779768.21535)",198300,Inland water Lake Rotorua,0,81.05021207,-38.0843491977444,176.2721407535167,1886993.4859499994,5779768.215342159,1886993.48595,5779768.21535
"POINT (1881947.82925 5778357.82275)",198400,Ngongotaha South,8.58883387,8.58883387,-38.09862772635887,176.2152537091447,1881947.8292499995,5778357.822724003,1881947.82925,5778357.82275
"POINT (1881965.40375 5776125.73935)",198500,Selwyn Heights,0.89644766,0.89644766,-38.11870765480435,176.2163353246972,1881965.4037618714,5776125.73935,1881965.40375,5776125.73935
"POINT (1881116.45745 5775196.33445)",198600,Pleasant Heights,1.34859518,1.34859518,-38.12733556069963,176.2070317356548,1881116.4574517822,5775196.33445,1881116.45745,5775196.33445
"POINT (1902597.26975 5780934.98875)",198700,Rotoiti-Rotoehu,404.02095341,467.95761264,-38.06876713509804,176.44926319169258,1902597.2697500002,5780934.988709701,1902597.26975,5780934.98875
"POINT (1883877.8868 5777133.24995)",198800,Kawaha,1.03157204,1.03157204,-38.10904278032906,176.23771801464838,1883877.886799999,5777133.249924265,1883877.8868,5777133.24995
"POINT (1883090.71935 5776705.4944)",198900,Fairy Springs,0.73745494,0.73745494,-38.11313883907021,176.22892290737275,1883090.71935,5776705.494386184,1883090.71935,5776705.4944
"POINT (1882361.30695 5775645.87915)",199000,Western Heights (Rotorua District),1.02788372,1.02788372,-38.12290198178384,176.22103463863343,1882361.306957901,5775645.8791499995,1882361.30695,5775645.87915
"POINT (1880872.3723 5774313.12585)",199100,Pukehangi North,1.18204631,1.18204631,-38.13535912705325,176.20459901942093,1880872.3722892208,5774313.1258499995,1880872.3723,5774313.12585
"POINT (1881193.8497 5773687.50255)",199200,Pukehangi South,1.11150003,1.11150003,-38.14088873764776,176.20850835200446,1881193.8497099858,5773687.50255,1881193.8497,5773687.50255
"POINT (1883180.69035 5774981.2789)",199300,Mangakakahi Central,1.79161337,1.79161337,-38.128625750887146,176.23063187928824,1883180.6903500007,5774981.278904053,1883180.69035,5774981.2789
"POINT (1883943.0401 5775767.6502)",199400,Koutu,0.95639716,0.95639716,-38.12131037360443,176.23900326774285,1883943.0400999994,5775767.65017155,1883943.0401,5775767.6502
"POINT (1882010.9273 5774448.74205)",199500,Mangakakahi West,1.01720246,1.01720246,-38.133783845432426,176.21751681101995,1882010.9273011421,5774448.74205,1882010.9273,5774448.74205
"POINT (1881171.8469 5772721.75525)",199600,Sunnybrook,2.08582486,2.08582486,-38.14958588203907,176.20863866542243,1881171.846883899,5772721.755249999,1881171.8469,5772721.75525
"POINT (1882495.16745 5773595.90135)",199700,Fordlands,0.9880121,0.9880121,-38.14130665339085,176.22337145893192,1882495.167453082,5773595.90135,1882495.16745,5773595.90135
"POINT (1884240.87235 5774320.05135)",199800,Kuirau,1.18969945,1.18969945,-38.13424253374065,176.24297252873274,1884240.872349998,5774320.051338399,1884240.87235,5774320.05135
"POINT (1883250.94915 5773475.3235)",199900,Utuhina,0.67136794,0.67136794,-38.14215478660618,176.23203047124946,1883250.9491500002,5773475.323512275,1883250.94915,5773475.3235
"POINT (1882305.1295 5772140.45045)",200000,Pomare,1.36824303,1.36824303,-38.154462832817735,176.2217828166746,1882305.12950001,5772140.450454925,1882305.1295,5772140.45045
"POINT (1885345.597 5773981.1623)",200100,Rotorua Central,1.80236312,1.80236312,-38.1369434125679,176.25569347897536,1885345.597,5773981.16231165,1885345.597,5773981.1623
"POINT (1883397.891 5772608.4061)",200200,Hillcrest (Rotorua District),0.81457984,0.81457984,-38.14990943123781,176.2340494216902,1883397.8910017353,5772608.406099999,1883397.891,5772608.4061
"POINT (1884431.51535 5773372.42225)",200300,Victoria,0.51768216,0.51768216,-38.14270944465107,176.24552246541418,1884431.5153335729,5773372.422250001,1884431.51535,5773372.42225
"POINT (1893860.7544 5777340.4119)",200400,Waiohewa,63.44520372,63.44520372,-38.10398785003687,176.3513139748485,1893860.7543999995,5777340.411882987,1893860.7544,5777340.4119
"POINT (1884478.8646 5772825.40975)",200500,Glenholme North,0.84348073,0.84348073,-38.14761663770439,176.24628028957815,1884478.8645709709,5772825.409750001,1884478.8646,5772825.40975
"POINT (1882689.7808 5771171.2201)",200600,Springfield South,1.18667956,1.18667956,-38.16306384387334,176.2265509005461,1882689.7808101997,5771171.2201000005,1882689.7808,5771171.2201
"POINT (1883468.64965 5771827.9235)",200700,Springfield North,1.30138613,1.30138613,-38.15691019429119,176.23516626579675,1883468.649650001,5771827.9234749,1883468.64965,5771827.9235
"POINT (1884531.8983 5772187.0081)",200800,Glenholme South,0.87693773,0.87693773,-38.15334435918639,176.247139513865,1884531.8982937834,5772187.008099999,1884531.8983,5772187.0081
"POINT (1888544.42875 5774839.1225)",200900,Owhata West,3.32829464,3.32829464,-38.12820690972346,176.29178863165032,1888544.42875,5774839.12250121,1888544.42875,5774839.1225
"POINT (1891377.6013 5776206.0126)",201000,Holdens Bay-Rotokawa,8.78620237,8.78620237,-38.11499859301046,176.32350210297963,1891377.6013000002,5776206.012572093,1891377.6013,5776206.0126
"POINT (1886712.1577 5772676.8896)",201100,Ngapuna,3.49489535,3.49489535,-38.14824621487424,176.27178668472718,1886712.1576750008,5772676.889566742,1886712.1577,5772676.8896
"POINT (1885551.0261 5772295.909)",201200,Fenton Park,1.00544453,1.00544453,-38.15204248337213,176.2587090445674,1885551.0261000013,5772295.908972608,1885551.0261,5772295.909
"POINT (1884810.88285 5770689.31805)",201300,Tihiotonga-Whakarewarewa,3.28398579,3.28398579,-38.16673272041506,176.25091756815527,1884810.88283577,5770689.318050001,1884810.88285,5770689.31805
"POINT (1888739.53645 5773606.0624)",201400,Owhata East,1.41751621,1.41751621,-38.139239329247246,176.29451033845672,1888739.536465576,5773606.0624,1888739.53645,5773606.0624
"POINT (1888051.09775 5772723.2438)",201500,Lynmore,1.97245772,1.97245772,-38.14740271841568,176.2870239793653,1888051.0977499997,5772723.243787547,1888051.09775,5772723.2438
"POINT (1879756.55275 5753543.3912)",201600,Ngakuru,446.44346781,446.44346781,-38.32260193814873,176.2000733239081,1879756.5527500007,5753543.391198533,1879756.55275,5753543.3912
"POINT (1903179.49915 5756942.72285)",201700,Kaingaroa-Whakarewarewa,465.80261391,530.74323482,-38.28441026431656,176.4661099854101,1903179.4991265421,5756942.7228500005,1903179.49915,5756942.72285
"POINT (1891880.5415 5740000.80435)",201800,Golden Springs,498.91642353,498.91642353,-38.44058013974043,176.34415463841768,1891880.5414976205,5740000.804324999,1891880.5415,5740000.80435
"POINT (1923641.2186 5793335.1253)",201900,Manawahe,267.07059859,267.07059859,-37.94995830174402,176.68310565853866,1923641.2186000007,5793335.125267604,1923641.2186,5793335.1253
"POINT (1934826.57625 5793410.0689)",202000,Matata-Otakiri,87.41194468,87.41194468,-37.94523330544371,176.81010779115013,1934826.5762499995,5793410.068882679,1934826.57625,5793410.0689
"POINT (1926749.04195 5782242.4123)",202100,Onepu Spring,98.84885123,98.84885123,-38.04861269329735,176.72345294103738,1926749.0419408663,5782242.41225,1926749.04195,5782242.4123
"POINT (1936542.83845 5789842.57995)",202200,Edgecumbe,2.00681011,2.00681011,-37.97668125766159,176.83126651711635,1936542.8384499997,5789842.579900868,1936542.83845,5789842.57995
"POINT (1943093.6573 5789603.3209)",202300,Thornton-Awakeri,151.84239298,151.84239298,-37.97638159408125,176.90579841979655,1943093.6572999982,5789603.320852218,1943093.6573,5789603.3209
"POINT (1933397.0488 5780962.6848)",202400,Te Teko Lakes,71.09481576,71.09481576,-38.05769878290902,176.79965377805811,1933397.0488,5780962.684771095,1933397.0488,5780962.6848
"POINT (1948512.98225 5793210.13945)",202500,Coastlands,15.66282467,15.66282467,-37.94188819307484,176.96561029740005,1948512.9822091619,5793210.1394,1948512.98225,5793210.13945
"POINT (1948425.32105 5790752.2286)",202600,Whakatane West,1.83230421,1.83230421,-37.964021700610836,176.96580488029008,1948425.3210532796,5790752.22855,1948425.32105,5790752.2286
"POINT (1950450.6029 5791914.51115)",202700,Whakatane Central,2.59485728,2.59485728,-37.95279266266161,176.98823946338527,1950450.6028720853,5791914.5111,1950450.6029,5791914.51115
"POINT (1949294.32 5790312.75075)",202800,Trident,1.81128192,1.81128192,-37.967639494069786,176.97588741135618,1949294.320000006,5790312.750706326,1949294.32,5790312.75075
"POINT (1950249.86145 5790413.6572)",202900,Allandale,1.5256279,1.5256279,-37.96636436119823,176.98669063865518,1950249.8614499948,5790413.65716311,1950249.86145,5790413.6572
"POINT (1951740.3195 5790810.79045)",203000,Mokorua Bush,1.35707502,1.35707502,-37.962217988163026,177.00342342496833,1951740.3194999998,5790810.790391865,1951740.3195,5790810.79045
"POINT (1955317.22345 5785977.78)",203100,Wainui,86.55992412,86.55992412,-38.00427721559518,177.04643128543933,1955317.2234499995,5785977.77995223,1955317.22345,5785977.78
"POINT (1956759.03865 5789407.9144)",203200,Ohope,6.33352733,6.33352733,-37.97287380822448,177.0611099447426,1956759.038644798,5789407.91435,1956759.03865,5789407.9144
"POINT (1960359.87465 5786362.7463)",203300,Inlet Ohiwa Harbour West,0,14.71364994,-37.99882787354767,177.10353020314116,1960359.874606193,5786362.74625,1960359.87465,5786362.7463
"POINT (1933728.80945 5754912.40555)",203400,Galatea,2199.74679017,2199.74679017,-38.291838040472044,176.81564028160145,1933728.8094500015,5754912.405529288,1933728.80945,5754912.40555
"POINT (1951473.56945 5756563.28275)",203500,Waingarara-Waimana,1448.10314214,1448.10314214,-38.27022729642898,177.0172537183168,1951473.5694499942,5756563.282714412,1951473.56945,5756563.28275
"POINT (1923621.1611 5737469.69005)",203600,Murupara,6.21299834,6.21299834,-38.452408102663384,176.7083112784085,1923621.1611000001,5737469.690016701,1923621.1611,5737469.69005
"POINT (1922127.4442 5777363.1256)",203700,Monika Reserve,14.18036067,14.18036067,-38.09415363437367,176.67308506138855,1922127.4441973106,5777363.12555,1922127.4442,5777363.1256
"POINT (1926325.35125 5779715.37595)",203800,Kawerau Industrial,5.83724555,5.83724555,-38.07149303816559,176.71978612614197,1926325.3512172913,5779715.3759,1926325.35125,5779715.37595
"POINT (1924668.09905 5777248.28465)",203900,Tarawera Park,3.61378812,3.61378812,-38.09427790877376,176.7020517189233,1924668.0990499996,5777248.28461514,1924668.09905,5777248.28465
"POINT (1962577.3821 5784165.1825)",204000,Inlet Ohiwa Harbour East,0,10.84862001,-38.01769953723276,177.12983139985093,1962577.3820930081,5784165.18245,1962577.3821,5784165.1825
"POINT (1968220.12015 5780007.4975)",204100,Waiotahi,141.71292169,141.71292169,-38.052798227358885,177.19608129744066,1968220.1201102813,5780007.497400001,1968220.12015,5780007.4975
"POINT (2020005.2971 5797437.97285)",204200,Cape Runaway,1568.82268633,1568.82268633,-37.8737278786278,177.774257546881,2020005.2970500002,5797437.97264147,2020005.2971,5797437.97285
"POINT (1974019.8795 5783254.78755)",204300,Woodlands,4.45765937,4.45765937,-38.02123604625982,177.26031155519928,1974019.879467152,5783254.787450002,1974019.8795,5783254.78755
"POINT (1976440.1528 5784226.52405)",204400,Opotiki,5.74447512,5.74447512,-38.011501123382864,177.28729929954045,1976440.1527499994,5784226.523938395,1976440.1528,5784226.52405
"POINT (1983217.2664 5781454.9887)",204500,Otara-Tirohanga,113.38785805,113.38785805,-38.03357081504342,177.36576013103956,1983217.266350001,5781454.988583605,1983217.2664,5781454.9887
"POINT (1987659.91505 5765818.0864)",204600,Oponae,1255.59488906,1255.59488906,-38.17219311000125,177.4247171964614,1987659.9149999963,5765818.086282371,1987659.91505,5765818.0864
"POINT (2064303.60685 5815334.48295)",204700,East Cape,991.26453073,991.26453073,-37.6916402573066,178.26449963238932,2064303.6067664349,5815334.48245,2064303.60685,5815334.48295
"POINT (2014211.7132 5750615.1826)",204800,Waipaoa,2277.2725415,2277.2725415,-38.296944636432045,177.73572154601106,2014211.7131416244,5750615.1824,2014211.7132,5750615.1826
"POINT (2056422.87375 5796110.11695)",204900,Ruatoria-Raukumara,693.33769585,693.33769585,-37.8681555202042,178.18756109579633,2056422.8736713352,5796110.1165,2056422.87375,5796110.11695
"POINT (2049060.84265 5770482.45325)",205000,Tokomaru,1144.89137522,1144.89137522,-38.10186789971811,178.12020017601458,2049060.842554951,5770482.452849999,2049060.84265,5770482.45325
"POINT (2008748.67195 5703572.50305)",205100,Hangaroa,1870.11295888,1870.11295888,-38.72197993639252,177.70090986707038,2008748.671898979,5703572.50285,2008748.67195,5703572.50305
"POINT (2050224.42655 5733609.73865)",205200,Wharekaka,1198.06472379,1198.06472379,-38.43226219924807,178.1568292117202,2050224.4264500006,5733609.738236619,2050224.42655,5733609.73865
"POINT (2025282.1003 5707911.06225)",205300,Te Arai,54.60451362,54.60451362,-38.675232763227,177.88776713405304,2025282.1002500001,5707911.061965261,2025282.1003,5707911.06225
"POINT (2032961.6702 5713528.48435)",205400,Hexton,119.61311481,119.61311481,-38.62108234347412,177.9722267535092,2032961.6701272335,5713528.48405,2032961.6702,5713528.48435
"POINT (2035271.8404 5711543.6482)",205500,Lytton,0.85660815,0.85660815,-38.637772069404505,177.99990433563536,2035271.8403350175,5711543.6479,2035271.8404,5711543.6482
"POINT (2033114.01265 5709225.5199)",205600,Makaraka-Awapuni,8.18229536,8.18229536,-38.6596395269654,177.9766477701837,2033114.0125757572,5709225.5196,2033114.01265,5709225.5199
"POINT (2035112.8915 5710900.89815)",205700,Riverdale,1.24303366,1.24303366,-38.64362033264031,177.99848677322447,2035112.891417271,5710900.8978499975,2035112.8915,5710900.89815
"POINT (2035562.95265 5710040.2861)",205800,Te Hapara North,1.2005121,1.2005121,-38.651125654179936,178.00417742706816,2035562.952574018,5710040.2858,2035562.95265,5710040.2861
"POINT (2036340.84085 5711178.9744)",205900,Mangapapa North,0.61988641,0.61988641,-38.64052098430215,178.01236882600105,2036340.8408000006,5711178.974074166,2036340.84085,5711178.9744
"POINT (2034487.65745 5709329.62765)",206000,Elgin,1.04455895,1.04455895,-38.65803298034023,177.99231089374,2034487.6573868687,5709329.627349999,2034487.65745,5709329.62765
"POINT (2035395.82845 5709634.04175)",206100,Te Hapara South,0.86443001,0.86443001,-38.654854744718435,178.0025184151418,2035395.8283938565,5709634.041449999,2035395.82845,5709634.04175
"POINT (2037115.2001 5710766.202)",206200,Mangapapa East,1.65718279,1.65718279,-38.64384547765601,178.02149166975946,2037115.2000499996,5710766.20167841,2037115.2001,5710766.202
"POINT (2036434.1168 5710231.74565)",206300,Mangapapa South,0.84498227,0.84498227,-38.6489787122621,178.01403057035077,2036434.1167284446,5710231.7453000005,2036434.1168,5710231.74565
"POINT (2036571.73015 5709349.5012)",206400,Te Hapara East,0.94822639,0.94822639,-38.65683117694802,178.0161596437643,2036571.7300807573,5709349.5008499995,2036571.73015,5709349.5012
"POINT (2035960.31835 5708692.649)",206500,Centennial Crescent,0.81897584,0.81897584,-38.663028722549626,178.00957135438074,2035960.318304472,5708692.64865,2035960.31835,5708692.649
"POINT (2038635.027 5709333.05795)",206600,Whataupoko East,2.54657581,2.54657581,-38.65596083033261,178.0397921153881,2038635.02695,5709333.057609906,2038635.027,5709333.05795
"POINT (2037625.27615 5709077.6414)",206700,Whataupoko West,1.09579102,1.09579102,-38.65875250573799,178.02839261525043,2037625.2761,5709077.641049655,2037625.27615,5709077.6414
"POINT (2037027.30235 5708369.31695)",206800,Gisborne Central,1.58850131,1.58850131,-38.665406136556,178.02199152731393,2037027.3023,5708369.316598571,2037027.30235,5708369.31695
"POINT (2039139.16465 5708183.94315)",206900,Kaiti North,1.32792288,1.32792288,-38.66602683697591,178.04628938802244,2039139.164558419,5708183.9428,2039139.16465,5708183.94315
"POINT (2038403.93795 5706715.96)",207000,Kaiti South,3.41351489,3.41351489,-38.679568684354535,178.03879711350947,2038403.9378999998,5706715.959651804,2038403.93795,5706715.96
"POINT (2039842.90485 5707751.1532)",207100,Outer Kaiti,1.45393022,1.45393022,-38.6695630683392,178.05462095408745,2039842.9048040584,5707751.15285,2039842.90485,5707751.1532
"POINT (2039537.72445 5706728.0327)",207200,Tamarau,1.11472725,1.11472725,-38.678898740279585,178.0517736764296,2039537.7243999997,5706728.03233212,2039537.72445,5706728.0327
"POINT (2041564.65595 5706173.0451)",207300,Wainui-Okitu,5.34890978,5.34890978,-38.6828730279703,178.07533806627217,2041564.6559000001,5706173.04473366,2041564.65595,5706173.0451
"POINT (1902216.5897 5566072.4879)",215800,Waipukurau West,5.77306149,5.77306149,-40.00148146661862,176.5401880478383,1902216.5896673626,5566072.4879,1902216.5897,5566072.4879
"POINT (1945377.6356 5686301.8566)",207400,Maungataniwha-Raupunga,2080.86461659,2080.86461659,-38.90426676954214,176.98252890105215,1945377.635578799,5686301.856550001,1945377.6356,5686301.8566
"POINT (1956802.8833 5701885.22705)",207500,Inland water Lake Waikaremoana,0,52.97709698,-38.75963278645042,177.1058936496613,1956802.8832657114,5701885.227,1956802.8833,5701885.22705
"POINT (1978089.9467 5697532.27465)",207600,Frasertown-Ruakituri,1333.27143233,1333.27143233,-38.7898933455348,177.35259648861992,1978089.9466500003,5697532.274543336,1978089.9467,5697532.27465
"POINT (1991318.70665 5672397.21995)",207700,Whakaki,183.51589967,183.51589967,-39.0099283515414,177.5187733812107,1991318.7066199537,5672397.219800001,1991318.70665,5672397.21995
"POINT (1982379.5895 5669426.0889)",207800,Wairoa,7.56771423,7.56771423,-39.04057204973938,177.41750213918237,1982379.5894499994,5669426.088763108,1982379.5895,5669426.0889
"POINT (2016566.38965 5673678.88065)",207900,Mahia,472.00240092,472.00240092,-38.98677591884224,177.80861297610144,2016566.3895999994,5673678.880404595,2016566.38965,5673678.88065
"POINT (1914031.6823 5657601.78425)",208000,Puketitiri-Tutira,2432.98000295,2432.98000295,-39.17413690910933,176.6350080822868,1914031.6823013062,5657601.7842,1914031.6823,5657601.78425
"POINT (1896661.12615 5626622.6255)",208100,Sherenden-Crownthorpe,765.96321956,765.96321956,-39.458877606508246,176.44795472610764,1896661.1261657146,5626622.625499999,1896661.12615,5626622.6255
"POINT (1890884.694 5606992.37385)",208200,Maraekakaho,820.40789419,820.40789419,-39.63741686304343,176.38951904130343,1890884.693975844,5606992.37385,1890884.694,5606992.37385
"POINT (1927356.13835 5625401.53935)",208300,Puketapu-Eskdale,244.82888924,244.82888924,-39.45874078564586,176.80460442572723,1927356.1383499997,5625401.539297529,1927356.13835,5625401.53935
"POINT (1931636.4634 5612068.9315)",208400,Omahu-Pakowhai,45.66291032,45.66291032,-39.57696516341453,176.86088634984335,1931636.4633896737,5612068.93145,1931636.4634,5612068.9315
"POINT (1922957.41955 5606428.8289)",208500,Bridge Pa,23.2425111,23.2425111,-39.63098633791749,176.76280018937248,1922957.4195500002,5606428.828858358,1922957.41955,5606428.8289
"POINT (1927935.03295 5609658.8822)",208600,Twyford,26.01694989,26.01694989,-39.60005529449412,176.81907605411502,1927935.0329452893,5609658.88215,1927935.03295,5609658.8822
"POINT (1915470.4417 5592365.60235)",208700,Poukawa,339.92750582,339.92750582,-39.7602294160392,176.68246247968173,1915470.4416796193,5592365.602299999,1915470.4417,5592365.60235
"POINT (1923882.2427 5608006.0796)",208800,Flaxmere West,0.9172791,0.9172791,-39.61645626418768,176.7727821988485,1923882.2426999968,5608006.079553332,1923882.2427,5608006.0796
"POINT (1926587.16495 5607879.01985)",208900,Omahu Strip,1.93922993,1.93922993,-39.616571751408244,176.8042884796165,1926587.1649520365,5607879.0198,1926587.16495,5607879.01985
"POINT (1924667.5852 5607578.4596)",209000,Lochain Park,0.93643965,0.93643965,-39.62000362207617,176.78212120987345,1924667.5851862668,5607578.459550001,1924667.5852,5607578.4596
"POINT (1925018.27425 5607050.3824)",209100,Flaxmere Park,1.35063391,1.35063391,-39.6246184064236,176.7864571947998,1925018.274210886,5607050.38235,1925018.27425,5607050.3824
"POINT (1925436.3872 5606348.76705)",209200,Flaxmere South,0.72258966,0.72258966,-39.630767591281106,176.79166298430118,1925436.387195324,5606348.767,1925436.3872,5606348.76705
"POINT (1926258.89925 5605368.46015)",209300,Irongate,8.2825163,8.2825163,-39.639268048363355,176.80170943151586,1926258.8992499998,5605368.460119221,1926258.89925,5605368.46015
"POINT (1928719.25565 5607188.8318)",209400,Frimley,2.02508798,2.02508798,-39.6219613033776,176.82941490312962,1928719.2556401228,5607188.83175,1928719.25565,5607188.8318
"POINT (1928186.29335 5606384.40685)",209500,Camberley,0.93079074,0.93079074,-39.6293976779045,176.82361776575033,1928186.2933127005,5606384.4068,1928186.29335,5606384.40685
"POINT (1936033.5232 5610811.03515)",209600,Clive,14.82435657,14.82435657,-39.58656204145077,176.91260207043916,1936033.5231844976,5610811.0351,1936033.5232,5610811.03515
"POINT (1928972.34015 5605711.91415)",209700,St Leonards,1.03111828,1.03111828,-39.635141899834686,176.8330907176917,1928972.34015,5605711.914120232,1928972.34015,5605711.91415
"POINT (1930410.8807 5606881.2045)",209800,Mahora,0.94013557,0.94013557,-39.62407603675744,176.84923327027664,1930410.8806595895,5606881.20445,1930410.8807,5606881.2045
"POINT (1928257.29655 5605156.0169)",209900,Raureka,1.0553645,1.0553645,-39.640414003430486,176.82505238230542,1928257.29655,5605156.016846007,1928257.29655,5605156.0169
"POINT (1929809.61785 5606114.96625)",210000,Cornwall Park,1.08343442,1.08343442,-39.63119631464176,176.84262506657933,1929809.6178499998,5606114.966235306,1929809.61785,5606114.96625
"POINT (1931599.365 5607249.8286)",210100,Tomoana,3.26579971,3.26579971,-39.62030286143487,176.8628648884493,1931599.3650000002,5607249.828570595,1931599.365,5607249.8286
"POINT (1928292.79305 5601826.06935)",210200,Longlands-Pukahu,31.26264917,31.26264917,-39.67033731105912,176.82711818761527,1928292.7930361237,5601826.0693,1928292.79305,5601826.06935
"POINT (1928911.24085 5604537.32935)",210300,Raceway Park,1.01519925,1.01519925,-39.64572508403858,176.8329640491984,1928911.2408595067,5604537.329299999,1928911.24085,5604537.32935
"POINT (1933361.9931 5606280.0661)",210400,Karamu,13.2777502,13.2777502,-39.628336578295325,176.88384196288658,1933361.9931000003,5606280.066077309,1933361.9931,5606280.0661
"POINT (1930043.3824 5605243.19225)",210500,Hastings Central,1.41757248,1.41757248,-39.63894352664283,176.8457775329033,1930043.3824069812,5605243.1921999995,1930043.3824,5605243.19225
"POINT (1931185.62025 5606026.56)",210600,Tomoana Crossing,0.83806947,0.83806947,-39.63146000138814,176.85866706164703,1931185.6202301763,5606026.55995,1931185.62025,5606026.56
"POINT (1929569.5747 5604019.5971)",210700,Akina Park,1.03131201,1.03131201,-39.65012627718551,176.84087766964976,1929569.5746785128,5604019.59705,1929569.5747,5604019.5971
"POINT (1930783.0747 5604626.49035)",210800,Queens Square,0.60058038,0.60058038,-39.64420213863321,176.85468662120107,1930783.0746814501,5604626.4903,1930783.0747,5604626.49035
"POINT (1931537.0736 5604983.72195)",210900,Mayfair,1.06863049,1.06863049,-39.640698956804336,176.86327541783302,1931537.0736039812,5604983.7219,1931537.0736,5604983.72195
"POINT (1930247.4435 5603484.6301)",211000,Parkhaven,1.01585628,1.01585628,-39.65467427842842,176.84902807821365,1930247.4434877746,5603484.63005,1930247.4435,5603484.6301
"POINT (1931255.3729 5604009.72355)",211100,Parkvale,1.24145795,1.24145795,-39.649564127922254,176.8604874858969,1931255.3728669174,5604009.7235,1931255.3729,5604009.72355
"POINT (1936945.27105 5605647.6998)",211200,Mangateretere,37.07025196,37.07025196,-39.632618763716835,176.9258192416175,1936945.2710423204,5605647.699750001,1936945.27105,5605647.6998
"POINT (1941026.9091 5605222.4699)",211300,Haumoana-Te Awanga,7.82177246,7.82177246,-39.634825241787496,176.9734874924617,1941026.9091000003,5605222.469830504,1941026.9091,5605222.4699
"POINT (1931975.11705 5601573.77745)",211400,Lucknow,0.57778821,0.57778821,-39.67118374860471,176.87008059995873,1931975.1170499995,5601573.777417355,1931975.11705,5601573.77745
"POINT (1933316.0275 5602311.77865)",211500,Karanema-St Hill,0.94539093,0.94539093,-39.66402781495113,176.88530669608647,1933316.0275006788,5602311.7786,1933316.0275,5602311.77865
"POINT (1932671.30555 5601789.73615)",211600,Havelock North-Central,0.47383139,0.47383139,-39.66897179569085,176.87807041886177,1932671.3055500006,5601789.7360944515,1932671.30555,5601789.73615
"POINT (1934187.993 5602750.6353)",211700,Brookvale,1.73921429,1.73921429,-39.65974248449094,176.8952269042413,1934187.9930000002,5602750.6352445,1934187.993,5602750.6353
"POINT (1932527.18865 5600844.60265)",211800,Iona,1.46638943,1.46638943,-39.67752426338976,176.876869656652,1932527.1886513857,5600844.6026,1932527.18865,5600844.60265
"POINT (1933947.54795 5601109.2805)",211900,Hereworth,1.61552842,1.61552842,-39.674591313416194,176.89325970247546,1933947.54795,5601109.280465623,1933947.54795,5601109.2805
"POINT (1932555.65205 5598726.98035)",212000,Te Mata Hills,12.71128037,12.71128037,-39.696549798725634,176.8782673251935,1932555.6520136956,5598726.9803,1932555.65205,5598726.98035
"POINT (1932546.49315 5600022.85635)",212100,Havelock Hills,2.98720987,2.98720987,-39.68490394768495,176.87750797765946,1932546.4931095766,5600022.8563,1932546.49315,5600022.85635
"POINT (1938533.5034 5590912.2453)",212200,Kahuranaki,368.10840277,368.10840277,-39.764446982290536,176.95184182727033,1938533.5033999998,5590912.245263521,1938533.5034,5590912.2453
"POINT (1931893.46085 5626348.05535)",212300,Bay View,29.20685591,29.20685591,-39.448495470059804,176.85675667748046,1931893.4608500006,5626348.055305022,1931893.46085,5626348.05535
"POINT (1929645.14845 5620916.74065)",212400,Poraiti Hills,10.57864023,10.57864023,-39.4981882154291,176.83336805207043,1929645.1484499997,5620916.740622002,1929645.14845,5620916.74065
"POINT (1931724.4427 5620997.2601)",212500,Poraiti Flat,7.08962148,7.08962148,-39.496665131010694,176.85745638104743,1931724.4427000005,5620997.260081995,1931724.4427,5620997.2601
"POINT (1934069.7848 5622877.87275)",212600,Westshore,0.93239862,0.93239862,-39.47885126449276,176.88372855445522,1934069.7848,5622877.872701446,1934069.7848,5622877.87275
"POINT (1934012.4599 5622341.1943)",212700,Inlet Napier City,0,0.7232998,-39.48369817826379,176.883332266974,1934012.4599033897,5622341.194250001,1934012.4599,5622341.1943
"POINT (1933932.86365 5620793.23)",212800,Onekawa West,3.11950969,3.11950969,-39.49764504906781,176.88318407304766,1933932.8636500002,5620793.229947332,1933932.86365,5620793.23
"POINT (1935100.5306 5622302.4094)",212900,Ahuriri,0.97708121,1.14282742,-39.48362395581966,176.89597461766348,1935100.5305746116,5622302.40935,1935100.5306,5622302.4094
"POINT (1929900.70915 5617914.21375)",213000,Taradale West,1.68650015,1.68650015,-39.52508392481135,176.83782075995202,1929900.70915,5617914.213708121,1929900.70915,5617914.21375
"POINT (1931304.395 5618834.50595)",213100,Greenmeadows West,1.1042898,1.1042898,-39.51627047564651,176.85365767301806,1931304.3950000005,5618834.505919725,1931304.395,5618834.50595
"POINT (1929109.1987 5616043.07005)",213200,Taradale South,5.12388944,5.12388944,-39.542209630798915,176.82955777137144,1929109.1986999996,5616043.07000879,1929109.1987,5616043.07005
"POINT (1936765.4692 5622456.5194)",213300,Bluff Hill,1.89032878,1.89032878,-39.481588832729976,176.91521159361864,1936765.4691999995,5622456.519376596,1936765.4692,5622456.5194
"POINT (1935720.88095 5621785.9703)",213400,Hospital Hill,1.49578827,1.49578827,-39.488024844428324,176.90343126102846,1935720.880953385,5621785.970249999,1935720.88095,5621785.9703
"POINT (1932191.3154 5619236.11545)",213500,Tamatea West,0.63229511,0.63229511,-39.51231777974616,176.8637518378986,1932191.3153999997,5619236.115386033,1932191.3154,5619236.11545
"POINT (1932899.5683 5619686.1232)",213600,Tamatea North,0.65893563,0.65893563,-39.50799833717765,176.8717470889037,1932899.5682999997,5619686.123181476,1932899.5683,5619686.1232
"POINT (1930974.5109 5617667.9814)",213700,Taradale Central,1.17746783,1.17746783,-39.526884774542125,176.8504085918553,1930974.5109000013,5617667.981384048,1930974.5109,5617667.9814
"POINT (1932599.1662 5618877.8951)",213800,Tamatea East,0.63201913,0.63201913,-39.51538052057463,176.868664344316,1932599.1661999999,5618877.895052047,1932599.1662,5618877.8951
"POINT (1935026.95265 5620529.02725)",213900,Marewa West,0.79226182,0.79226182,-39.499594815717025,176.8960120935739,1935026.9526384,5620529.0272,1935026.95265,5620529.02725
"POINT (1931891.0473 5618030.2417)",214000,Greenmeadows Central,0.95261183,0.95261183,-39.52327459965373,176.860867859025,1931891.0472861943,5618030.24165,1931891.0473,5618030.2417
"POINT (1934441.691 5619960.6879)",214100,Onekawa Central,0.67702069,0.67702069,-39.50493177720602,176.88950605871273,1934441.6909999999,5619960.687870309,1934441.691,5619960.6879
"POINT (1933463.40245 5619098.44575)",214200,Pirimai West,0.61624116,0.61624116,-39.51306305873969,176.8785847984899,1933463.4024499997,5619098.445708855,1933463.40245,5619098.44575
"POINT (1936686.1644 5621327.44775)",214300,Napier Central,0.83763333,0.83763333,-39.49176967595377,176.91486160108664,1936686.1643734043,5621327.447699999,1936686.1644,5621327.44775
"POINT (1932369.3409 5617697.74595)",214400,Greenmeadows South,0.8512568,0.8512568,-39.52607892515764,176.86658595803837,1932369.3408754705,5617697.7458999995,1932369.3409,5617697.74595
"POINT (1936166.18635 5620629.19685)",214500,Nelson Park,0.78100891,0.78100891,-39.498249937504276,176.90918079300968,1936166.1863270805,5620629.1968,1936166.18635,5620629.19685
"POINT (1931439.8253 5616868.1338)",214600,Bledisloe Park,0.88271679,0.88271679,-39.53389615943515,176.85620872350339,1931439.825289214,5616868.13375,1931439.8253,5616868.1338
"POINT (1933728.6207 5618591.5955)",214700,Pirimai East,0.76239872,0.76239872,-39.51751666852875,176.88191695816255,1933728.620691631,5618591.59545,1933728.6207,5618591.5955
"POINT (1934929.0359 5619408.1593)",214800,Onekawa East,0.63617377,0.63617377,-39.50970921946018,176.89543928989994,1934929.0359000002,5619408.159266726,1934929.0359,5619408.1593
"POINT (1930975.9039 5615789.6927)",214900,Tareha Reserve,1.76118377,1.76118377,-39.543770305742285,176.85135917646556,1930975.9038952123,5615789.69265,1930975.9039,5615789.6927
"POINT (1935817.70505 5619754.73595)",215000,Marewa East,1.40396149,1.40396149,-39.50624708674772,176.90557789106825,1935817.70505,5619754.735915391,1935817.70505,5619754.73595
"POINT (1934629.90295 5618581.03125)",215100,Onekawa South,1.08609464,1.08609464,-39.517261322117065,176.89238327855483,1934629.9029500005,5618581.031217688,1934629.90295,5618581.03125
"POINT (1936589.7381 5619535.7301)",215200,McLean Park,1.34170033,1.34170033,-39.50791406621252,176.9146476818287,1936589.7380999997,5619535.73006982,1936589.7381,5619535.7301
"POINT (1935674.78265 5618610.4084)",215300,Maraenui,1.05242219,1.05242219,-39.51658992720954,176.90449597807745,1935674.78265,5618610.408338966,1935674.78265,5618610.4084
"POINT (1934329.02925 5615728.8712)",215400,Meeanee-Awatoto,24.31069696,24.31069696,-39.54301852160221,176.89032398918857,1934329.0292553152,5615728.87115,1934329.02925,5615728.8712
"POINT (1892373.29095 5587168.3603)",215500,Mangaonuku,537.41805675,537.41805675,-39.815211377822685,176.41563295368366,1892373.2909603247,5587168.360300001,1892373.29095,5587168.3603
"POINT (1884577.88395 5572630.52785)",215600,Makaretu,788.69926081,788.69926081,-39.948619583085154,176.3310387208387,1884577.8839479778,5572630.52785,1884577.88395,5572630.52785
"POINT (1906424.54145 5573050.7934)",215700,Waipawa,6.80234433,6.80234433,-39.93721619706009,176.58610493977378,1906424.5414573024,5573050.793399998,1906424.54145,5573050.7934
"POINT (1921520.2033 5563917.29035)",215900,Mangarara,838.26365281,838.26365281,-40.01373467724976,176.76693121927173,1921520.2033000002,5563917.290316597,1921520.2033,5563917.29035
"POINT (1903812.68085 5565710.67875)",216000,Waipukurau East,2.26275476,2.26275476,-40.00416269547237,176.55901997906165,1903812.680849999,5565710.678705491,1903812.68085,5565710.67875
"POINT (1902139.9929 5542733.6358)",216100,Taurekaitai,1153.81953227,1153.81953227,-40.21138022011387,176.55019970445187,1902139.9929,5542733.635754807,1902139.9929,5542733.6358
"POINT (1689039.6507 5676057.539)",216200,Port Taranaki,1.56915864,1.56915864,-39.06003299635012,174.02912810126915,1689039.650690542,5676057.539,1689039.6507,5676057.539
"POINT (1688873.09925 5674628.84675)",216300,Spotswood,3.45612908,3.45612908,-39.07292220116683,174.02738997420934,1688873.099230608,5674628.8467500005,1688873.09925,5674628.84675
"POINT (1687324.00725 5671650.51125)",216400,Omata,21.59947441,21.59947441,-39.099912858543476,174.00986739127444,1687324.00724184,5671650.51125,1687324.00725,5671650.51125
"POINT (1682076.47105 5669498.0632)",216500,Oakura,1.67717632,1.67717632,-39.119816123799296,173.94944994211278,1682076.4710619338,5669498.0632,1682076.47105,5669498.0632
"POINT (1690798.78535 5675790.87835)",216600,Moturoa,1.01672273,1.01672273,-39.06225436208674,174.0494927559152,1690798.785337153,5675790.87835,1690798.78535,5675790.87835
"POINT (1681286.40995 5662028.60495)",216700,Kaitake,170.20208598,170.20208598,-39.18718928283229,173.94120795353157,1681286.4099499988,5662028.604929188,1681286.40995,5662028.60495
"POINT (1690164.66215 5674957.56745)",216800,Blagdon-Lynmouth,1.15856976,1.15856976,-39.06982801816927,174.04227483068888,1690164.6621568734,5674957.56745,1690164.66215,5674957.56745
"POINT (1692555.03175 5675831.7236)",216900,Kawaroa,1.1328722,1.1328722,-39.0617019274929,174.06978340872368,1692555.0317537198,5675831.7236,1692555.03175,5675831.7236
"POINT (1693011.9125 5676337.5835)",217000,New Plymouth Central,1.25967206,1.25967206,-39.05709573667262,174.07499420898634,1693011.9125078074,5676337.5835,1693011.9125,5676337.5835
"POINT (1690544.1559 5674449.41175)",217100,Marfell,0.7333253,0.7333253,-39.07436707985914,174.04672861254878,1690544.1559000004,5674449.411741752,1690544.1559,5674449.41175
"POINT (1689657.0108 5673304.6472)",217200,Whalers Gate,2.08533425,2.08533425,-39.08477273013486,174.03662534887513,1689657.0108000007,5673304.647190485,1689657.0108,5673304.6472
"POINT (1694510.7507 5676616.70545)",217300,Strandon,1.76483897,1.76483897,-39.05442000239939,174.09227551580872,1694510.7507000007,5676616.705450833,1694510.7507,5676616.70545
"POINT (1691743.05295 5674329.75255)",217400,Westown,2.37440727,2.37440727,-39.075319949296166,174.06060230639932,1691743.0529499995,5674329.752533937,1691743.05295,5674329.75255
"POINT (1698404.92605 5679291.6765)",217500,Bell Block West,4.19117765,4.19117765,-39.029889667289495,174.1368866312437,1698404.926042098,5679291.6765,1698404.92605,5679291.6765
"POINT (1701382.59005 5680934.94455)",217600,Bell Block East,7.6715886,7.6715886,-39.014744420050675,174.1710371248592,1701382.5900486878,5680934.94455,1701382.59005,5680934.94455
"POINT (1700360.22065 5678292.9892)",217700,Waiwhakaiho-Bell Block South,7.3542755,7.3542755,-39.03866495952595,174.15961922439797,1700360.2206383247,5678292.9892,1700360.22065,5678292.9892
"POINT (1693403.9427 5674499.4848)",217800,Lower Vogeltown,1.50057696,1.50057696,-39.07361451784254,174.0797766829541,1693403.9427000005,5674499.484824615,1693403.9427,5674499.4848
"POINT (1690920.7434 5672280.53495)",217900,Hurdon,3.76518219,3.76518219,-39.09386886643607,174.05137149573284,1690920.743399999,5672280.534965858,1690920.7434,5672280.53495
"POINT (1692552.8348 5673775.30675)",218000,Frankleigh Park,2.10682207,2.10682207,-39.08022980268975,174.07003778824097,1692552.8347999998,5673775.306741206,1692552.8348,5673775.30675
"POINT (1695345.91995 5675417.18485)",218100,Merrilands,1.71844923,1.71844923,-39.06513640577116,174.10209406015338,1695345.919945483,5675417.18485,1695345.91995,5675417.18485
"POINT (1691905.393 5672202.7318)",218200,Ferndale,1.7914269,1.7914269,-39.0944666256694,174.0627662985382,1691905.3929999997,5672202.731776475,1691905.393,5672202.7318
"POINT (1694541.71655 5673143.34655)",218300,Welbourn,6.4915442,6.4915442,-39.085710243634196,174.09311600235196,1694541.7165500002,5673143.346560061,1694541.71655,5673143.34655
"POINT (1697128.3911 5674267.77415)",218400,Fitzroy-Glen Avon,16.98091941,16.98091941,-39.075295522472004,174.12285790722578,1697128.391100001,5674267.774143126,1697128.3911,5674267.77415
"POINT (1706162.1981 5682757.3422)",218500,Waitara West,3.38623212,3.38623212,-38.997758748992226,174.22594982468237,1706162.1980999971,5682757.342206996,1706162.1981,5682757.3422
"POINT (1693668.8646 5672588.0687)",218600,Upper Vogeltown,2.46278271,2.46278271,-39.09080724748081,174.08310207124714,1693668.864600001,5672588.068683105,1693668.8646,5672588.0687
"POINT (1695577.44435 5673533.4605)",218700,Highlands Park (New Plymouth District),2.9094879,2.9094879,-39.08208262027218,174.1050344469287,1695577.44435,5673533.460516546,1695577.44435,5673533.4605
"POINT (1700348.71605 5676461.9969)",218800,Paraite,13.72124804,13.72124804,-39.05516248607776,174.15975607528233,1700348.7160254945,5676461.9969,1700348.71605,5676461.9969
"POINT (1707888.17435 5682948.2587)",218900,Waitara East,2.27413857,2.27413857,-38.99582762987884,174.2458466926873,1707888.17433005,5682948.2587,1707888.17435,5682948.2587
"POINT (1705478.4149 5678657.1214)",219000,Lepperton-Brixton,46.53420772,46.53420772,-39.03478152049228,174.2186892237978,1705478.4149000002,5678657.1213974105,1705478.4149,5678657.1214
"POINT (1691393.95465 5660005.23235)",219100,Mangorei,188.53852089,188.53852089,-39.20441480664771,174.05849818635812,1691393.9546500007,5660005.232344766,1691393.95465,5660005.23235
"POINT (1741604.6003 5691403.15575)",219200,Mount Messenger,934.29434542,934.29434542,-38.91486207721961,174.63330999143128,1741604.6002999996,5691403.155744845,1741604.6003,5691403.15575
"POINT (1700670.84815 5668690.3392)",219300,Mangaoraka,81.67767854,81.67767854,-39.125143018113995,174.16462945366345,1700670.8481499997,5668690.339218,1700670.84815,5668690.3392
"POINT (1715469.5599 5677097.42755)",219400,Tikorangi,167.6952826,167.6952826,-39.047569510630616,174.3343625150955,1715469.5599123614,5677097.427549999,1715469.5599,5677097.42755
"POINT (1701951.8417 5657264.3082)",219500,Everett Park,236.51532687,236.51532687,-39.22793305127567,174.18116727119818,1701951.841700002,5657264.308224423,1701951.8417,5657264.3082
"POINT (1703679.56105 5664973.17355)",219600,Inglewood,2.94435911,2.94435911,-39.158278630507645,174.1999977764834,1703679.5610320074,5664973.17355,1703679.56105,5664973.17355
"POINT (1721551.3654 5665090.9554)",219700,Tarata,258.96873968,258.96873968,-39.15490446361856,174.4067727630267,1721551.3653809666,5665090.955399999,1721551.3654,5665090.9554
"POINT (1701248.32825 5646126.0152)",219800,Pembroke,226.38037854,226.38037854,-39.32836062728907,174.17469314015779,1701248.3282342595,5646126.0152,1701248.32825,5646126.0152
"POINT (1741509.0816 5655241.59125)",219900,Douglas,1010.45224399,1010.45224399,-39.24060475445296,174.63973252370158,1741509.0816000297,5655241.591237867,1741509.0816,5655241.59125
"POINT (1716852.6469 5646103.64095)",220000,Toko,228.45223646,228.45223646,-39.32659462088475,174.3556956137431,1716852.6468999996,5646103.640965742,1716852.6469,5646103.64095
"POINT (1710348.72295 5645651.3791)",220100,Stratford North,3.28542371,3.28542371,-39.33152314916719,174.28033114920459,1710348.7229431276,5645651.3791000005,1710348.72295,5645651.3791
"POINT (1763768.26025 5670508.51285)",220200,Whangamomona,689.60101386,689.60101386,-39.09919267506606,174.89384444681957,1763768.2602527502,5670508.51285,1763768.26025,5670508.51285
"POINT (1711147.31245 5644968.83435)",220300,Stratford Central,2.53265568,2.53265568,-39.33756961121311,174.2897076501318,1711147.31247089,5644968.834349997,1711147.31245,5644968.83435
"POINT (1710736.68775 5643800.82115)",220400,Stratford South,2.71991258,2.71991258,-39.34814441391209,174.28513676188297,1710736.6877543833,5643800.821150001,1710736.68775,5643800.82115
"POINT (1677425.62525 5648032.624)",220500,Cape Egmont,434.17712627,434.17712627,-39.31364364230776,173.89811674375926,1677425.6252258967,5648032.624,1677425.62525,5648032.624
"POINT (1683929.26305 5633083.65535)",220600,Taungatara,313.10448638,313.10448638,-39.44771937872343,173.97542032695455,1683929.2630499997,5633083.655337762,1683929.26305,5633083.65535
"POINT (1674037.22035 5632644.9077)",220700,Opunake,3.76514248,3.76514248,-39.45257963840583,173.86051728834803,1674037.2203276563,5632644.9077,1674037.22035,5632644.9077
"POINT (1700502.2627 5635029.5024)",220800,Kaponga-Mangatoki,172.80744455,172.80744455,-39.428414994495185,174.16770346001678,1700502.2626999852,5635029.502384817,1700502.2627,5635029.5024
"POINT (1695942.4585 5625480.6483)",220900,Manaia-Kapuni,109.37614226,109.37614226,-39.51495952265571,174.11610798945844,1695942.4585000076,5625480.648305746,1695942.4585,5625480.6483
"POINT (1711674.0284 5634739.0546)",221000,Eltham,3.4120219,3.4120219,-39.429656187979106,174.29752351353008,1711674.0284000095,5634739.054614727,1711674.0284,5634739.0546
"POINT (1705112.9134 5622598.9742)",221100,Okaiawa,102.1126928,102.1126928,-39.53984600611861,174.2232224454649,1705112.9134,5622598.974213379,1705112.9134,5622598.9742
"POINT (1729444.12515 5633340.8088)",221200,Te Roti-Moeroa,361.9401729,361.9401729,-39.43976506646804,174.50420035086321,1729444.1251568166,5633340.8088,1729444.12515,5633340.8088
"POINT (1708389.6747 5618177.23525)",221300,Egmont Showgrounds,4.40122899,4.40122899,-39.57927084803679,174.2620681253009,1708389.6746999999,5618177.235265724,1708389.6747,5618177.23525
"POINT (1712431.5573 5618273.72195)",221400,Normanby-Tawhiti,49.49870505,49.49870505,-39.57788107730001,174.3091033340363,1712431.5572999895,5618273.721937137,1712431.5573,5618273.72195
"POINT (1723005.14725 5621088.7582)",221500,Ohangai,331.77788619,331.77788619,-39.551072240532584,174.43166138224834,1723005.1472642806,5621088.7582,1723005.14725,5621088.7582
"POINT (1710526.4731 5618736.56285)",221600,Turuturu,4.33292835,4.33292835,-39.57395946755711,174.28684956590016,1710526.4731000003,5618736.562847396,1710526.4731,5618736.56285
"POINT (1709559.841 5617999.91255)",221700,King Edward Park,1.08208134,1.08208134,-39.580719446929024,174.27571944741726,1709559.8409870658,5617999.9125500005,1709559.841,5617999.91255
"POINT (1709294.68325 5615230.0634)",221800,Ramanui,13.60097831,13.60097831,-39.60570467479961,174.27308935834836,1709294.6832265344,5615230.0634,1709294.68325,5615230.0634
"POINT (1710184.189 5616886.43525)",221900,Hawera Central,1.78428964,1.78428964,-39.5906698241502,174.28317269423607,1710184.1890053852,5616886.435250001,1710184.189,5616886.43525
"POINT (1747838.84775 5614137.9493)",222000,Mangawhio,1368.58551638,1368.58551638,-39.609754966975,174.72213866525874,1747838.8477545767,5614137.949300001,1747838.84775,5614137.9493
"POINT (1730983.57545 5598491.17845)",222100,Manutahi-Waitotora,293.21970057,293.21970057,-39.75343101412467,174.5289709198336,1730983.5754387332,5598491.17845,1730983.57545,5598491.17845
"POINT (1725806.043 5598716.5003)",222200,Patea,6.15358793,6.15358793,-39.7521817718511,174.4685095543785,1725806.0429999998,5598716.500321156,1725806.043,5598716.5003
"POINT (1774653.0563 5700458.5338)",222300,Otangiwai-Ohura,2011.6969254,2011.6969254,-38.82735589075047,175.0120011165996,1774653.0562799133,5700458.5338,1774653.0563,5700458.5338
"POINT (1811537.6568 5693561.35785)",222400,Ngapuke,621.82804299,621.82804299,-38.88136634044378,175.43870560013883,1811537.6567954675,5693561.35785,1811537.6568,5693561.35785
"POINT (1795353.4594 5695739.78295)",222500,Taumarunui North,3.59908256,3.59908256,-38.86549732014441,175.25164697654344,1795353.4594000003,5695739.78294166,1795353.4594,5695739.78295
"POINT (1796658.10605 5693376.72325)",222600,Taumarunui Central,5.53738135,5.53738135,-38.886484628181556,175.26734977943337,1796658.1060353122,5693376.72325,1796658.10605,5693376.72325
"POINT (1801394.62295 5692647.303)",222700,Taumarunui East,4.51828493,4.51828493,-38.891979568584254,175.32213164653032,1801394.6229498908,5692647.302999999,1801394.62295,5692647.303
"POINT (1803623.4018 5668989.5258)",222800,National Park,1375.2791188,1375.2791188,-39.10447462584912,175.35486363838342,1803623.401822298,5668989.5258,1803623.4018,5668989.5258
"POINT (1817210.2488 5637297.6902)",222900,Tangiwai,2696.63922093,2696.63922093,-39.386494330061055,175.52205924084407,1817210.248777282,5637297.690200002,1817210.2488,5637297.6902
"POINT (1795970.1245 5633133.94945)",223000,Raetihi,3.86337708,3.86337708,-39.42906643222086,175.2768487485913,1795970.1244979415,5633133.949449999,1795970.1245,5633133.94945
"POINT (1807006.12085 5634633.7831)",223100,Ohakune,6.44049298,6.44049298,-39.41298417363213,175.40450150158452,1807006.1208686605,5634633.7831,1807006.12085,5634633.7831
"POINT (1830575.9045 5627763.6997)",223200,Waiouru,5.01061607,5.01061607,-39.46884209254974,175.68038347124082,1830575.9044853153,5627763.6997,1830575.9045,5627763.6997
"POINT (1786003.89275 5603187.3028)",223300,Upper Whanganui,1849.8869241,1849.8869241,-39.70091534545312,175.16952732813553,1786003.8927499857,5603187.302819997,1786003.89275,5603187.3028
"POINT (1762584.03935 5587542.3986)",223400,Mowhanau,170.18010928,170.18010928,-39.84658291314056,174.9003838346876,1762584.0393666432,5587542.398599999,1762584.03935,5587542.3986
"POINT (1775227.1397 5583120.5568)",223500,Brunswick-Papaiti,51.53191453,51.53191453,-39.88388383256212,175.04926320347877,1775227.139700166,5583120.5568,1775227.1397,5583120.5568
"POINT (1769143.3798 5578048.44265)",223600,Castlecliff West,3.02360891,3.02360891,-39.93079109728584,174.97946951450697,1769143.3798093132,5578048.44265,1769143.3798,5578048.44265
"POINT (1772815.92075 5580568.0124)",223700,Otamatea (Whanganui District),2.23072627,2.23072627,-39.90736255272956,175.02175640484126,1772815.9207499963,5580568.012393087,1772815.92075,5580568.0124
"POINT (1770238.08705 5577574.77025)",223800,Castlecliff East,2.62584485,2.62584485,-39.93483687401248,174.99239720621713,1770238.0870500011,5577574.770242034,1770238.08705,5577574.77025
"POINT (1772196.49135 5578975.91785)",223900,Springvale North,1.04144469,1.04144469,-39.92182442497705,175.0149342100859,1772196.4913560655,5578975.91785,1772196.49135,5578975.91785
"POINT (1775555.4743 5580871.49625)",224000,Lower Aramoho,2.08403997,2.08403997,-39.90406685777736,175.05370528873897,1775555.4743,5580871.496260254,1775555.4743,5580871.49625
"POINT (1774224.7848 5579801.3538)",224100,St Johns Hill East,1.12368143,1.12368143,-39.91397725141777,175.03843346861854,1774224.784820838,5579801.353800001,1774224.7848,5579801.3538
"POINT (1773505.3378 5579046.11435)",224200,St Johns Hill West,1.12200008,1.12200008,-39.92092526370104,175.0302217964046,1773505.3377766763,5579046.11435,1773505.3378,5579046.11435
"POINT (1771836.89125 5577297.8734)",224300,Titoki,1.92010635,1.92010635,-39.93700715585476,175.01117114977572,1771836.891245766,5577297.8734,1771836.89125,5577297.8734
"POINT (1772394.28135 5578211.9199)",224400,Springvale West,0.68873217,0.68873217,-39.92866347559657,175.01744926000097,1772394.281340886,5578211.9199,1772394.28135,5578211.9199
"POINT (1772902.09885 5578536.8061)",224500,Springvale East,0.63070441,0.63070441,-39.92563457420637,175.02330236542375,1772902.0988499997,5578536.806092614,1772902.09885,5578536.8061
"POINT (1776886.5931 5581687.7549)",224600,Upper Aramoho,1.56200848,1.56200848,-39.896440448310855,175.0690464665802,1776886.5930843295,5581687.754899999,1776886.5931,5581687.7549
"POINT (1771548.988 5576079.17215)",224700,Balgownie,2.8144496,2.8144496,-39.94803915516881,175.0081243990249,1771548.988015667,5576079.17215,1771548.988,5576079.17215
"POINT (1774779.4318 5579029.33775)",224800,Laird Park,1.1135117,1.1135117,-39.9208143877044,175.04512580868862,1774779.4318000004,5579029.337741265,1774779.4318,5579029.33775
"POINT (1776526.9673 5580507.375)",224900,Wembley Park,1.53594683,1.53594683,-39.90714365441159,175.06516167008905,1776526.9673163258,5580507.375,1776526.9673,5580507.375
"POINT (1773801.66805 5577948.23885)",225000,College Estate,1.35036959,1.35036959,-39.93075003613157,175.03397979782386,1773801.6680499997,5577948.238854828,1773801.66805,5577948.23885
"POINT (1776225.4809 5579758.13535)",225100,Whanganui East-Williams Domain,1.37721183,1.37721183,-39.913952626058084,175.06183911995697,1776225.480922307,5579758.13535,1776225.4809,5579758.13535
"POINT (1772498.7566 5576563.2957)",225200,Gonville West,0.73840657,0.73840657,-39.94348690185707,175.01910753901447,1772498.7566119914,5576563.295700001,1772498.7566,5576563.2957
"POINT (1773195.03385 5577099.3886)",225300,Gonville North,1.34068065,1.34068065,-39.93851759748969,175.0271101981108,1773195.03387187,5577099.3886,1773195.03385,5577099.3886
"POINT (1775232.5811 5578457.46805)",225400,Cornmarket,0.62888431,0.62888431,-39.92586995966152,175.0505786600546,1775232.5811,5578457.468050046,1775232.5811,5578457.46805
"POINT (1775985.94965 5578618.06855)",225500,Whanganui East-Riverlands,1.49508465,1.49508465,-39.924267685488495,175.059345907656,1775985.9496536455,5578618.06855,1775985.94965,5578618.06855
"POINT (1784847.30245 5575670.30435)",225600,Kaitoke-Fordell,261.31137619,261.31137619,-39.94892024328166,175.16380740936773,1784847.3024591808,5575670.30435,1784847.30245,5575670.30435
"POINT (1774908.05615 5577267.3214)",225700,Whanganui Central,2.43775687,2.43775687,-39.93665330063233,175.04710268062468,1774908.0561499996,5577267.321402569,1774908.05615,5577267.3214
"POINT (1773718.25205 5576095.91675)",225800,Gonville South,1.53981125,1.53981125,-39.947445854724606,175.03349799520956,1773718.2520714034,5576095.91675,1773718.25205,5576095.91675
"POINT (1776445.32395 5577648.8916)",225900,Bastia-Durie Hill,2.57038602,2.57038602,-39.932898627561514,175.06498040645542,1776445.3239500008,5577648.891598461,1776445.32395,5577648.8916
"POINT (1774797.8906 5575678.19185)",226000,Putiki,3.35323267,3.35323267,-39.9509847881275,175.04624048253874,1774797.8906214903,5575678.191849999,1774797.8906,5575678.19185
"POINT (1842935.6011 5605759.9626)",226100,Mokai Patea,2475.07259964,2475.07259964,-39.663465310820165,175.83195187999695,1842935.6010999992,5605759.962619034,1842935.6011,5605759.9626
"POINT (1874677.4058 5637145.34385)",226200,Ngamatea,611.55273062,611.55273062,-39.371499841210486,176.18851445616718,1874677.4057999994,5637145.343857415,1874677.4058,5637145.34385
"POINT (1789223.11625 5567691.71475)",226300,Turakina,276.63273659,276.63273659,-40.01978495987922,175.21731665147388,1789223.1162262503,5567691.714749999,1789223.11625,5567691.71475
"POINT (1813977.1004 5581019.4618)",226400,Otairi,636.74210386,636.74210386,-39.89390770166979,175.50275763870806,1813977.100423109,5581019.4618,1813977.1004,5581019.4618
"POINT (1839786.5358 5604237.03295)",226500,Taihape,4.9344456,4.9344456,-39.67806002406069,175.79583673973065,1839786.5358150182,5604237.032950001,1839786.5358,5604237.03295
"POINT (1796724.18995 5561971.8756)",226600,Marton Rural,192.55973377,192.55973377,-40.06956266917008,175.30688415721903,1796724.1899628062,5561971.8756,1796724.18995,5561971.8756
"POINT (1801860.5595 5562534.93675)",226700,Marton North,8.73647193,8.73647193,-40.063279297959724,175.3668922917234,1801860.5594762592,5562534.93675,1801860.5595,5562534.93675
"POINT (1796787.99725 5549444.56055)",226800,Parewanui,265.96041807,265.96041807,-40.18232205767864,175.31145032772557,1796787.9972500005,5549444.56054071,1796787.99725,5549444.56055
"POINT (1803556.0979 5560143.72765)",226900,Marton South,4.8563551,4.8563551,-40.084396846261,175.38750886321577,1803556.0979082016,5560143.72765,1803556.0979,5560143.72765
"POINT (1802958.1959 5549595.86005)",227000,Bulls,6.69569293,6.69569293,-40.179490856235674,175.38381869173776,1802958.1958899107,5549595.86005,1802958.1959,5549595.86005
"POINT (1841359.1965 5579999.6724)",227100,Kiwitea,784.651829,784.651829,-39.89573436683647,175.82306029164204,1841359.1965,5579999.672379728,1841359.1965,5579999.6724
"POINT (1817791.6849 5558243.77135)",227200,Tokorangi,271.2351752,271.2351752,-40.097937356565424,175.55496613823203,1817791.6848999988,5558243.771347927,1817791.6849,5558243.77135
"POINT (1802688.6262 5545396.77645)",227300,Ohakea-Sanson,82.74212575,82.74212575,-40.21735485879112,175.38197816722086,1802688.6261739433,5545396.77645,1802688.6262,5545396.77645
"POINT (1795278.2643 5531995.6566)",227400,Oroua Downs,125.29442201,125.29442201,-40.33975220208919,175.29904441356595,1795278.264299999,5531995.656620229,1795278.2643,5531995.6566
"POINT (1810285.22305 5542535.13045)",227500,Awahuri,124.43983021,124.43983021,-40.24124165743938,175.47211238042308,1810285.2230729947,5542535.13045,1810285.22305,5542535.13045
"POINT (1847861.07525 5562247.0191)",227600,Pohangina-Apiti,681.60445157,681.60445157,-40.05360192523515,175.90578181167055,1847861.0752499995,5562247.019076124,1847861.07525,5562247.0191
"POINT (1817659.5054 5546799.72195)",227700,Mount Taylor,3.19057412,3.19057412,-40.200974738446156,175.55727952277564,1817659.5053999997,5546799.721972699,1817659.5054,5546799.72195
"POINT (1803941.8638 5529789.3248)",227800,Taikorea,152.98037817,152.98037817,-40.35754044911912,175.40166412961466,1803941.8637999992,5529789.324788797,1803941.8638,5529789.3248
"POINT (1818425.78495 5546128.45185)",227900,Makino,1.71330528,1.71330528,-40.206817280178534,175.56650198722028,1818425.7849499998,5546128.451861443,1818425.78495,5546128.45185
"POINT (1816635.5982 5543938.55045)",228000,Sandon,4.47695398,4.47695398,-40.22699192643855,175.5462251675754,1816635.5982000008,5543938.550464936,1816635.5982,5543938.55045
"POINT (1819892.2888 5545938.36075)",228100,Kimbolton North,4.21844226,4.21844226,-40.20814494628898,175.5837818865471,1819892.2888000002,5545938.360724861,1819892.2888,5545938.36075
"POINT (1817728.9883 5544603.21825)",228200,Warwick,0.821351,0.821351,-40.22072627855011,175.558838979994,1817728.9882999996,5544603.218239529,1817728.9883,5544603.21825
"POINT (1818865.3493 5544847.369)",228300,Kimbolton West,1.16104554,1.16104554,-40.21823291310625,175.57209810233863,1818865.3493132032,5544847.369,1818865.3493,5544847.369
"POINT (1818713.613 5542903.46275)",228400,Feilding Central,6.65979493,6.65979493,-40.2357683716432,175.5709784384018,1818713.6129835092,5542903.46275,1818713.613,5542903.46275
"POINT (1819303.0824 5543920.63755)",228500,Kimbolton South,1.35407415,1.35407415,-40.226459402499266,175.57755370499768,1819303.0823999997,5543920.637564472,1819303.0824,5543920.63755
"POINT (1814203.98825 5530655.80235)",228600,Kauwhata,154.43114124,154.43114124,-40.347169953725455,175.52211409971505,1814203.98825,5530655.802353433,1814203.98825,5530655.80235
"POINT (1828099.4087 5543121.28925)",228700,Taonui,165.77652307,165.77652307,-40.23130548667436,175.68111913389043,1828099.4086947856,5543121.28925,1828099.4087,5543121.28925
"POINT (1818117.842 5531451.9869)",228800,Newbury,34.67567534,34.67567534,-40.33899040933647,175.5678818300415,1818117.8419921957,5531451.9869,1818117.842,5531451.9869
"POINT (1822524.3489 5534514.256)",228900,Palmerston North Airport,7.53705383,7.53705383,-40.31026746679244,175.6186424501293,1822524.34889664,5534514.256,1822524.3489,5534514.256
"POINT (1821684.83645 5532507.6291)",229000,Milson North,0.96528171,0.96528171,-40.32855012611448,175.60946855649638,1821684.8364553084,5532507.6291000005,1821684.83645,5532507.6291
"POINT (1819597.72445 5530713.81225)",229100,Cloverlea (Palmerston North City),0.67606932,0.67606932,-40.34524606392475,175.58554140144952,1819597.72445,5530713.812270742,1819597.72445,5530713.81225
"POINT (1824709.73405 5531647.60975)",229200,Tremaine,4.40205417,4.40205417,-40.335481578059,175.64534155520906,1824709.7340300814,5531647.60975,1824709.73405,5531647.60975
"POINT (1821634.11625 5532019.6895)",229300,Milson South,1.22972877,1.22972877,-40.33295500923391,175.60904133234777,1821634.1162319588,5532019.6895,1821634.11625,5532019.6895
"POINT (1830075.51655 5533694.8343)",229400,Whakarongo,51.23452218,51.23452218,-40.3155968415756,175.70770606650225,1830075.516551482,5533694.8343,1830075.51655,5533694.8343
"POINT (1818788.123 5529589.0744)",229500,Westbrook,1.12911546,1.12911546,-40.35558147401453,175.57640375175296,1818788.123017727,5529589.0744,1818788.123,5529589.0744
"POINT (1820657.32835 5530214.72415)",229600,Takaro North,1.11967528,1.11967528,-40.349458382428836,175.59817751036482,1820657.328337689,5530214.72415,1820657.32835,5530214.72415
"POINT (1818023.9103 5527664.67295)",229700,Pioneer West,2.36382194,2.36382194,-40.37310146598316,175.56807075935865,1818023.9102749997,5527664.672924306,1818023.9103,5527664.67295
"POINT (1822094.77855 5531031.4587)",229800,Palmerston North Hospital,1.07372263,1.07372263,-40.34172656168343,175.61480238145197,1822094.7785431906,5531031.458699999,1822094.77855,5531031.4587
"POINT (1819596.88325 5528998.70785)",229900,Highbury East,1.16072094,1.16072094,-40.36068232364553,175.58612150981938,1819596.8832499995,5528998.7078614095,1819596.88325,5528998.70785
"POINT (1818858.3638 5528461.6446)",230000,Park West,0.92856836,0.92856836,-40.365710038393935,175.57761678564376,1818858.3638,5528461.644576451,1818858.3638,5528461.6446
"POINT (1820242.68815 5529266.5428)",230100,Takaro South,0.87652777,0.87652777,-40.35810155201443,175.59362713416863,1820242.6881500003,5529266.54282054,1820242.68815,5529266.5428
"POINT (1823258.70475 5531694.31405)",230200,Roslyn (Palmerston North City),1.15069645,1.15069645,-40.3354505204363,175.62826042321524,1823258.7047240937,5531694.31405,1823258.70475,5531694.31405
"POINT (1824640.0717 5532414.8036)",230300,Kelvin Grove West,0.78190158,0.78190158,-40.32859583321166,175.64425260854242,1824640.07170401,5532414.8036,1824640.0717,5532414.8036
"POINT (1826043.51035 5533071.7568)",230400,Kelvin Grove North,2.14179568,2.14179568,-40.32230485580644,175.6605234499709,1826043.5103700415,5533071.7568,1826043.51035,5533071.7568
"POINT (1822524.9231 5530450.26465)",230500,Papaioea North,0.80386644,0.80386644,-40.346842649487584,175.62006412616887,1822524.9231054587,5530450.26465,1822524.9231,5530450.26465
"POINT (1821416.65625 5529525.3736)",230600,Palmerston North Central,1.84381516,1.84381516,-40.35546134739277,175.60734872082483,1821416.656227096,5529525.3736000005,1821416.65625,5529525.3736
"POINT (1819794.78455 5527929.88595)",230700,Awapuni North,1.23350314,1.23350314,-40.37024961873851,175.5888181169742,1819794.7845701016,5527929.88595,1819794.78455,5527929.88595
"POINT (1823633.1863 5531006.44295)",230800,Terrace End,1.20279275,1.20279275,-40.34154096295442,175.6329053151174,1823633.1863172662,5531006.44295,1823633.1863,5531006.44295
"POINT (1818984.85675 5526373.93265)",230900,Maraetarata,2.44223476,2.44223476,-40.384466385004984,175.5798221084876,1818984.85675,5526373.932658336,1818984.85675,5526373.93265
"POINT (1822917.5947 5529837.86045)",231000,Papaioea South,0.60050727,0.60050727,-40.35224936463355,175.62489676234998,1822917.594679748,5529837.86045,1822917.5947,5529837.86045
"POINT (1826080.15565 5532074.1869)",231100,Royal Oak (Palmerston North City),1.62616019,1.62616019,-40.331272623787335,175.6613071515825,1826080.1556621965,5532074.186899999,1826080.15565,5532074.1869
"POINT (1821064.29545 5528181.71335)",231200,West End,1.16131805,1.16131805,-40.36764761669566,175.60366898018026,1821064.2954500006,5528181.713354489,1821064.29545,5528181.71335
"POINT (1820125.36155 5526943.4939)",231300,Awapuni South,1.67138843,1.67138843,-40.37903992264581,175.5930484976917,1820125.361549999,5526943.493922706,1820125.36155,5526943.4939
"POINT (1822357.7679 5529063.1334)",231400,Milverton,0.5645066,0.5645066,-40.35937113949221,175.61858112430073,1822357.7679112875,5529063.133400001,1822357.7679,5529063.1334
"POINT (1824463.8884 5530026.5711)",231500,Ruamahanga,1.53170712,1.53170712,-40.3501365121246,175.64302001849555,1824463.8883900007,5530026.5711,1824463.8884,5530026.5711
"POINT (1821995.56685 5528238.0094)",231600,Esplanade,1.30575848,1.30575848,-40.36689358631449,175.6146069906794,1821995.5668500015,5528238.009398975,1821995.56685,5528238.0094
"POINT (1822949.12925 5528911.52755)",231700,Hokowhitu Central,0.91032398,0.91032398,-40.360577721148495,175.62559129734953,1822949.1292499998,5528911.527548784,1822949.12925,5528911.52755
"POINT (1823938.7161 5529217.21835)",231800,Hokowhitu East,1.24309948,1.24309948,-40.3575615326413,175.6371263612877,1823938.7161000147,5529217.218338102,1823938.7161,5529217.21835
"POINT (1821265.4887 5525630.9429)",231900,Turitea,9.72054877,9.72054877,-40.39055086208678,175.60692158282572,1821265.4886777697,5525630.9429,1821265.4887,5525630.9429
"POINT (1823308.3598 5527903.5061)",232000,Ruahine,1.57973372,1.57973372,-40.3695535463202,175.6301704381616,1823308.3597905072,5527903.5061,1823308.3598,5527903.5061
"POINT (1819496.5353 5524215.7056)",232100,Linton Camp,4.90483835,4.90483835,-40.40375581376976,175.58658791917827,1819496.5353000003,5524215.705611589,1819496.5353,5524215.7056
"POINT (1834453.3139 5536486.65525)",232200,Ashhurst,4.20738428,4.20738428,-40.28925668004639,175.7581486083233,1834453.3139000016,5536486.655239021,1834453.3139,5536486.65525
"POINT (1824210.3874 5528143.90305)",232300,Hokowhitu South,0.89536257,0.89536257,-40.367148027625134,175.64069952672597,1824210.3873999887,5528143.903023605,1824210.3874,5528143.90305
"POINT (1825536.3543 5528049.0043)",232400,Aokautere,7.14236648,7.14236648,-40.367644547550896,175.65633415757603,1825536.3542750003,5528049.004278824,1825536.3543,5528049.0043
"POINT (1821462.0198 5517901.8034)",232500,Pihauatua,143.83436968,143.83436968,-40.460059115597716,175.61192596623576,1821462.0198013862,5517901.803400001,1821462.0198,5517901.8034
"POINT (1830264.40065 5527742.4967)",232600,Aokautere Rural,83.80928415,83.80928415,-40.36911086176333,175.71207251773086,1830264.4006610573,5527742.4967,1830264.40065,5527742.4967
"POINT (1824420.02825 5525715.5063)",232700,Poutoa,7.06626001,7.06626001,-40.38894624827271,175.64402092423452,1824420.02825,5525715.506305181,1824420.02825,5525715.5063
"POINT (1867888.48455 5554553.4117)",232800,Norsewood,397.44403009,397.44403009,-40.116691199507365,176.143435771466,1867888.4845374792,5554553.4117,1867888.48455,5554553.4117
"POINT (1853685.2733 5542729.46655)",232900,Papatawa,230.05556796,230.05556796,-40.22747714740886,175.98164855425745,1853685.2732726773,5542729.46655,1853685.2733,5542729.46655
"POINT (1839668.45035 5529653.8287)",233000,Mangatainoka,496.79175202,496.79175202,-40.34926271802273,175.8219915371607,1839668.4503500056,5529653.8286765935,1839668.45035,5529653.8287
"POINT (1843492.10375 5530793.89615)",233100,Woodville,4.03940483,4.03940483,-40.337897630712874,175.86652579080683,1843492.1037345454,5530793.89615,1843492.10375,5530793.89615
"POINT (1863978.53345 5545761.1772)",233200,Dannevirke West,2.07393805,2.07393805,-40.197024849331555,176.1012195792088,1863978.5334499986,5545761.177177326,1863978.53345,5545761.1772
"POINT (1864120.4102 5544461.1938)",233300,Dannevirke East,4.73558262,4.73558262,-40.20867517445767,176.10341778468842,1864120.4101834344,5544461.1938000005,1864120.4102,5544461.1938
"POINT (1875171.18985 5539085.9033)",233400,Waitahora,538.20962008,538.20962008,-40.25347403648665,176.23537520766646,1875171.1898304047,5539085.9033,1875171.18985,5539085.9033
"POINT (1852364.9575 5516276.48645)",233500,Kaitawa,583.13477661,583.13477661,-40.46587639227834,175.9766035522688,1852364.9574999996,5516276.486447498,1852364.9575,5516276.48645
"POINT (1840724.24625 5518023.3739)",233600,Pahiatua,3.87735045,3.87735045,-40.453610994385315,175.8388048301191,1840724.246242284,5518023.373900002,1840724.24625,5518023.3739
"POINT (1838590.648 5497108.1565)",233700,Nireaha-Eketahuna,892.66126249,892.66126249,-40.642421717303634,175.82156634264655,1838590.6479894277,5497108.156499999,1838590.648,5497108.1565
"POINT (1881485.0473 5510932.46245)",233800,Owhanga,1142.49374118,1142.49374118,-40.50459064287596,176.3219225160926,1881485.0473011315,5510932.4624499995,1881485.0473,5510932.46245
"POINT (1876460.7835 5487184.34755)",233900,Mara,69.09321449,69.09321449,-40.71987349648658,176.27313872780562,1876460.7835018523,5487184.347549999,1876460.7835,5487184.34755
"POINT (1796207.8291 5511155.47275)",234000,Kere Kere,228.65669052,228.65669052,-40.527132726960225,175.3164118453899,1796207.8291000007,5511155.472749155,1796207.8291,5511155.47275
"POINT (1789227.3606 5518399.9063)",234100,Foxton Beach,2.63742589,2.63742589,-40.463539436255616,175.23189850990454,1789227.360599999,5518399.906300852,1789227.3606,5518399.9063
"POINT (1793750.5622 5518314.3278)",234200,Foxton North,4.53325671,4.53325671,-40.46326763547046,175.28523508331324,1793750.5622166642,5518314.3278,1793750.5622,5518314.3278
"POINT (1795047.1213 5516195.31935)",234300,Foxton South,7.03783479,7.03783479,-40.48203922336743,175.30116738465998,1795047.1212929576,5516195.3193500005,1795047.1213,5516195.31935
"POINT (1791377.8427 5506342.65595)",234400,Waitarere,94.70184099,94.70184099,-40.5715861143002,175.260889424758,1791377.8426877335,5506342.6559500005,1791377.8427,5506342.65595
"POINT (1785112.13495 5498591.11305)",234500,Waikawa (Horowhenua District),62.17806512,62.17806512,-40.64279226335494,175.18919702167997,1785112.1349500064,5498591.113065335,1785112.13495,5498591.11305
"POINT (1811061.84035 5509126.35425)",234600,Miranui,296.87768823,296.87768823,-40.541748321743256,175.49230201026023,1811061.8403499997,5509126.354261239,1811061.84035,5509126.35425
"POINT (1792061.0236 5501485.31765)",234700,Donnelly Park,1.90373975,1.90373975,-40.61515266771056,175.2704336168532,1792061.0235999997,5501485.317642687,1792061.0236,5501485.31765
"POINT (1788665.09915 5495241.66395)",234800,Ohau-Manakau,42.22949015,42.22949015,-40.67213975121278,175.23219077039306,1788665.0991500001,5495241.663957117,1788665.09915,5495241.66395
"POINT (1793328.94585 5501479.63325)",234900,Kawiu South,1.02386946,1.02386946,-40.614908289221226,175.285412701925,1793328.9458553025,5501479.63325,1793328.94585,5501479.63325
"POINT (1792387.95635 5500560.4258)",235000,Makomako,0.8565575,0.8565575,-40.62340226628632,175.27457804942148,1792387.9563500003,5500560.425818921,1792387.95635,5500560.4258
"POINT (1794516.41125 5501806.75965)",235100,Kawiu North,1.75769404,1.75769404,-40.61168508292893,175.2993384565724,1794516.4112558854,5501806.75965,1794516.41125,5501806.75965
"POINT (1793340.26005 5500645.3968)",235200,Levin Central,1.04760497,1.04760497,-40.62241515024119,175.28580242744619,1793340.2600326715,5500645.3968,1793340.26005,5500645.3968
"POINT (1795277.70435 5499221.2922)",235300,Tararua,10.74498067,10.74498067,-40.63477870963584,175.30913238136785,1795277.704367225,5499221.2922,1795277.70435,5499221.2922
"POINT (1804345.5593 5508523.545)",235400,Shannon,2.94390028,2.94390028,-40.54885728257752,175.41325625512417,1804345.5593006876,5508523.545,1804345.5593,5508523.545
"POINT (1794281.77565 5500766.73505)",235500,Queenwood (Horowhenua District),0.8260467,0.8260467,-40.621102124221004,175.2968877607479,1794281.7756500002,5500766.735060555,1794281.77565,5500766.73505
"POINT (1793666.2487 5499891.07255)",235600,Playford Park,0.85176783,0.85176783,-40.62912896272635,175.28988558828627,1793666.248714249,5499891.072550001,1793666.2487,5499891.07255
"POINT (1795365.6894 5500692.3964)",235700,Fairfield (Horowhenua District),1.73854801,1.73854801,-40.62151578470943,175.30971547289244,1795365.6894,5500692.396397716,1795365.6894,5500692.3964
"POINT (1793560.742 5499084.67455)",235800,Taitoko,0.92016543,0.92016543,-40.636412566839454,175.28888702679393,1793560.7420117138,5499084.674550001,1793560.742,5499084.67455
"POINT (1794452.27765 5499528.123)",235900,Waiopehu,0.75926078,0.75926078,-40.632211463390966,175.2992845146947,1794452.2776499998,5499528.123010373,1794452.27765,5499528.123
"POINT (1802307.8768 5496814.8089)",236000,Makahika,170.22393169,170.22393169,-40.65474763669098,175.39296943294687,1802307.8768180232,5496814.8089,1802307.8768,5496814.8089
"POINT (1795344.44255 5490559.2183)",236100,Kimberley,129.45237271,129.45237271,-40.71273376796517,175.31261483993748,1795344.4425343808,5490559.2183,1795344.44255,5490559.2183
"POINT (1761359.29435 5475547.0735)",236200,Kapiti Island,19.25851521,19.25851521,-40.85525483229265,174.91439083009632,1761359.2943694184,5475547.0735,1761359.29435,5475547.0735
"POINT (1778620.02775 5487598.31155)",236300,Otaki Beach,3.36764188,3.36764188,-40.74318548926932,175.11559910294892,1778620.0277499994,5487598.311534583,1778620.02775,5487598.31155
"POINT (1783199.1368 5488576.5093)",236400,Forest Lakes (Kapiti Coast District),38.09485515,38.09485515,-40.73337295546408,175.16951187372823,1783199.1367999988,5488576.509302573,1783199.1368,5488576.5093
"POINT (1780511.06585 5486195.6488)",236500,Otaki,8.47687262,8.47687262,-40.75540012116033,175.13838668619763,1780511.065849997,5486195.648778437,1780511.06585,5486195.6488
"POINT (1777532.20865 5481889.2477)",236600,Te Horo,31.86143602,31.86143602,-40.79481682934459,175.10434456539085,1777532.20865,5481889.247701112,1777532.20865,5481889.2477
"POINT (1782920.99475 5485649.238)",236700,Waitohu,0.73786828,0.73786828,-40.75978663334905,175.16707589307774,1782920.99475,5485649.238001704,1782920.99475,5485649.238
"POINT (1770886.38815 5474197.4033)",236800,Waikanae Beach,4.3655915,4.3655915,-40.865474878268046,175.02772677492254,1770886.3881500005,5474197.403279829,1770886.38815,5474197.4033
"POINT (1775050.0194 5477315.66615)",236900,Peka Peka,10.01993684,10.01993684,-40.83652368743714,175.076224734261,1775050.01940371,5477315.66615,1775050.0194,5477315.66615
"POINT (1768331.56715 5472491.5981)",237000,Paraparaumu Beach North,2.14389568,2.14389568,-40.88136099377694,174.99789092795595,1768331.5671389592,5472491.5981,1768331.56715,5472491.5981
"POINT (1767309.4279 5471827.55385)",237100,Paraparaumu Beach West,1.59458454,1.59458454,-40.8875488464967,174.98594512483996,1767309.4278999988,5471827.553829726,1767309.4279,5471827.55385
"POINT (1772698.37835 5474184.842)",237200,Waikanae Park,7.35962848,7.35962848,-40.86520806938538,175.04921817649327,1772698.3783499994,5474184.842023157,1772698.37835,5474184.842
"POINT (1767869.66895 5471014.8518)",237300,Paraparaumu Beach East,1.06717962,1.06717962,-40.89475088775623,174.99281090005508,1767869.668930036,5471014.8518,1767869.66895,5471014.8518
"POINT (1770522.40715 5472428.48995)",237400,Otaihanga,4.47399525,4.47399525,-40.88147589137527,175.0238954754043,1770522.4071408485,5472428.489949999,1770522.40715,5472428.48995
"POINT (1769704.57925 5471051.4118)",237500,Paraparaumu North,3.5337057,3.5337057,-40.89404338400691,175.0145706866928,1769704.579260961,5471051.411800001,1769704.57925,5471051.4118
"POINT (1774215.64185 5474173.88955)",237600,Waikanae West,4.67481858,4.67481858,-40.864985489154925,175.06721378533155,1774215.64185,5474173.889528306,1774215.64185,5474173.88955
"POINT (1784823.4912 5478517.52355)",237700,Otaki Forks,87.25759187,87.25759187,-40.823560773465175,175.19171029929882,1784823.4912193445,5478517.52355,1784823.4912,5478517.52355
"POINT (1768406.8971 5469374.28885)",237800,Paraparaumu Central,4.4642053,4.4642053,-40.90941035410783,174.99962969918167,1768406.8971099588,5469374.288825,1768406.8971,5469374.28885
"POINT (1772676.04225 5466661.21195)",237900,Maungakotukutuku,112.70257144,112.70257144,-40.93294515327677,175.05104530539705,1772676.0422320738,5466661.21195,1772676.04225,5466661.21195
"POINT (1767042.36125 5468583.95125)",238000,Raumati Beach West,1.74953155,1.74953155,-40.916805481492325,174.98364951822543,1767042.36125,5468583.951230163,1767042.36125,5468583.95125
"POINT (1775161.36685 5473863.24165)",238100,Waikanae East,3.19398124,3.19398124,-40.86758048482088,175.0785160554407,1775161.3668499999,5473863.241656461,1775161.36685,5473863.24165
"POINT (1789118.96345 5468710.4599)",238200,Tararua Forest Park,365.62861879,365.62861879,-40.91086064440764,175.24559255481012,1789118.9634500006,5468710.459910346,1789118.96345,5468710.4599
"POINT (1767815.2386 5468093.82835)",238300,Raumati Beach East,1.42426255,1.42426255,-40.921059802621805,174.9929548313265,1767815.2386,5468093.828341727,1767815.2386,5468093.82835
"POINT (1769306.8487 5468152.4481)",238400,Paraparaumu East,2.51182552,2.51182552,-40.92022461709428,175.0106426640674,1769306.8487000007,5468152.448079351,1769306.8487,5468152.4481
"POINT (1766997.40055 5465819.9891)",238500,Raumati South,5.64356708,5.64356708,-40.94169844993536,174.98386031640266,1766997.4005500004,5465819.989101123,1766997.40055,5465819.9891
"POINT (1765418.45735 5461709.3663)",238600,Paekakariki,5.89331725,5.89331725,-40.97902747873502,174.96621206199532,1765418.4573644812,5461709.3663,1765418.45735,5461709.3663
"POINT (1749544.4091 5450000.9358)",238700,Mana Island,2.11347599,2.11347599,-41.087511533152956,174.78045878547854,1749544.4090999984,5450000.935819229,1749544.4091,5450000.9358
"POINT (1757287.40595 5454564.408)",238800,Pukerua Bay,8.17223642,8.17223642,-41.04496406787906,174.8714345241474,1757287.405950001,5454564.407998287,1757287.40595,5454564.408
"POINT (1760052.89655 5452903.89705)",238900,Paekakariki Hill,35.79013933,35.79013933,-41.05937502383826,174.90475290587398,1760052.8965499997,5452903.897045731,1760052.89655,5452903.89705
"POINT (1756028.8601 5452287.65445)",239000,Plimmerton,5.12590007,5.12590007,-41.065704764412516,174.85704423475605,1756028.8601000002,5452287.654448785,1756028.8601,5452287.65445
"POINT (1754815.78225 5448496.14005)",239100,Titahi Bay North,2.00934846,2.00934846,-41.10007315669443,174.84356748069234,1754815.78225,5448496.140051467,1754815.78225,5448496.14005
"POINT (1753317.36335 5446960.9725)",239200,Titahi Bay South,3.54172733,3.54172733,-41.11417909598691,174.82611582764605,1753317.3633456146,5446960.9725,1753317.36335,5446960.9725
"POINT (1751853.4341 5445107.41145)",239300,Elsdon-Takapuwahia,10.29746491,10.29746491,-41.131142729197826,174.80914616856404,1751853.4341027206,5445107.4114500005,1751853.4341,5445107.41145
"POINT (1762426.6799 5446871.38945)",239400,Pauatahanui,75.94763155,75.94763155,-41.11321516353493,174.93458028404416,1762426.679899996,5446871.389446421,1762426.6799,5446871.38945
"POINT (1755516.27825 5447940.9148)",239500,Onepoto,2.24118117,2.24118117,-41.104938301097086,174.85204540457477,1755516.2782499997,5447940.914800137,1755516.27825,5447940.9148
"POINT (1757456.1357 5449730.9472)",239600,Camborne,0.83508764,0.83508764,-41.08844858221177,174.87467702436896,1757456.135700001,5449730.9472031,1757456.1357,5449730.9472
"POINT (1758675.6163 5448800.9726)",239700,Inlet Porirua Harbour,0,7.23251559,-41.096584221297306,174.88942862865375,1758675.6163094216,5448800.9726,1758675.6163,5448800.9726
"POINT (1757265.64505 5447701.36115)",239800,Paremata,1.6158951,2.02185567,-41.106758353067086,174.87292935447147,1757265.64505,5447701.361173157,1757265.64505,5447701.36115
"POINT (1753198.32595 5443612.67505)",239900,Porirua Central,6.72691012,6.72691012,-41.14434780724082,174.82553436473086,1753198.325949472,5443612.675049996,1753198.32595,5443612.67505
"POINT (1756355.2543 5446759.04715)",240000,Papakowhai,1.43041419,1.43041419,-41.115417996339545,174.86233250508965,1756355.254300004,5446759.047126465,1756355.2543,5446759.04715
"POINT (1755976.5143 5445285.67495)",240100,Aotea,2.67877756,2.67877756,-41.12875603031898,174.85819789493442,1755976.5143220392,5445285.67495,1755976.5143,5445285.67495
"POINT (1757950.26035 5446843.1656)",240200,Postgate,1.28880182,1.28880182,-41.11435205451054,174.88129909543449,1757950.2603499996,5446843.165601883,1757950.26035,5446843.1656
"POINT (1757231.14925 5446195.6137)",240300,Ascot Park,1.11959592,1.11959592,-41.12032163453978,174.8729041295665,1757231.1492499998,5446195.613686365,1757231.14925,5446195.6137
"POINT (1758730.2973 5446523.6395)",240400,Whitby,2.04397191,2.04397191,-41.11707673501766,174.89066762985223,1758730.2973000077,5446523.639498751,1758730.2973,5446523.6395
"POINT (1755433.37915 5444264.46565)",240500,Porirua East,1.20988618,1.20988618,-41.13805446828793,174.85198923507653,1755433.37915,5444264.465662432,1755433.37915,5444264.46565
"POINT (1759930.3988 5446715.69255)",240600,Endeavour,3.12255979,3.12255979,-41.115112238519764,174.90490474132233,1759930.3987999998,5446715.6925625885,1759930.3988,5446715.69255
"POINT (1756248.3253 5444321.7368)",240700,Cannons Creek North,1.05691823,1.05691823,-41.137382354659906,174.8616798461572,1756248.3253000032,5444321.736777684,1756248.3253,5444321.7368
"POINT (1757814.4322 5445228.66865)",240800,Waitangirua,1.22402657,1.22402657,-41.12891407850072,174.88009704194045,1757814.4321999997,5445228.668630501,1757814.4322,5445228.66865
"POINT (1755344.26795 5442820.74865)",240900,Ranui Heights,2.3541931,2.3541931,-41.151069749076186,174.8512936541422,1755344.2679499998,5442820.748667825,1755344.26795,5442820.74865
"POINT (1756912.16405 5444252.39925)",241000,Cannons Creek East,1.45604808,1.45604808,-41.137878542712045,174.86960311669134,1756912.16405,5444252.399255428,1756912.16405,5444252.39925
"POINT (1756685.62625 5443076.9644)",241100,Cannons Creek South,1.40795973,1.40795973,-41.14850501085859,174.86720554857882,1756685.6262352944,5443076.964399999,1756685.62625,5443076.9644
"POINT (1777767.81205 5453985.9969)",241200,Akatarawa,334.14450961,334.14450961,-41.04595753061327,175.11513144345818,1777767.8120245172,5453985.9969,1777767.81205,5453985.9969
"POINT (1771381.57225 5446666.8398)",241300,Riverstone Terraces,2.23627391,2.23627391,-41.11321669545769,175.04123140379687,1771381.5722412695,5446666.839799995,1771381.57225,5446666.8398
"POINT (1769684.1838 5444043.17105)",241400,Heretaunga,3.26094579,3.26094579,-41.13719241815723,175.02175193996447,1769684.1837765847,5444043.17105,1769684.1838,5444043.17105
"POINT (1777802.4569 5449994.70375)",241500,Birchville-Brown Owl,8.89286243,8.89286243,-41.081879516617356,175.11669564501716,1777802.4569000287,5449994.703772728,1777802.4569,5449994.70375
"POINT (1771734.8386 5445514.41015)",241600,Poets Block,1.24160609,1.24160609,-41.1235166052487,175.04575863409,1771734.8386,5445514.410162383,1771734.8386,5445514.41015
"POINT (1770976.617 5444960.85035)",241700,Brentwood (Upper Hutt City),0.98266303,0.98266303,-41.12865993979846,175.03688609236946,1770976.617,5444960.850362061,1770976.617,5444960.85035
"POINT (1768538.76365 5442554.0372)",241800,Silverstream (Upper Hutt City),2.64413875,2.64413875,-41.150836958371514,175.00852170444472,1768538.763632773,5442554.0372,1768538.76365,5442554.0372
"POINT (1772720.3112 5445872.0433)",241900,Elderslea,1.39534058,1.39534058,-41.12008809625043,175.0573900818915,1772720.31119716,5445872.0433,1772720.3112,5445872.0433
"POINT (1771767.9528 5444490.295)",242000,Trentham North,1.02395902,1.02395902,-41.13272897408715,175.0464394092081,1771767.9527756674,5444490.295,1771767.9528,5444490.295
"POINT (1775062.36285 5447131.27035)",242100,Totara Park,1.72406495,1.72406495,-41.10825095866342,175.08491148047085,1775062.362837487,5447131.27035,1775062.36285,5447131.27035
"POINT (1771310.28465 5442591.95065)",242200,Trentham South,8.12381821,8.12381821,-41.14991513144173,175.04152017479413,1771310.2846500005,5442591.950633265,1771310.28465,5442591.95065
"POINT (1777734.0376 5442137.0134)",242300,Mangaroa,154.55262563,154.55262563,-41.152628565407504,175.11815534170142,1777734.037620933,5442137.0134,1777734.0376,5442137.0134
"POINT (1773984.61875 5445929.04175)",242400,Ebdentown,0.91108117,0.91108117,-41.11930511669128,175.07242458090397,1773984.6187405987,5445929.04175,1773984.61875,5445929.04175
"POINT (1772917.2544 5444816.3242)",242500,Wallaceville,0.69904586,0.69904586,-41.12954999189737,175.06003187645484,1772917.2543999995,5444816.324216658,1772917.2544,5444816.3242
"POINT (1777081.63205 5447426.1404)",242600,Maoribank,3.48580263,3.48580263,-41.10515895451616,175.1088595859804,1777081.6320500004,5447426.140414537,1777081.63205,5447426.1404
"POINT (1780466.92805 5449209.3731)",242700,Te Marua,5.57031363,5.57031363,-41.088361961257206,175.1486247325992,1780466.9280553735,5449209.3730999995,1780466.92805,5449209.3731
"POINT (1769450.8859 5440689.08665)",242800,Pinehaven,5.59306858,5.59306858,-41.16743594676144,175.01990085148336,1769450.8858999996,5440689.086641518,1769450.8859,5440689.08665
"POINT (1775147.0549 5446126.2583)",242900,Clouston Park,1.15084233,1.15084233,-41.117279904040295,175.08620599658212,1775147.0549169388,5446126.2583,1775147.0549,5446126.2583
"POINT (1774355.6504 5444912.50835)",243000,Upper Hutt Central,2.23570623,2.23570623,-41.128376496832004,175.07713001330168,1774355.6504150538,5444912.50835,1774355.6504,5444912.50835
"POINT (1759918.6307 5440418.08245)",243100,Belmont Park,29.4714102,29.4714102,-41.17181207616194,174.90640649541945,1759918.6306902284,5440418.08245,1759918.6307,5440418.08245
"POINT (1757614.8033 5436369.76335)",243200,Maungaraki,2.11021135,2.11021135,-41.20871065603983,174.8799992717474,1757614.8032999968,5436369.763345746,1757614.8033,5436369.76335
"POINT (1756655.9224 5435795.1858)",243300,Korokoro,1.84546236,1.84546236,-41.21406975412426,174.8687150112658,1756655.9223999972,5435795.185790614,1756655.9224,5435795.1858
"POINT (1763220.62025 5440518.6029)",243400,Kelson,5.35777872,5.35777872,-41.170248992454894,174.94572156666996,1763220.6202500006,5440518.602892458,1763220.62025,5440518.6029
"POINT (1758880.4655 5436962.22235)",243500,Normandale,1.44707308,1.44707308,-41.20312936356114,174.89493403381738,1758880.4654877877,5436962.2223499995,1758880.4655,5436962.22235
"POINT (1760853.86275 5438497.0155)",243600,Belmont (Lower Hutt City),2.36242871,2.36242871,-41.18892221086949,174.91805423820298,1760853.8627309664,5438497.0155,1760853.86275,5438497.0155
"POINT (1756532.92175 5434695.27595)",243700,Petone Central,1.30031921,1.30031921,-41.223996150061005,174.86753026798377,1756532.9217262908,5434695.27595,1756532.92175,5434695.27595
"POINT (1759897.96095 5437479.2753)",243800,Tirohanga,1.18051788,1.18051788,-41.1982740918207,174.90692790203613,1759897.9609360842,5437479.2753,1759897.96095,5437479.2753
"POINT (1766215.0418 5442274.9736)",243900,Manor Park,1.59235548,1.59235548,-41.15382869709998,174.98092088471756,1766215.0417999998,5442274.973590305,1766215.0418,5442274.9736
"POINT (1758711.87945 5435655.3612)",244000,Alicetown-Melling,1.25541101,1.25541101,-41.214928074910816,174.8932636547118,1758711.8794499994,5435655.361188078,1758711.87945,5435655.3612
"POINT (1764984.19875 5440460.3998)",244100,Taita North,1.14559016,1.14559016,-41.1704159846271,174.96674873220567,1764984.1987499986,5440460.399808749,1764984.19875,5440460.3998
"POINT (1761548.0285 5437425.15655)",244200,Boulcott,1.5821295,1.5821295,-41.1984338551305,174.92661014748356,1761548.0284786685,5437425.1565499995,1761548.0285,5437425.15655
"POINT (1759641.74975 5436220.8252)",244300,Hutt Central North,1.07097115,1.07097115,-41.20965438059711,174.9042024903721,1759641.7497654976,5436220.8252,1759641.74975,5436220.8252
"POINT (1762764.16405 5438235.8266)",244400,Avalon West,1.21143924,1.21143924,-41.190892095118066,174.94089009185842,1762764.164061003,5438235.8266,1762764.16405,5438235.8266
"POINT (1765822.4113 5440577.70575)",244500,Stokes Valley Central,1.48840747,1.48840747,-41.16918890600272,174.97670349231032,1765822.4113000007,5440577.705744166,1765822.4113,5440577.70575
"POINT (1764257.5637 5439127.0838)",244600,Taita South,3.3995629,3.3995629,-41.18256697012732,174.9584491213862,1764257.5636890673,5439127.083800001,1764257.5637,5439127.0838
"POINT (1758405.49365 5434488.91855)",244700,Petone East,1.63005105,1.63005105,-41.225489558848466,174.88991309739598,1758405.4936573878,5434488.91855,1758405.49365,5434488.91855
"POINT (1760018.7757 5435747.50895)",244800,Hutt Central South,1.29419649,1.29419649,-41.21384116265977,174.90882115998167,1760018.7757226129,5435747.508950001,1760018.7757,5435747.50895
"POINT (1767321.3806 5440822.6499)",244900,Stokes Valley North,4.79627268,4.79627268,-41.16667581487341,174.99449490265442,1767321.3806,5440822.64989117,1767321.3806,5440822.6499
"POINT (1758708.70345 5433800.3088)",245000,Petone Esplanade,0.97435719,0.97435719,-41.23162965987251,174.89370769451963,1758708.7034727144,5433800.3088,1758708.70345,5433800.3088
"POINT (1761350.86545 5436565.54605)",245100,Epuni West,0.98680953,0.98680953,-41.20621208728835,174.9244868524052,1761350.865464557,5436565.54605,1761350.86545,5436565.54605
"POINT (1763163.0992 5437745.529)",245200,Avalon East,0.81383924,0.81383924,-41.19522586070428,174.9457753365983,1763163.0991920994,5437745.529,1763163.0992,5437745.529
"POINT (1759872.7159 5434990.322)",245300,Woburn,0.62490549,0.62490549,-41.22068690069908,174.90727786036712,1759872.7158999997,5434990.322014373,1759872.7159,5434990.322
"POINT (1763434.0638 5437137.82695)",245400,Naenae Central,1.38522751,1.38522751,-41.200642194240935,174.94916725298805,1763434.0638000001,5437137.826967686,1763434.0638,5437137.82695
"POINT (1760975.794 5435533.70685)",245500,Waterloo West,0.72699778,0.72699778,-41.21557622840964,174.92028736427446,1760975.7939859212,5435533.70685,1760975.794,5435533.70685
"POINT (1762280.72365 5436355.08095)",245600,Epuni East,1.00382083,1.00382083,-41.20792101690683,174.9356274055018,1762280.7236436228,5436355.080949999,1762280.72365,5436355.08095
"POINT (1760128.64125 5433007.8758)",245700,Gracefield,3.74657297,3.87484192,-41.2384839867834,174.91084919082638,1760128.6412500003,5433007.875809701,1760128.64125,5433007.8758
"POINT (1759627.1748 5434253.44805)",245800,Moera,0.62396327,0.62396327,-41.227369375853854,174.90454265136555,1759627.1748000002,5434253.448034113,1759627.1748,5434253.44805
"POINT (1766058.86 5438749.32065)",245900,Delaney,2.06859723,2.06859723,-41.18560067786807,174.98001631318303,1766058.8600000003,5438749.320651269,1766058.86,5438749.32065
"POINT (1760704.5939 5434413.2926)",246000,Waiwhetu,1.67974139,1.67974139,-41.22571703047368,174.91734862323736,1760704.5938783903,5434413.292599999,1760704.5939,5434413.2926
"POINT (1761731.67215 5435217.0407)",246100,Waterloo East,1.0814609,1.0814609,-41.21827641937656,174.929383187758,1761731.67215,5435217.040695257,1761731.67215,5435217.0407
"POINT (1765036.4545 5437508.3642)",246200,Naenae North,2.60814451,2.60814451,-41.19698142549253,174.9681671671624,1765036.4545072475,5437508.364174999,1765036.4545,5437508.3642
"POINT (1766721.2319 5438740.40835)",246300,Manuka,1.31430849,1.31430849,-41.185544889228524,174.98791204480585,1766721.2319,5438740.4083678555,1766721.2319,5438740.40835
"POINT (1763675.71375 5435971.33055)",246400,Naenae South,1.18224135,1.18224135,-41.211094979673184,174.95235988629366,1763675.713766657,5435971.33055,1763675.71375,5435971.33055
"POINT (1762143.8335 5433682.2361)",246500,Towai,5.00726102,5.00726102,-41.23201139787173,174.93470477581582,1762143.8334999995,5433682.236085752,1762143.8335,5433682.2361
"POINT (1762921.7735 5432566.82245)",246600,Arakura,1.96074223,1.96074223,-41.24189679445167,174.94427972820995,1762921.7734999924,5432566.822435748,1762921.7735,5432566.82245
"POINT (1759892.6636 5428314.9471)",246700,Eastern Bays,1.92615253,1.92615253,-41.28078028400143,174.9092651909163,1759892.6635999964,5428314.947108607,1759892.6636,5428314.9471
"POINT (1765320.13785 5425352.84015)",246800,Pencarrow,268.41613939,268.41613939,-41.30635357366795,174.97484232189916,1765320.137841307,5425352.8401500005,1765320.13785,5425352.84015
"POINT (1761934.2661 5431462.2498)",246900,Wainuiomata West,2.10678832,2.10678832,-41.25203930353794,174.93279455571113,1761934.2660999994,5431462.24978202,1761934.2661,5431462.2498
"POINT (1763946.31655 5431938.10875)",247000,Glendale,3.20911879,3.20911879,-41.247349781179935,174.95666853380425,1763946.3165499028,5431938.108752301,1763946.31655,5431938.10875
"POINT (1762716.1666 5430410.14495)",247100,Wainuiomata Central,1.26296336,1.26296336,-41.261354024437004,174.94240262695038,1762716.1665871674,5430410.14495,1762716.1666,5430410.14495
"POINT (1758717.20225 5426567.4163)",247200,Eastbourne,1.92754128,1.92754128,-41.29674492080723,174.895691990719,1758717.2022500003,5426567.416319874,1758717.20225,5426567.4163
"POINT (1764097.6877 5429297.87565)",247300,Homedale East,2.90969112,2.90969112,-41.27108792218704,174.95918455429612,1764097.687700002,5429297.875655982,1764097.6877,5429297.87565
"POINT (1763213.5567 5428926.4887)",247400,Homedale West,1.31443744,1.31443744,-41.27461048134507,174.94873412449877,1763213.5567,5428926.48868265,1763213.5567,5428926.4887
"POINT (1741904.45985 5431674.9029)",247500,Makara-Ohariu,177.4893094,177.4893094,-41.25388923693011,174.69378298670185,1741904.4598540873,5431674.902899999,1741904.45985,5431674.9029
"POINT (1752739.6533 5441289.8303)",247600,Tawa North,1.44404946,1.44404946,-41.165347873078886,174.820650140235,1752739.6533000004,5441289.830316302,1752739.6533,5441289.8303
"POINT (1753931.39435 5442117.4468)",247700,Linden,1.1175674,1.1175674,-41.15767116860712,174.83464081882948,1753931.3943500002,5442117.446806362,1753931.39435,5442117.4468
"POINT (1752511.9219 5439648.696)",247800,Tawa South,2.54802992,2.54802992,-41.18016656887625,174.81834555377827,1752511.9219000018,5439648.695981057,1752511.9219,5439648.696
"POINT (1753337.25885 5440259.7139)",247900,Tawa Central,1.53179416,1.53179416,-41.17450960386484,174.82802796689995,1753337.258850019,5440259.7138745785,1753337.25885,5440259.7139
"POINT (1754435.8881 5441050.2054)",248000,Grenada North,5.78954564,5.78954564,-41.16718398081135,174.8409196552871,1754435.8880999999,5441050.205420902,1754435.8881,5441050.2054
"POINT (1752145.7675 5438008.1274)",248100,Churton Park North,4.71057026,4.71057026,-41.19500612380991,174.8143899581859,1752145.7674832894,5438008.1274,1752145.7675,5438008.1274
"POINT (1756106.94075 5439700.90055)",248200,Takapu-Horokiwi,19.10143336,19.10143336,-41.1790120201699,174.8611729836199,1756106.94075,5439700.900560623,1756106.94075,5439700.90055
"POINT (1751462.24585 5436183.17965)",248300,Churton Park South,1.2513825,1.2513825,-41.21156502750804,174.8066946103237,1751462.245869033,5436183.179649999,1751462.24585,5436183.17965
"POINT (1750280.26135 5434977.4485)",248400,Johnsonville West,1.17618079,1.17618079,-41.22264110195002,174.79289862546787,1750280.26135,5434977.448507051,1750280.26135,5434977.4485
"POINT (1752997.6153 5436880.19525)",248500,Grenada Village,1.45201827,1.45201827,-41.20500082720935,174.8248257581849,1752997.6152999997,5436880.195257256,1752997.6153,5436880.19525
"POINT (1751207.3986 5435378.732)",248600,Johnsonville North,0.89334346,0.89334346,-41.2188554585954,174.80385517178826,1751207.398601139,5435378.732,1751207.3986,5435378.732
"POINT (1752525.27095 5435572.03255)",248700,Paparangi,1.31378612,1.31378612,-41.21686780111657,174.81952115555714,1752525.2709274753,5435572.03255,1752525.27095,5435572.03255
"POINT (1748360.53915 5432343.33675)",248800,Ngaio North,0.8238867,0.8238867,-41.246711749961754,174.77064623163304,1748360.5391695509,5432343.336750001,1748360.53915,5432343.33675
"POINT (1751429.6508 5434687.87785)",248900,Johnsonville Central,0.9524772,0.9524772,-41.2250339409603,174.80667653796044,1751429.6508128068,5434687.87785,1751429.6508,5434687.87785
"POINT (1750264.8131 5433623.21205)",249000,Broadmeadows,0.64028643,0.64028643,-41.2348367861739,174.79304759397914,1750264.8131,5433623.212036489,1750264.8131,5433623.21205
"POINT (1747551.3968 5431127.7234)",249100,Crofton Downs,1.310528,1.310528,-41.25780469773628,174.7612877295322,1747551.3968,5431127.72340351,1747551.3968,5431127.7234
"POINT (1751031.52245 5433984.0804)",249200,Johnsonville South,0.71068669,0.71068669,-41.231444937385554,174.80210283739973,1751031.5224656567,5433984.080399999,1751031.52245,5433984.0804
"POINT (1749577.52395 5432447.19235)",249300,Khandallah Reserve,1.16554562,1.16554562,-41.24555245211012,174.78513846058493,1749577.52395,5432447.192353604,1749577.52395,5432447.19235
"POINT (1744513.61095 5428125.7512)",249400,Karori Park,2.02897574,2.02897574,-41.285382535355936,174.72575414331953,1744513.6109256232,5428125.7512,1744513.61095,5428125.7512
"POINT (1752610.25785 5434626.04725)",249500,Newlands North,1.14807919,1.14807919,-41.2253688028859,174.82077078420383,1752610.2578577623,5434626.047249999,1752610.25785,5434626.04725
"POINT (1748739.51595 5431711.8642)",249600,Ngaio South,1.36956737,1.36956737,-41.25232759002978,174.77532109553653,1748739.5159499997,5431711.864187871,1748739.51595,5431711.8642
"POINT (1752226.63525 5433480.41245)",249700,Newlands South,5.67111385,5.67111385,-41.2357556118085,174.81648161131625,1752226.6352342996,5433480.41245,1752226.63525,5433480.41245
"POINT (1753834.3303 5435568.6413)",249800,Woodridge,0.99000727,0.99000727,-41.216650574915384,174.835130546501,1753834.3303126828,5435568.6413,1753834.3303,5435568.6413
"POINT (1746094.5025 5428959.7704)",249900,Karori North,1.61936365,1.61936365,-41.27758883945247,174.7444244769524,1746094.502502514,5428959.7704,1746094.5025,5428959.7704
"POINT (1750659.9642 5432528.7887)",250000,Khandallah North,1.01844319,1.01844319,-41.24461682989479,174.79803066789296,1750659.9642111098,5432528.788699999,1750659.9642,5432528.7887
"POINT (1747470.8906 5429643.76765)",250100,Wilton,1.26087688,1.26087688,-41.27118028139057,174.7606861407665,1747470.8906126916,5429643.76765,1747470.8906,5429643.76765
"POINT (1749819.60995 5431775.103)",250200,Khandallah South,0.72509191,0.72509191,-41.2515587548579,174.78819132860394,1749819.6099499934,5431775.102998062,1749819.60995,5431775.103
"POINT (1748701.17025 5430618.28755)",250300,Wadestown,1.43663599,1.43663599,-41.2621806667499,174.77513025902914,1748701.170228416,5430618.2875500005,1748701.17025,5430618.28755
"POINT (1744704.8872 5427380.04865)",250400,Karori South,1.40010244,1.40010244,-41.29206234367491,174.72821454871809,1744704.887195575,5427380.04865,1744704.8872,5427380.04865
"POINT (1751093.2046 5431920.5016)",250500,Onslow,0.76795605,0.76795605,-41.25001262678631,174.80334929011485,1751093.2046000003,5431920.501612578,1751093.2046,5431920.5016
"POINT (1746306.5881 5427894.51645)",250600,Karori East,1.22979325,1.22979325,-41.28714156622686,174.74721160882433,1746306.5881000003,5427894.516435055,1746306.5881,5427894.51645
"POINT (1749724.22945 5429034.83785)",250700,Pipitea-Kaiwharawhara,2.14742148,2.14742148,-41.2762482202647,174.78772639290486,1749724.2294500007,5429034.837869247,1749724.22945,5429034.83785
"POINT (1747454.0974 5428852.53015)",250800,Northland (Wellington City),1.25995515,1.25995515,-41.278307290543296,174.76067720683616,1747454.0973999999,5428852.530172689,1747454.0974,5428852.53015
"POINT (1748590.7716 5429644.15865)",250900,Thorndon,1.48564336,1.48564336,-41.27097153952583,174.77405042344145,1748590.771600002,5429644.158661082,1748590.7716,5429644.15865
"POINT (1748127.5941 5428427.2268)",251000,Wellington Botanic Gardens,0.52414073,0.52414073,-41.282013257767765,174.7688188555339,1748127.5940842745,5428427.2268,1748127.5941,5428427.2268
"POINT (1747493.8675 5426942.7018)",251200,Aro Valley,1.24713361,1.24713361,-41.29549521317943,174.76161443821235,1747493.8675025757,5426942.7018,1747493.8675,5426942.7018
"POINT (1748005.65315 5427637.1607)",251300,Wellington University,0.41688957,0.41688957,-41.28914897512871,174.7675554100081,1748005.6531500006,5427637.160680447,1748005.65315,5427637.1607
"POINT (1748682.56705 5428201.91885)",251400,Wellington Central,0.56013988,0.56013988,-41.28393981282477,174.77549784603843,1748682.5670500007,5428201.918867419,1748682.56705,5428201.91885
"POINT (1747002.03565 5426005.32055)",251500,Brooklyn North,1.245213,1.245213,-41.30402468340985,174.75596925021324,1747002.03565,5426005.320548685,1747002.03565,5426005.32055
"POINT (1748590.04735 5427403.60885)",251600,Dixon Street,0.30273424,0.30273424,-41.29114439580481,174.77458832496842,1748590.0473615143,5427403.60885,1748590.04735,5427403.60885
"POINT (1748501.57535 5427003.27525)",251700,Vivian West,0.37004081,0.37004081,-41.29476506189,174.7736298572716,1748501.5753255328,5427003.27525,1748501.57535,5427003.27525
"POINT (1749230.53295 5427254.2032)",251800,Courtenay,0.32438997,0.36867396,-41.292371406506405,174.78227062958976,1749230.532949998,5427254.203175986,1749230.53295,5427254.2032
"POINT (1747791.12715 5425522.6759)",251900,Brooklyn East,0.90306714,0.90306714,-41.30822601257206,174.7655080794374,1747791.12715,5425522.675878195,1747791.12715,5425522.6759
"POINT (1748314.88685 5426008.23825)",252000,Mount Cook West,0.6136621,0.6136621,-41.30375815955654,174.77164365933447,1748314.886824998,5426008.238258196,1748314.88685,5426008.23825
"POINT (1749062.8654 5426765.00685)",252100,Vivian East,0.28635627,0.28635627,-41.2968068263556,174.78038888388318,1749062.8654010633,5426765.0068500005,1749062.8654,5426765.00685
"POINT (1747001.3954 5424306.10895)",252200,Brooklyn South,1.82788679,1.82788679,-41.319323668969524,174.7563723031978,1747001.3953999993,5424306.108931008,1747001.3954,5424306.10895
"POINT (1750230.0285 5427302.1335)",252300,Oriental Bay,0.302838,0.33471991,-41.291754472949926,174.79419025637065,1750230.0284899804,5427302.1335,1750230.0285,5427302.1335
"POINT (1748851.9468 5426114.1956)",252400,Mount Cook East,0.43571547,0.43571547,-41.302705283470836,174.77803004504509,1748851.9468000005,5426114.1956135165,1748851.9468,5426114.1956
"POINT (1749741.7974 5426583.17135)",252500,Mount Victoria,1.08039374,1.08039374,-41.29831827803042,174.7885389243043,1749741.7973999993,5426583.171369556,1749741.7974,5426583.17135
"POINT (1750747.24555 5427270.21185)",252600,Roseneath,0.54895061,0.54895061,-41.29194544962123,174.80037234213555,1750747.2455499996,5427270.211868379,1750747.24555,5427270.21185
"POINT (1747281.23375 5422919.0117)",252700,Owhiro Bay,4.0591426,4.0591426,-41.33176129866083,174.76005043299625,1747281.2337468732,5422919.0117,1747281.23375,5422919.0117
"POINT (1747809.55375 5424194.74235)",252800,Kingston-Mornington-Vogeltown,0.98879625,0.98879625,-41.32017863192252,174.76605086779992,1747809.55375,5424194.742340742,1747809.55375,5424194.74235
"POINT (1749291.63935 5425402.4111)",252900,Newtown North,0.70089657,0.70089657,-41.309032523900015,174.78345438404185,1749291.6393499994,5425402.411092304,1749291.63935,5425402.4111
"POINT (1748668.20205 5425114.84875)",253000,Newtown West,0.66092757,0.66092757,-41.31173669904551,174.77608045719938,1748668.2020500046,5425114.848742276,1748668.20205,5425114.84875
"POINT (1750402.38265 5426184.6461)",253100,Hataitai North,1.06318663,1.06318663,-41.30178349366649,174.79652383937204,1750402.3826516254,5426184.646099999,1750402.38265,5426184.6461
"POINT (1750666.4554 5424950.7987)",253200,Evans Bay,0.35074064,0.4107595,-41.31284293345159,174.79998222536068,1750666.4553999999,5424950.798677242,1750666.4554,5424950.7987
"POINT (1748342.6833 5423949.40915)",253300,Berhampore,1.3970853,1.3970853,-41.3222895736202,174.77247772971972,1748342.6833000001,5423949.409144703,1748342.6833,5423949.40915
"POINT (1750045.38685 5425351.4144)",253400,Hataitai South,0.42816595,0.42816595,-41.309351825230884,174.79246710077433,1750045.386835916,5425351.414399997,1750045.38685,5425351.4144
"POINT (1752725.5698 5426984.72415)",253500,Maupuia,1.953757,1.953757,-41.29414387987557,174.82405966236718,1752725.5698000002,5426984.724169929,1752725.5698,5426984.72415
"POINT (1749400.24175 5424017.2096)",253600,Newtown South,1.19441909,1.19441909,-41.321483892799435,174.7850914815433,1749400.2417500056,5424017.209591815,1749400.24175,5424017.2096
"POINT (1750855.5535 5424439.0867)",253700,Kilbirnie Central,0.97207333,0.97207333,-41.31741467593976,174.8023672159197,1750855.5535085746,5424439.086699999,1750855.5535,5424439.0867
"POINT (1748013.38485 5421882.25895)",253800,Island Bay West,1.16826747,1.16826747,-41.34096150324444,174.7690484679917,1748013.38485,5421882.25893457,1748013.38485,5421882.25895
"POINT (1749752.7955 5423725.6937)",253900,Melrose,0.33372346,0.33372346,-41.32404311095245,174.78937377933104,1749752.7954838718,5423725.693700001,1749752.7955,5423725.6937
"POINT (1748598.4628 5422417.3938)",254000,Island Bay East,0.98308248,0.98308248,-41.33603580606333,174.7759071518765,1748598.4627999947,5422417.393798165,1748598.4628,5422417.3938
"POINT (1752634.24205 5425542.76675)",254100,Miramar North,0.50735756,0.50735756,-41.30714338298736,174.8233310976284,1752634.2420499998,5425542.76676679,1752634.24205,5425542.76675
"POINT (1750836.2414 5424134.7012)",254200,Kilbirnie East,0.47668259,0.47668259,-41.32015875408039,174.80221210641784,1750836.2413911624,5424134.701200001,1750836.2414,5424134.7012
"POINT (1750157.6686 5423454.8493)",254300,Lyall Bay,0.54771573,0.54771573,-41.3264063076821,174.79427618998602,1750157.668600001,5423454.849290797,1750157.6686,5423454.8493
"POINT (1752105.85905 5424891.97115)",254400,Miramar Central,0.53006203,0.53006203,-41.313102425508006,174.81718495612074,1752105.8590401951,5424891.97115,1752105.85905,5424891.97115
"POINT (1748972.54275 5422014.73985)",254500,Southgate,0.46705695,0.46705695,-41.33959198368734,174.7804744871785,1748972.54275,5422014.739861548,1748972.54275,5422014.73985
"POINT (1753021.68665 5424953.6007)",254600,Karaka Bay-Worser Bay,0.67410009,0.67410009,-41.31237434604303,174.82810537631372,1753021.6866499996,5424953.600701079,1753021.68665,5424953.6007
"POINT (1749427.6994 5422378.86245)",254700,Houghton Bay,1.28794979,1.28794979,-41.33622940107874,174.7858222723544,1749427.699399997,5422378.862444947,1749427.6994,5422378.86245
"POINT (1752712.14455 5424813.19855)",254800,Miramar East,0.84721367,0.84721367,-41.313697072179046,174.8244444215969,1752712.1445499999,5424813.198574176,1752712.14455,5424813.19855
"POINT (1751863.7595 5424063.8252)",254900,Miramar South,0.98412225,0.98412225,-41.32060401959548,174.81450085634273,1751863.759500003,5424063.825188756,1751863.7595,5424063.8252
"POINT (1751497.00695 5422818.9611)",255000,Rongotai,1.92365888,1.92365888,-41.331880791537735,174.81043122591743,1751497.0069500054,5422818.961089876,1751497.00695,5422818.9611
"POINT (1752438.6112 5422929.59715)",255100,Strathmore (Wellington City),1.47877628,1.47877628,-41.33070720209477,174.8216504645609,1752438.6111999988,5422929.597152656,1752438.6112,5422929.59715
"POINT (1752947.76015 5423883.76935)",255200,Seatoun,1.33127784,1.33127784,-41.32202021938618,174.8274917364662,1752947.7601499995,5423883.76937273,1752947.76015,5423883.76935
"POINT (1821564.5593 5478410.42755)",255300,Kopuaranga,458.25262168,458.25262168,-40.815429212398314,175.6270382431727,1821564.5592848035,5478410.427550001,1821564.5593,5478410.42755
"POINT (1816583.45995 5469962.65705)",255400,Upper Plain,85.22872091,85.22872091,-40.892783232097216,175.57097500769757,1816583.4599499996,5469962.657071583,1816583.45995,5469962.65705
"POINT (1824227.34605 5468885.1076)",255500,Opaki,36.04228775,36.04228775,-40.90042207220849,175.66200964689162,1824227.3460499984,5468885.10761836,1824227.34605,5468885.1076
"POINT (1821507.19155 5462728.22395)",255700,Solway North,2.07587157,2.07587157,-40.95656749983228,175.63194787457184,1821507.1915246046,5462728.2239500005,1821507.19155,5462728.22395
"POINT (1824408.99445 5464782.93965)",255800,Lansdowne West,2.26800408,2.26800408,-40.937286071897766,175.6656475344821,1824408.9944500006,5464782.93965277,1824408.99445,5464782.93965
"POINT (1823352.1197 5464666.4528)",255900,Masterton Central,1.76268904,1.76268904,-40.93862374315628,175.65314826871608,1823352.1196999997,5464666.452797016,1823352.1197,5464666.4528
"POINT (1822631.4068 5463224.63795)",256000,Kuripuni,1.25705544,1.25705544,-40.95179482080532,175.64511381423713,1822631.4068049467,5463224.63795,1822631.4068,5463224.63795
"POINT (1823186.13855 5463833.26255)",256100,Douglas Park,1.20827639,1.20827639,-40.94616667824165,175.65147867936318,1823186.138538219,5463833.262549997,1823186.13855,5463833.26255
"POINT (1821769.38075 5461079.0323)",256200,Solway South,6.38522861,6.38522861,-40.9713370245461,175.63565083938056,1821769.3807364288,5461079.032299999,1821769.38075,5461079.0323
"POINT (1825703.6643 5464287.53865)",256300,Lansdowne East,3.32618586,3.32618586,-40.941387486941935,175.681190664269,1825703.6642999998,5464287.538640097,1825703.6643,5464287.53865
"POINT (1824154.37505 5462833.82135)",256400,Cameron and Soldiers Park,1.4863701,1.4863701,-40.95489521467274,175.66333123866306,1824154.3750584233,5462833.821350001,1824154.37505,5462833.82135
"POINT (1853147.5755 5463317.84545)",256500,Whareama,1596.02691146,1596.02691146,-40.942073331968224,176.0071945259134,1853147.5754999998,5463317.845422849,1853147.5755,5463317.84545
"POINT (1827023.54715 5458942.4987)",256600,Homebush-Te Ore Ore,103.12091743,103.12091743,-40.98911816454921,175.69881350673947,1827023.5471558936,5458942.4987,1827023.54715,5458942.4987
"POINT (1824588.9155 5462264.2519)",256700,McJorrow Park,0.90130046,0.90130046,-40.95990115326944,175.66869552621674,1824588.9154884857,5462264.2519000005,1824588.9155,5462264.2519
"POINT (1805356.44185 5469170.96195)",256800,Mount Holdsworth,432.87463762,432.87463762,-40.90280184241647,175.43808357924624,1805356.4418499987,5469170.961956337,1805356.44185,5469170.96195
"POINT (1812513.5665 5455944.34815)",256900,Carterton North,2.36091288,2.36091288,-41.0200081160381,175.52751858894095,1812513.5664999997,5455944.348149017,1812513.5665,5455944.34815
"POINT (1817593.20735 5454081.7746)",257000,Kokotau,120.46381889,120.46381889,-41.03542920266714,175.58853158384525,1817593.2073584811,5454081.7746,1817593.20735,5454081.7746
"POINT (1811362.1094 5454417.76315)",257100,Carterton South,2.93664674,2.93664674,-41.03404603403737,175.514359295354,1811362.1094,5454417.763147547,1811362.1094,5454417.76315
"POINT (1831617.62115 5437268.97875)",257200,Gladstone (Carterton District),621.33292778,621.33292778,-41.182837938047854,175.76152551207966,1831617.6211479956,5437268.978750003,1831617.62115,5437268.97875
"POINT (1799119.32205 5453900.46955)",257300,Tauherenikau,337.70545792,337.70545792,-41.04178646799627,175.36900895631467,1799119.3220500005,5453900.469559971,1799119.32205,5453900.46955
"POINT (1790418.28395 5430777.1327)",257400,Kahutara,457.43728818,464.86295516,-41.25199892375029,175.27274728176008,1790418.2839616947,5430777.132699997,1790418.28395,5430777.1327
"POINT (1795140.81055 5445749.97065)",257500,Featherston,3.18193328,3.18193328,-41.11610964716167,175.32429670951473,1795140.8105500003,5445749.970671121,1795140.81055,5445749.97065
"POINT (1786576.7947 5433815.65025)",257600,Inland water Lake Wairarapa,0,63.44492907,-41.22554479950793,175.22600188063467,1786576.7946811654,5433815.65025,1786576.7947,5433815.65025
"POINT (1806100.39555 5449263.81825)",257700,Greytown,5.07033186,5.07033186,-41.08177907458496,175.45354560504413,1806100.3955499995,5449263.818255313,1806100.39555,5449263.81825
"POINT (1805538.3194 5416364.03585)",257800,Aorangi Forest,1579.07917481,1579.07917481,-41.37800654517798,175.45793101996628,1805538.3194117476,5416364.03585,1805538.3194,5416364.03585
"POINT (1806184.8649 5434208.2954)",257900,Martinborough,4.49942023,4.49942023,-41.217252927641546,175.45961185126603,1806184.8649000032,5434208.295377199,1806184.8649,5434208.2954
"POINT (1516937.7157 6218037.45885)",258000,Oceanic Three Kings Islands,0,2176.84445641,-34.17532138897179,172.09870764163068,1516937.7157,6218037.458828837,1516937.7157,6218037.45885
"POINT (1520553.4985 6219610.86855)",258100,Three Kings Islands,4.96643395,4.96643395,-34.16141479824332,172.13808203090582,1520553.4985000025,6219610.868527181,1520553.4985,6219610.86855
"POINT (1751591.4482 6085057.76345)",258200,Oceanic Northland Region,0,16293.1692214,-35.36628915181602,174.66863782918304,1751591.4481964228,6085057.76345,1751591.4482,6085057.76345
"POINT (1642593.09225 6135016.7319)",258300,Inlet Doubtless Bay,0,173.36186047,-34.926425903172245,173.46634632122456,1642593.0922548906,6135016.7319,1642593.09225,6135016.7319
"POINT (1708632.74865 5985408.77115)",258400,Inlet Kaipara Harbour North,0,330.68495066,-36.270151534631864,174.20943264491805,1708632.7486552312,5985408.77115,1708632.74865,5985408.77115
"POINT (1871836.82555 5921571.0502)",258500,Oceanic Waikato Region East,0,5880.259517,-36.81270131705979,176.04730023171533,1871836.8255332494,5921571.0502,1871836.82555,5921571.0502
"POINT (1820069.61095 5930703.8608)",258600,Inlets Waikato Region,0,9.5525835,-36.74390210299115,175.46489656007864,1820069.6109500001,5930703.860800861,1820069.61095,5930703.8608
"POINT (1738633.01355 5791505.7755)",258700,Oceanic Waikato Region West,0,4184.35590941,-38.01354104057926,174.57925341375739,1738633.0135500038,5791505.775480576,1738633.01355,5791505.7755
"POINT (1954711.51645 5827168.47165)",258800,Oceanic Bay of Plenty Region,0,9370.32577871,-37.63417532633599,177.01938358632154,1954711.51645,5827168.471587794,1954711.51645,5827168.47165
"POINT (1888661.6009 5868258.95745)",258900,Islands Bay of Plenty Region,24.8803951,24.8803951,-37.287522344180985,176.25609392522182,1888661.6009000002,5868258.957439154,1888661.6009,5868258.95745
"POINT (1697539.46675 5692508.7119)",259000,Oceanic Taranaki Region,0,5440.62425792,-38.910905703355624,174.1250041070627,1697539.4667499994,5692508.711913694,1697539.46675,5692508.7119
"POINT (1690728.81125 5676630.1706)",259100,Inlet Port Taranaki,0,1.85188862,-39.05469982072925,174.04857222719497,1690728.8112377464,5676630.1706,1690728.81125,5676630.1706
"POINT (2069575.1377 5729342.8822)",259200,Oceanic Gisborne Region,0,5603.71821389,-38.46059597487019,178.38043485083875,2069575.1375999958,5729342.881634977,2069575.1377,5729342.8822
"POINT (1767904.27025 5537610.21805)",259300,Oceanic Manawatu-Wanganui Region West,0,2088.91937912,-40.29515513349549,174.97548767544833,1767904.2702500003,5537610.218066117,1767904.27025,5537610.21805
"POINT (1957247.2545 5592572.6732)",259400,Oceanic Hawke's Bay Region,0,7252.20808357,-39.74188896093458,177.16886407903783,1957247.2544992152,5592572.67315,1957247.2545,5592572.6732
"POINT (1937096.92195 5623403.18035)",259500,Inlet Port Napier,0,0.23113523,-39.47294909999862,176.9185783385507,1937096.9219499996,5623403.180286031,1937096.92195,5623403.18035
"POINT (1864976.73505 5434514.00925)",259600,Oceanic Wellington Region,0,7732.50478808,-41.197399718566714,176.15990888769633,1864976.735042389,5434514.00925,1864976.73505,5434514.00925
"POINT (1754598.94765 5426986.97625)",259700,Inlet Wellington Harbour,0,85.44112695,-41.29376696195894,174.84642248815976,1754598.9476500005,5426986.97624837,1754598.94765,5426986.97625
"POINT (1944595.7207 5582943.9743)",259800,Bare Island,0.13162933,0.13162933,-39.83363532018951,177.02662722054748,1944595.7206999997,5582943.974249625,1944595.7207,5582943.9743
"POINT (1906268.6511 5497263.27685)",259900,Oceanic Manawatu-Wanganui Region East,0,1012.63400722,-40.61871812825995,176.62049739533907,1906268.651077113,5497263.27685,1906268.6511,5497263.27685
"POINT (1614934.7332 5483543.4647)",300200,Oceanic Tasman Region,0,5002.99845751,-40.79897219347278,173.1770429437711,1614934.7332003776,5483543.4647,1614934.7332,5483543.4647
"POINT (1567668.86305 5474597.13055)",300300,Golden Bay/Mohua,2249.73910215,2249.73910215,-40.879062672724544,172.6162711256209,1567668.8630500024,5474597.130557409,1567668.86305,5474597.13055
"POINT (1589137.45225 5512993.8458)",300400,Inlets Golden Bay,0,113.85249545,-40.53372536378912,172.87173969049618,1589137.4522459265,5512993.8458,1589137.45225,5512993.8458
"POINT (1584351.7648 5476392.8376)",300500,Takaka,12.4966083,12.4966083,-40.86337501848742,172.8143193168544,1584351.764799999,5476392.837590004,1584351.7648,5476392.8376
"POINT (1594352.7584 5470961.56305)",300600,Pohara-Abel Tasman,326.0483113,326.0483113,-40.91243213952574,172.932940770978,1594352.7583970758,5470961.563025,1594352.7584,5470961.56305
"POINT (1594727.8492 5456078.9418)",300700,Takaka Hills,277.43397348,277.43397348,-41.04650125324029,172.9372679630463,1594727.8491999942,5456078.941797465,1594727.8492,5456078.9418
"POINT (1600395.9742 5451857.33525)",300800,Kaiteriteri-Riwaka,28.5694838,28.5694838,-41.084547037202675,173.00471431692557,1600395.9742000045,5451857.335259432,1600395.9742,5451857.33525
"POINT (1581782.7428 5432191.29965)",300900,Upper Moutere,445.95349525,445.95349525,-41.261492760407656,172.782528016406,1581782.7427852056,5432191.29965,1581782.7428,5432191.29965
"POINT (1597567.2149 5444020.76345)",301000,Lower Moutere,62.01795109,62.01795109,-41.1551357244527,172.97100514540713,1597567.2148887916,5444020.763450005,1597567.2149,5444020.76345
"POINT (1601048.86995 5449478.62775)",301100,Motueka North,2.55778061,2.55778061,-41.10597406722697,173.01249150130425,1601048.869927932,5449478.62775,1601048.86995,5449478.62775
"POINT (1599564.27565 5447410.9656)",301200,Motueka West,7.86796618,7.86796618,-41.124600248873236,172.9948092801004,1599564.275649995,5447410.965580201,1599564.27565,5447410.9656
"POINT (1601668.57085 5447895.8167)",301300,Motueka East,3.23775629,3.23775629,-41.1202310895541,173.01987612006542,1601668.5708499902,5447895.816698117,1601668.57085,5447895.8167
"POINT (1602762.13395 5448501.0895)",301400,Inlets Motueka,0,10.65244627,-41.11477577608151,173.03289998773698,1602762.13395,5448501.089495765,1602762.13395,5448501.0895
"POINT (1579342.0314 5407790.97265)",301500,Golden Downs,1819.63044701,1819.63044701,-41.48122175504837,172.7525603820092,1579342.0314000016,5407790.972635822,1579342.0314,5407790.97265
"POINT (1602940.6392 5433406.24895)",301600,Moutere Hills,98.44482794,98.44482794,-41.2507487295757,173.03509870056743,1602940.6392,5433406.2489725435,1602940.6392,5433406.24895
"POINT (1606841.8086 5434955.2643)",301700,Ruby Bay-Mapua,9.77064433,9.77064433,-41.236771826501325,173.0816446372865,1606841.8085999987,5434955.264301176,1606841.8086,5434955.2643
"POINT (1558399.33315 5362539.8844)",301800,Murchison-Nelson Lakes,3706.00959221,3739.51507603,-41.88797708736151,172.49856261134377,1558399.3331499996,5362539.884401326,1558399.33315,5362539.8844
"POINT (1615972.70615 5429036.9851)",301900,Inlet Waimea West,0,23.19921716,-41.289953550625135,173.19076008327715,1615972.7061742912,5429036.985100001,1615972.70615,5429036.9851
"POINT (1612332.752 5431290.6705)",302000,Islands Tasman District,15.90350317,15.90350317,-41.26971669653238,173.14724307828993,1612332.7519887998,5431290.6705,1612332.752,5431290.6705
"POINT (1605830.7304 5424256.086)",302100,Waimea West,59.29971623,59.29971623,-41.33315565094276,173.0696817048494,1605830.7304202132,5424256.086,1605830.7304,5424256.086
"POINT (1611723.99185 5425110.133)",302200,Appleby,20.00315402,20.00315402,-41.32539846994252,173.14009407157064,1611723.9918500003,5425110.133004939,1611723.99185,5425110.133
"POINT (1603835.69275 5415235.7508)",302300,Wakefield,9.98015748,9.98015748,-41.414419635048375,173.045896558734,1603835.6927499988,5415235.750795998,1603835.69275,5415235.7508
"POINT (1614471.9655 5424456.605)",302400,Richmond West (Tasman District),6.46147418,6.46147418,-41.33124059343172,173.17294600453667,1614471.9654996255,5424456.605,1614471.9655,5424456.605
"POINT (1610145.81505 5406096.28395)",302500,Wakefield Rural,375.7630612,375.7630612,-41.496688525620044,173.12155476370702,1610145.8150499996,5406096.283926203,1610145.81505,5406096.28395
"POINT (1608835.2371 5419288.5089)",302600,Brightwater,4.66371091,4.66371091,-41.37787458764131,173.10566015357435,1608835.2371196116,5419288.5089,1608835.2371,5419288.5089
"POINT (1612038.9784 5420276.6033)",302700,Hope,7.54407222,7.54407222,-41.368932647809544,173.1439538096555,1612038.9784,5420276.60332443,1612038.9784,5420276.6033
"POINT (1615736.77405 5423747.07175)",302800,Richmond Central (Tasman District),1.15292504,1.15292504,-41.337608128098076,173.1880793006428,1615736.774055488,5423747.07175,1615736.77405,5423747.07175
"POINT (1614669.2875 5422920.97195)",302900,Ben Cooper Park,0.91543215,0.91543215,-41.34506949612244,173.17534116834895,1614669.2875216247,5422920.97195,1614669.2875,5422920.97195
"POINT (1614370.7966 5421464.7301)",303000,Richmond South (Tasman District),2.50766293,2.50766293,-41.358192188734975,173.17180782274636,1614370.7966,5421464.730076847,1614370.7966,5421464.7301
"POINT (1615638.0997 5422643.8478)",303100,Wilkes Park,0.88152295,0.88152295,-41.34754750828065,173.1869284077106,1615638.099703692,5422643.8478,1615638.0997,5422643.8478
"POINT (1616932.1888 5423378.47445)",303200,Templemore,1.42677131,1.42677131,-41.34090409063696,173.20237659006028,1616932.1888154629,5423378.47445,1616932.1888,5423378.47445
"POINT (1616667.88305 5422676.53925)",303300,Easby Park,1.12878947,1.12878947,-41.347232384816685,173.19923684959636,1616667.8830500008,5422676.539244944,1616667.88305,5422676.53925
"POINT (1615796.0811 5421877.60035)",303400,Fairose,1.42113236,1.42113236,-41.35444650636975,173.18883675592005,1615796.081091402,5421877.60035,1615796.0811,5421877.60035
"POINT (1616617.0608 5418962.47785)",303500,Aniseed Valley,57.21723276,57.21723276,-41.38068826523528,173.19873111771085,1616617.0608150363,5418962.477849999,1616617.0608,5418962.47785
"POINT (1634262.4956 5434197.58495)",303600,Nelson Rural,366.39272637,366.39272637,-41.24289980384913,173.4088987956992,1634262.4955999989,5434197.584968198,1634262.4956,5434197.58495
"POINT (1625336.4854 5434431.6357)",303700,Inlets Nelson City,0,25.01652992,-41.24112055064994,173.30236509347816,1625336.4854240525,5434431.6357,1625336.4854,5434431.6357
"POINT (1627310.85045 5435947.09735)",303800,Marybank,1.00889284,1.00889284,-41.22740540538846,173.3258589757579,1627310.8504500003,5435947.097359574,1627310.85045,5435947.09735
"POINT (1623182.0962 5432165.57495)",303900,Port Nelson,0.97890893,0.97890893,-41.261597278570555,173.2767410831012,1623182.09620951,5432165.574949998,1623182.0962,5432165.57495
"POINT (1619329.18825 5428510.0516)",304000,Nelson Airport,2.95621321,2.95621321,-41.29462661043036,173.23086258795811,1619329.1882582977,5428510.0516,1619329.18825,5428510.0516
"POINT (1620082.22155 5429542.29495)",304100,Tahunanui,1.61396958,1.61396958,-41.28531007856611,173.2398224873539,1620082.2215657816,5429542.29495,1620082.22155,5429542.29495
"POINT (1622624.0662 5431477.06385)",304200,Britannia,0.84028368,0.84028368,-41.267815015311584,173.2701051110731,1622624.0661911252,5431477.0638500005,1622624.0662,5431477.06385
"POINT (1618933.59975 5427145.5282)",304400,Broadgreen-Monaco,1.13522373,1.13522373,-41.306927201880164,173.2261802837749,1618933.5997340647,5427145.5282000005,1618933.59975,5427145.5282
"POINT (1622343.24885 5430629.99755)",304500,Washington,1.12496317,1.12496317,-41.27545296378781,173.2667835738189,1622343.248859535,5430629.9975499995,1622343.24885,5430629.99755
"POINT (1621209.55075 5429044.15925)",304600,Tahuna Hills,2.67659642,2.67659642,-41.28976830322215,173.25330231644327,1621209.55075,5429044.159271244,1621209.55075,5429044.15925
"POINT (1623749.2437 5430920.5017)",304700,Nelson Central-Trafalgar,1.24568063,1.24568063,-41.27279606412613,173.28355996309352,1623749.2437117144,5430920.501700001,1623749.2437,5430920.5017
"POINT (1624472.55565 5431511.2397)",304800,The Wood,1.16161835,1.16161835,-41.26745328016543,173.29217229446647,1624472.5556499944,5431511.23971975,1624472.55565,5431511.2397
"POINT (1621949.8365 5429469.11845)",304900,Toi Toi,1.3079691,1.3079691,-41.28592060898578,173.26212802420335,1621949.8365000023,5429469.118426963,1621949.8365,5429469.11845
"POINT (1619713.91345 5427157.5459)",305000,Nayland,0.8401081,0.8401081,-41.30680025717671,173.23550142737992,1619713.9134500008,5427157.54590584,1619713.91345,5427157.5459
"POINT (1618526.2586 5426354.11215)",305100,Aldinga,1.11110158,1.11110158,-41.314065486358096,173.2213383423478,1618526.2585970408,5426354.11215,1618526.2586,5426354.11215
"POINT (1622655.2297 5429644.79195)",305200,Victory,0.63007183,0.63007183,-41.28431870744367,173.27054530393912,1622655.2297,5429644.791938849,1622655.2297,5429644.79195
"POINT (1623612.4811 5429959.4366)",305300,Rutherford,1.21422425,1.21422425,-41.28145705565868,173.28196432455138,1623612.4811068238,5429959.4366000015,1623612.4811,5429959.4366
"POINT (1620323.5721 5426986.9388)",305400,Maitlands,0.7687914,0.7687914,-41.30832190051754,173.24279001827577,1620323.5721,5426986.938805815,1620323.5721,5426986.9388
"POINT (1625081.3209 5430504.59285)",305500,Maitai,0.93215802,0.93215802,-41.27650216915695,173.2994815473408,1625081.320880029,5430504.592849999,1625081.3209,5430504.59285
"POINT (1622858.27325 5428211.8714)",305600,Grampians,2.9526614,2.9526614,-41.29722027393168,173.27302379942856,1622858.2732499999,5428211.871420246,1622858.27325,5428211.8714
"POINT (1618613.9388 5423666.80805)",305700,Saxton,3.86295954,3.86295954,-41.33826978718257,173.22246819360015,1618613.9388000001,5423666.808047777,1618613.9388,5423666.80805
"POINT (1618974.0148 5425053.0356)",305800,Suffolk,2.0012641,2.0012641,-41.32577473930293,173.22672838358085,1618974.0148,5425053.035617481,1618974.0148,5425053.0356
"POINT (1620464.53845 5425368.5544)",305900,Omaio,5.47226168,5.47226168,-41.32289619562578,173.2445284949428,1620464.5384615026,5425368.5544,1620464.53845,5425368.5544
"POINT (1622060.4204 5426177.07575)",306000,Enner Glynn,7.0564613,7.0564613,-41.31557123445772,173.2635679817585,1622060.4204007825,5426177.075750001,1622060.4204,5426177.07575
"POINT (1617787.3398 5423679.41195)",306100,Daelyn,1.47284125,1.47284125,-41.338174926912295,173.21258862872074,1617787.3398000002,5423679.411970079,1617787.3398,5423679.41195
"POINT (1624440.027 5427957.45425)",306200,The Brook,6.9047881,6.9047881,-41.2994656177322,173.29192657438935,1624440.0269999998,5427957.454245595,1624440.027,5427957.45425
"POINT (1653554.41555 5431742.8101)",306300,Marlborough Sounds West,1553.98807264,1553.98807264,-41.26396290219613,173.63933859341338,1653554.41555,5431742.810115031,1653554.41555,5431742.8101
"POINT (1686150.6122 5484082.7954)",306400,Marlborough Sounds Coastal Marine,0,1999.55440744,-40.78973122778587,174.02111813817828,1686150.6122000003,5484082.7954084445,1686150.6122,5484082.7954
"POINT (1687050.0315 5425076.7504)",306500,Marlborough Sounds East,1043.545793,1043.545793,-41.32108477490998,174.04011532115743,1687050.0315,5425076.750418243,1687050.0315,5425076.7504
"POINT (1611729.6956 5361134.89175)",306600,Upper Wairau,4177.4971468,4177.4971468,-41.90163928227434,173.14141526128714,1611729.695582632,5361134.89175,1611729.6956,5361134.89175
"POINT (1686728.03245 5431024.22165)",306700,Waikawa (Marlborough District),3.85321511,3.85321511,-41.26755475200296,174.03542107491668,1686728.0324499998,5431024.2216566475,1686728.03245,5431024.22165
"POINT (1684441.6419 5427867.3558)",306800,Waitohi (Marlborough District),5.31135904,5.31135904,-41.296228984769854,174.00856630899284,1684441.6418999992,5427867.35578656,1684441.6419,5427867.3558
"POINT (1678257.30415 5414902.61)",306900,Tuamarina,167.83682533,167.83682533,-41.413619116571276,173.93638277186656,1678257.3041323358,5414902.609999999,1678257.30415,5414902.61
"POINT (1631692.755 5350549.62895)",307000,Awatere,3273.48642662,3286.27810772,-41.99642736703624,173.3826595929587,1631692.754985923,5350549.62895,1631692.755,5350549.62895
"POINT (1668982.1803 5404554.9451)",307100,Renwick,2.31964276,2.31964276,-41.507665814663504,173.82659634231624,1668982.18029607,5404554.945099999,1668982.1803,5404554.9451
"POINT (1684441.91475 5405382.18565)",307200,Lower Wairau,116.6983818,116.6983818,-41.49873517635793,174.01170530915468,1684441.9147290846,5405382.18565,1684441.91475,5405382.18565
"POINT (1676086.39035 5402534.52825)",307300,Woodbourne,80.14899448,80.14899448,-41.52521898183288,173.91196986523974,1676086.3903499995,5402534.528250647,1676086.39035,5402534.52825
"POINT (1680542.97705 5408282.38655)",307400,Spring Creek-Grovetown,9.68737315,9.68737315,-41.47301679193316,173.96461083493887,1680542.9770499985,5408282.386547528,1680542.97705,5408282.38655
"POINT (1678084.9093 5404862.56895)",307500,Springlands,1.77343458,1.77343458,-41.50405967848601,173.9356190360446,1678084.9093163544,5404862.56895,1678084.9093,5404862.56895
"POINT (1678186.71455 5403727.0615)",307600,Yelverton,2.4151004,2.4151004,-41.51427639410615,173.9369861719984,1678186.7145622005,5403727.0615,1678186.71455,5403727.0615
"POINT (1679470.10965 5405090.1862)",307700,Mayfield,1.45993261,1.45993261,-41.501873502765115,173.9521843900209,1679470.1096500014,5405090.18618587,1679470.10965,5405090.1862
"POINT (1678738.65965 5402910.4529)",307800,Whitney West,1.90244363,1.90244363,-41.521576860186606,173.94370663764892,1678738.659649993,5402910.452883208,1678738.65965,5402910.4529
"POINT (1680318.58085 5403598.488)",307900,Blenheim Central,1.55263169,1.55263169,-41.51522337857098,173.96254810238813,1680318.5808500056,5403598.488019429,1680318.58085,5403598.488
"POINT (1680719.5998 5404552.96115)",308000,Riversdale-Islington,1.09568575,1.09568575,-41.50658692937245,173.96722533605717,1680719.5998011862,5404552.96115,1680719.5998,5404552.96115
"POINT (1680221.026 5403062.8199)",308100,Whitney East,1.05759962,1.05759962,-41.520057467352835,173.96145055166156,1680221.0259772032,5403062.819900001,1680221.026,5403062.8199
"POINT (1679079.72825 5402017.75405)",308200,Redwoodtown West,1.06278688,1.06278688,-41.52958305121704,173.94791125660905,1679079.7282434553,5402017.754050001,1679079.72825,5402017.75405
"POINT (1678419.7706 5401223.2118)",308300,Witherlea West,2.43685407,2.43685407,-41.5368037773523,173.9401051284864,1678419.7706000004,5401223.211782519,1678419.7706,5401223.2118
"POINT (1680150.20765 5402179.1738)",308400,Redwoodtown East,1.07412156,1.07412156,-41.52802280656973,173.96071962561396,1680150.2076499946,5402179.173823891,1680150.20765,5402179.1738
"POINT (1681897.10775 5402214.1801)",308500,Riverlands,6.27702946,6.27702946,-41.52753071690533,173.98165113716297,1681897.107752793,5402214.1801,1681897.10775,5402214.1801
"POINT (1679993.84455 5401027.70355)",308600,Witherlea East,1.37388614,1.37388614,-41.538408747809136,173.9589988029073,1679993.844565229,5401027.703549998,1679993.84455,5401027.70355
"POINT (1690698.8943 5399464.0519)",308700,Inlet Wairau River,0,14.39753343,-41.551348862334955,174.08755036013898,1690698.8943000003,5399464.051876151,1690698.8943,5399464.0519
"POINT (1651520.9005 5326213.52255)",308800,Kaikoura Ranges,2037.56694998,2037.56694998,-42.214549949941116,173.6242006647323,1651520.9005000005,5326213.522531802,1651520.9005,5326213.52255
"POINT (1653221.79515 5304997.4644)",308900,Kaikoura,9.25965475,9.25965475,-42.40549943225798,173.64675967496635,1653221.7951703593,5304997.4644,1653221.79515,5304997.4644
"POINT (1540704.417 5430128.7682)",309000,Karamea,3129.34577068,3129.34577068,-41.27809979711507,172.29197041942288,1540704.4170000004,5430128.7682028115,1540704.417,5430128.7682
"POINT (1524650.1752 5431301.86145)",309100,Inlets Buller District,0,6.345973,-41.26619563068233,172.10043714969746,1524650.1752,5431301.861438958,1524650.1752,5431301.86145
"POINT (1485345.4222 5377721.10045)",309200,Westport North,8.65745154,8.65745154,-41.74406081504106,171.62110455629514,1485345.4222247936,5377721.10045,1485345.4222,5377721.10045
"POINT (1487716.1068 5373635.3567)",309300,Westport Rural,88.74452743,88.74452743,-41.781189608957135,171.6488361914037,1487716.1068062584,5373635.356699998,1487716.1068,5373635.3567
"POINT (1484366.241 5375861.3549)",309400,Westport South,2.87357565,2.87357565,-41.76066479605686,171.60897017887714,1484366.2409890378,5375861.354900001,1484366.241,5375861.3549
"POINT (1507975.23445 5379857.8919)",309500,Buller Coalfields,498.57495983,498.57495983,-41.72776179669121,171.89353784814102,1507975.2344681716,5379857.8919,1507975.23445,5379857.8919
"POINT (1482617.48175 5357848.7974)",309600,Charleston (Buller District),1016.80561635,1016.80561635,-41.92259632537979,171.584368411644,1482617.4817499993,5357848.797417086,1482617.48175,5357848.7974
"POINT (1519741.3537 5335628.305)",309700,Inangahua,3196.01553733,3196.01553733,-42.12734609096727,172.02896517313238,1519741.3537000094,5335628.304984543,1519741.3537,5335628.305
"POINT (1505766.5981 5336816.48885)",309800,Reefton,2.62642672,2.62642672,-42.11509158172371,171.86010893609577,1505766.5981,5336816.488867938,1505766.5981,5336816.48885
"POINT (1474785.3244 5320463.4518)",309900,Barrytown,733.51036178,733.51036178,-42.257987447746174,171.4819372009427,1474785.324388884,5320463.4518,1474785.3244,5320463.4518
"POINT (1456050.5433 5304684.31435)",310000,Runanga,4.50515422,4.50515422,-42.39680001925409,171.25096678674717,1456050.5433000089,5304684.314367281,1456050.5433,5304684.31435
"POINT (1452327.5538 5300188.09925)",310100,Cobden,3.67564649,4.048262,-42.43657414672994,171.20459800439437,1452327.5538000003,5300188.099272089,1452327.5538,5300188.09925
"POINT (1451562.91335 5299016.0517)",310200,Blaketown,0.74298173,0.74298173,-42.44697836620054,171.19500307478367,1451562.9133500003,5299016.051703119,1451562.91335,5299016.0517
"POINT (1452099.73595 5298362.77735)",310300,Greymouth Central,2.72874197,2.72874197,-42.452961413377864,171.20135942470458,1452099.7359500006,5298362.777333692,1452099.73595,5298362.77735
"POINT (1452865.5016 5297970.7137)",310400,King Park,0.84279915,0.84279915,-42.45663632308114,171.2105671069815,1452865.5015999998,5297970.713696081,1452865.5016,5297970.7137
"POINT (1452765.5947 5296439.97765)",310500,Marsden,1.23848941,1.23848941,-42.47039631689721,171.2089598001252,1452765.5946837459,5296439.97765,1452765.5947,5296439.97765
"POINT (1451774.69875 5295194.16375)",310600,Karoro,6.5022919,6.5022919,-42.48142148968889,171.19658971832035,1451774.6987500011,5295194.163760617,1451774.69875,5295194.16375
"POINT (1448851.00945 5289703.15985)",310700,Rutherglen-Camerons,11.71648863,11.71648863,-42.53028209679961,171.15958606651256,1448851.0094499993,5289703.159838494,1448851.00945,5289703.15985
"POINT (1457767.4937 5287988.68915)",310800,Greymouth Rural,340.00564297,340.00564297,-42.54740717649736,171.26767814477722,1457767.4937202192,5287988.689150002,1457767.4937,5287988.68915
"POINT (1468356.06735 5293725.3382)",310900,Dobson,169.65863562,169.65863562,-42.49764087984265,171.3979110129052,1468356.06735,5293725.3382186135,1468356.06735,5293725.3382
"POINT (1492970.1571 5302040.27335)",311000,Nelson Creek,897.61275153,897.61275153,-42.42657219332518,171.69892858515897,1492970.1571112443,5302040.27335,1492970.1571,5302040.27335
"POINT (1495785.50425 5279893.289)",311100,Lake Brunner,1301.25647929,1342.02856747,-42.62635863144324,171.72910796117685,1495785.5042438647,5279893.289,1495785.50425,5279893.289
"POINT (1255850.1724 5108496.16235)",311200,Haast,4099.07139229,4105.50585711,-44.09577313914895,168.70067841410327,1255850.172392439,5108496.162249999,1255850.1724,5108496.16235
"POINT (1341932.97765 5161225.2195)",311300,Westland Glaciers-Bruce Bay,3057.41344911,3071.06607245,-43.657169070479405,169.79961888961702,1341932.9776500002,5161225.219466433,1341932.97765,5161225.2195
"POINT (1446362.03 5276349.88245)",311400,Arahura-Kumara,262.26880035,262.26880035,-42.649983242393525,171.12569656533984,1446362.0300000003,5276349.882471278,1446362.03,5276349.88245
"POINT (1433979.51055 5268496.162)",311500,Hokitika,3.90527474,3.90527474,-42.71809583189971,170.9724266987515,1433979.5105635636,5268496.1620000005,1433979.51055,5268496.162
"POINT (1374090.2867 5214083.70375)",311600,Inlets Westland District,0,26.34156937,-43.19224180586056,170.21977265608626,1374090.2867,5214083.703750627,1374090.2867,5214083.70375
"POINT (1432734.0109 5260982.99135)",311700,Hokitika Rural,154.38154575,154.38154575,-42.785442209337475,170.95500237763594,1432734.0109000006,5260982.991360642,1432734.0109,5260982.99135
"POINT (1415379.2371 5223543.11885)",311800,Waitaha,1499.95516283,1499.95516283,-43.11834675663708,170.73062622281512,1415379.2371,5223543.118854113,1415379.2371,5223543.11885
"POINT (1392004.97035 5207699.2019)",311900,Whataroa-Harihari,1136.27370009,1136.27370009,-43.25481891742085,170.43761413526553,1392004.97035,5207699.201920368,1392004.97035,5207699.2019
"POINT (1470342.19325 5255464.2301)",312000,Hokitika Valley-Otira,1614.53896118,1629.34654073,-42.84240919434285,171.4133342619346,1470342.1932500007,5255464.2300976105,1470342.19325,5255464.2301
"POINT (1558688.71865 5293366.4175)",312100,Hanmer Range,3608.91268595,3622.45041709,-42.510969148260514,172.49713518271398,1558688.7186540156,5293366.4175,1558688.71865,5293366.4175
"POINT (1593960.7729 5272384.37595)",312200,Amuri,1835.60586509,1835.60586509,-42.7010068781709,172.92626316975148,1593960.7729000002,5272384.3759351475,1593960.7729,5272384.37595
"POINT (1585533.625 5292067.0314)",312300,Hanmer Springs,4.23133126,4.23133126,-42.523639128082,172.82387116086176,1585533.624999999,5292067.031400362,1585533.625,5292067.0314
"POINT (1563076.85415 5246622.9696)",312400,Upper Hurunui,1004.95957741,1004.95957741,-42.932127531728995,172.54749977535553,1563076.8541398698,5246622.9695999995,1563076.85415,5246622.9696
"POINT (1618209.47925 5261931.56865)",312500,Parnassus,994.56230517,994.56230517,-42.79494676669523,173.22266724588997,1618209.4792499999,5261931.568643272,1618209.47925,5261931.56865
"POINT (1563491.93605 5224666.3805)",312600,Ashley Forest,340.57434402,340.57434402,-43.12986146669007,172.55114807552536,1563491.93605,5224666.380478783,1563491.93605,5224666.3805
"POINT (1593491.89605 5239005.419)",312700,Omihi,717.86645902,717.86645902,-43.00159112868396,172.92015208742762,1593491.896072573,5239005.419,1593491.89605,5239005.419
"POINT (1579641.30305 5222831.64585)",312800,Balcairn,130.57362388,130.57362388,-43.14698944386506,172.749628038307,1579641.3030499993,5222831.6458607875,1579641.30305,5222831.64585
"POINT (1578294.7318 5221886.5875)",312900,Amberley,3.62943081,3.62943081,-43.15546202719268,172.73303099159463,1578294.7318000016,5221886.587505553,1578294.7318,5221886.5875
"POINT (1536555.523 5226781.32505)",313000,Okuku,834.68212278,834.68212278,-43.109040135074316,172.22024128128666,1536555.5230009747,5226781.32505,1536555.523,5226781.32505
"POINT (1525194.76295 5205917.4257)",313100,Ashley Gorge,336.41510541,336.41510541,-43.29585388309341,172.07780388813367,1525194.7629500008,5205917.4256883245,1525194.76295,5205917.4257
"POINT (1533762.58215 5206117.78075)",313200,Oxford,11.81747088,11.81747088,-43.29485271317826,172.18344056682568,1533762.5821343479,5206117.78075,1533762.58215,5206117.78075
"POINT (1547705.5727 5207833.28985)",313300,Starvation Hill-Cust,181.64842378,181.64842378,-43.280504033235474,172.35547751874273,1547705.5726822056,5207833.28985,1547705.5727,5207833.28985
"POINT (1561407.00135 5214718.4086)",313400,Loburn,89.42703787,89.42703787,-43.21933460920384,172.52482145641275,1561407.0013500017,5214718.408602826,1561407.00135,5214718.4086
"POINT (1542968.84345 5196146.00935)",313500,Eyrewell,272.10761782,272.10761782,-43.38539113678259,172.29588731888893,1542968.8434685185,5196146.00935,1542968.84345,5196146.00935
"POINT (1551650.5556 5200551.44425)",313600,West Eyreton,114.88751675,114.88751675,-43.34633416693679,172.40345527099342,1551650.5556148356,5200551.44425,1551650.5556,5200551.44425
"POINT (1572134.49635 5212526.55)",313700,Ashley-Sefton,86.90622514,86.90622514,-43.23954370691716,172.65679087070902,1572134.4963645032,5212526.55,1572134.49635,5212526.55
"POINT (1563877.91285 5202754.57585)",313800,Fernside,41.47828183,41.47828183,-43.327183901656284,172.5544585775943,1563877.912837434,5202754.575850001,1563877.91285,5202754.57585
"POINT (1565004.71985 5206010.3747)",313900,Rangiora North West,1.99495154,1.99495154,-43.297920872354354,172.5685640145224,1565004.719849999,5206010.374701145,1565004.71985,5206010.3747
"POINT (1567010.2349 5206974.7318)",314000,Kingsbury,2.58105528,2.58105528,-43.289327999138,172.59334604961305,1567010.234910809,5206974.7318,1567010.2349,5206974.7318
"POINT (1566046.9923 5205618.8162)",314100,Ashgrove,0.66739352,0.66739352,-43.30149435572274,172.58138904191026,1566046.9923000003,5205618.816213716,1566046.9923,5205618.8162
"POINT (1567938.6617 5206095.23105)",314200,Rangiora North East,2.02010357,2.02010357,-43.297287499441495,172.6047389033786,1567938.6616794341,5206095.23105,1567938.6617,5206095.23105
"POINT (1565663.61695 5204716.193)",314300,Oxford Estate,0.52355057,0.52355057,-43.309604506122554,172.5766060801978,1565663.6169499988,5204716.192984678,1565663.61695,5204716.193
"POINT (1567135.65205 5205387.02875)",314400,Rangiora Central,0.36695815,0.36695815,-43.30362979288568,172.59479707034401,1567135.6520250002,5205387.028738702,1567135.65205,5205387.02875
"POINT (1566381.235 5204440.6735)",314500,Rangiora South West,0.85640238,0.85640238,-43.31211779510969,172.58543776923963,1566381.234999999,5204440.673518245,1566381.235,5204440.6735
"POINT (1567027.64575 5204487.70955)",314600,Lilybrook,1.26324533,1.26324533,-43.311722877295395,172.5934114623074,1567027.645750001,5204487.709539924,1567027.64575,5204487.70955
"POINT (1572884.93375 5206162.73335)",314700,Waikuku,28.73773181,28.73773181,-43.29687413599048,172.6657201394862,1572884.933759822,5206162.733349999,1572884.93375,5206162.73335
"POINT (1563013.44015 5198373.7111)",314800,Mandeville-Ohoka,40.400615,40.400615,-43.36658830057761,172.54350071074077,1563013.4401454986,5198373.7111,1563013.44015,5198373.7111
"POINT (1568545.11315 5204839.32755)",314900,Rangiora South East,2.66776421,2.66776421,-43.30862175411054,172.6121433512572,1568545.1131499982,5204839.327560928,1568545.11315,5204839.32755
"POINT (1567888.33735 5201851.4261)",315000,Southbrook,2.31019456,2.31019456,-43.33549816658781,172.60387035789591,1567888.3373500002,5201851.426087642,1567888.33735,5201851.4261
"POINT (1561935.11925 5193801.84575)",315100,Swannanoa-Eyreton,61.77213058,61.77213058,-43.40770028355946,172.5298741396599,1561935.1192548338,5193801.84575,1561935.11925,5193801.84575
"POINT (1570323.8353 5201918.9488)",315200,Tuahiwi,22.70498482,22.70498482,-43.33499027425018,172.63391769908588,1570323.8352999997,5201918.948802667,1570323.8353,5201918.9488
"POINT (1572992.3244 5203391.61195)",315300,Woodend,3.48705109,3.48705109,-43.321830420133686,172.66690781865114,1572992.3244163436,5203391.611950001,1572992.3244,5203391.61195
"POINT (1575229.91945 5204686.66245)",315400,Pegasus,6.33812437,6.33812437,-43.310246222097554,172.6945626273733,1575229.9194373353,5204686.66245,1575229.91945,5204686.66245
"POINT (1568242.3002 5195194.46945)",315500,Clarkville,30.14435143,30.14435143,-43.395454454663756,172.60785081243696,1568242.3001999976,5195194.469438661,1568242.3002,5195194.46945
"POINT (1574687.0956 5199661.43265)",315600,Pegasus Bay,24.56690994,24.56690994,-43.355477486782306,172.6876373938072,1574687.0956000017,5199661.432641504,1574687.0956,5199661.43265
"POINT (1572266.7177 5198087.0569)",315700,Kaiapoi North West,3.51539952,3.51539952,-43.36956825780957,172.65769060560953,1572266.7177,5198087.056899283,1572266.7177,5198087.0569
"POINT (1570700.0058 5196970.4637)",315800,Silverstream (Waimakariri District),0.997565,0.997565,-43.37956290685247,172.63829343884507,1570700.0058000088,5196970.4637161475,1570700.0058,5196970.4637
"POINT (1573213.35915 5198801.08525)",315900,Sovereign Palms,1.91533283,1.91533283,-43.36317326232069,172.66940963824754,1573213.3591500008,5198801.08526477,1573213.35915,5198801.08525
"POINT (1571175.56135 5196697.20915)",316000,Kaiapoi West,0.5102178,0.5102178,-43.38204179321032,172.6441496397931,1571175.5613500006,5196697.209157344,1571175.56135,5196697.20915
"POINT (1572035.462 5196246.05935)",316100,Kaiapoi Central,1.51314566,1.51314566,-43.38613662838585,172.6547422457447,1572035.4620000022,5196246.059356232,1572035.462,5196246.05935
"POINT (1571332.5037 5195634.7745)",316200,Kaiapoi South,0.87573675,0.87573675,-43.39161429348,172.64603146435567,1571332.503715002,5195634.774499999,1571332.5037,5195634.7745
"POINT (1572280.04095 5194978.66545)",316300,Kaiapoi East,5.02762405,5.02762405,-43.397557712709485,172.65769760937897,1572280.040964948,5194978.66545,1572280.04095,5194978.66545
"POINT (1558090.42485 5187881.69025)",316400,McLeans Island,73.94350948,73.94350948,-43.46080052144613,172.48193696923627,1558090.42487083,5187881.69025,1558090.42485,5187881.69025
"POINT (1556964.7025 5180135.6915)",316500,Paparua,23.34162419,23.34162419,-43.53048097115356,172.46740937692744,1556964.702512369,5180135.691500001,1556964.7025,5180135.6915
"POINT (1560441.33145 5182122.2251)",316600,Yaldhurst,12.1066131,12.1066131,-43.51278666652392,172.51057798725708,1560441.3314348687,5182122.225099999,1560441.33145,5182122.2251
"POINT (1562447.35195 5185732.18505)",316700,Christchurch Airport,11.44462992,11.44462992,-43.48038609145869,172.53564490438194,1562447.351957032,5185732.1850499995,1562447.35195,5185732.18505
"POINT (1567476.3348 5188648.95825)",316800,Clearwater,5.71771003,5.71771003,-43.45435870716528,172.59800296316675,1567476.334800018,5188648.958272215,1567476.3348,5188648.95825
"POINT (1569386.85325 5189359.43485)",316900,Belfast West,3.09934496,3.09934496,-43.44804202285108,172.62165659561435,1569386.8532500002,5189359.434859978,1569386.85325,5189359.43485
"POINT (1565367.9818 5185814.2147)",317000,Harewood,3.79223921,3.79223921,-43.479788445550945,172.57176396627207,1565367.9818000006,5185814.21469152,1565367.9818,5185814.2147
"POINT (1575336.8207 5193319.412)",317100,Brooklands-Spencerville,7.24724585,7.24724585,-43.412604917082064,172.6953691133839,1575336.820700014,5193319.412004912,1575336.8207,5193319.412
"POINT (1573932.31355 5191664.49665)",317200,Styx,32.71289524,32.71289524,-43.42745871937397,172.67794242519315,1573932.313550001,5191664.496648142,1573932.31355,5191664.49665
"POINT (1570728.8006 5189652.45775)",317300,Belfast East,2.88331149,2.88331149,-43.44545725356971,172.6382569174439,1570728.8006000002,5189652.4577517975,1570728.8006,5189652.45775
"POINT (1568849.9455 5188091.44945)",317400,Northwood,1.45238873,1.45238873,-43.45943703273413,172.6149487456752,1568849.9454940818,5188091.449449999,1568849.9455,5188091.44945
"POINT (1564480.97735 5184318.0176)",317500,Russley,1.86777494,1.86777494,-43.49321868743834,172.56069856526688,1564480.9773500005,5184318.017614336,1564480.97735,5184318.0176
"POINT (1567808.0789 5186755.87505)",317600,Regents Park,1.45376276,1.45376276,-43.471418637654736,172.60199146023257,1567808.078906483,5186755.875050001,1567808.0789,5186755.87505
"POINT (1563212.4517 5182838.5599)",317700,Hawthornden,1.89245555,1.89245555,-43.5064783969039,172.54490979842137,1563212.4517,5182838.559885293,1563212.4517,5182838.5599
"POINT (1566674.2631 5185388.8765)",317800,Bishopdale North,1.3684224,1.3684224,-43.48367758239171,172.58789010412568,1566674.2630951502,5185388.876499999,1566674.2631,5185388.8765
"POINT (1567443.7161 5186027.76145)",317900,Casebrook,1.83249774,1.83249774,-43.477958890027416,172.59744321086777,1567443.7161228135,5186027.76145,1567443.7161,5186027.76145
"POINT (1566007.80255 5184758.91295)",318000,Bishopdale West,1.13060616,1.13060616,-43.48931982449409,172.57960945744415,1566007.8025559061,5184758.91295,1566007.80255,5184758.91295
"POINT (1557177.43685 5177698.7526)",318100,Templeton,0.89855713,0.89855713,-43.5524350339578,172.46984976299615,1557177.4368438297,5177698.752599999,1557177.43685,5177698.7526
"POINT (1560207.39755 5179659.3171)",318200,Islington,1.77902268,1.77902268,-43.53495009190773,172.50750347795992,1560207.3975749998,5179659.317121746,1560207.39755,5179659.3171
"POINT (1565079.7554 5183881.594)",318300,Burnside Park,1.33883255,1.33883255,-43.497176480092925,172.56807607301317,1565079.7554000001,5183881.594023973,1565079.7554,5183881.594
"POINT (1570842.75945 5186897.91645)",318400,Marshland,10.10539407,10.10539407,-43.470264109590616,172.63951791727308,1570842.7594499965,5186897.916456705,1570842.75945,5186897.91645
"POINT (1564185.9737 5182897.0558)",318500,Avonhead North,0.63463917,0.63463917,-43.50599899686223,172.5569565056967,1564185.9737000004,5182897.055784687,1564185.9737,5182897.0558
"POINT (1569602.91525 5187060.1207)",318600,Redwood North,1.09252656,1.09252656,-43.46875424732598,172.62419861761603,1569602.9152731495,5187060.1207,1569602.91525,5187060.1207
"POINT (1561992.13805 5180789.67655)",318700,Broomfield,0.99853119,0.99853119,-43.52486540494895,172.52967081415298,1561992.1380499997,5180789.676570787,1561992.13805,5180789.67655
"POINT (1568645.23955 5185949.70355)",318800,Redwood West,0.81581469,0.81581469,-43.4787130705188,172.61229515189476,1568645.2395499973,5185949.703560909,1568645.23955,5185949.70355
"POINT (1563645.33695 5181978.0973)",318900,Avonhead West,0.61397695,0.61397695,-43.514247195674216,172.55020722586187,1563645.3369499997,5181978.097289974,1563645.33695,5181978.0973
"POINT (1566485.78865 5184076.4288)",319000,Bishopdale South,0.70451597,0.70451597,-43.4954865442628,172.5854786573057,1566485.78865,5184076.428791538,1566485.78865,5184076.4288
"POINT (1560132.10485 5177812.37685)",319100,Islington-Hornby Industrial,7.16366685,7.16366685,-43.55157573522544,172.50643599277007,1560132.1048388034,5177812.37685,1560132.10485,5177812.37685
"POINT (1565788.96955 5183228.0723)",319200,Burnside,1.36196789,1.36196789,-43.50309362462497,172.5768069145108,1565788.9695499998,5183228.072290278,1565788.96955,5183228.0723
"POINT (1561424.07465 5179756.57915)",319300,Hei Hei,1.24268313,1.24268313,-43.534138221465085,172.5225681716837,1561424.0746698498,5179756.57915,1561424.07465,5179756.57915
"POINT (1567685.06805 5184987.691)",319400,Papanui North,0.59939609,0.59939609,-43.48733426439384,172.6003657178584,1567685.0680500087,5184987.691002741,1567685.06805,5184987.691
"POINT (1564257.9998 5181874.4199)",319500,Avonhead East,0.8351918,0.8351918,-43.51521027477816,172.55778026693912,1564257.999800001,5181874.41989984,1564257.9998,5181874.4199
"POINT (1569502.7871 5185845.2797)",319600,Redwood East,1.26951982,1.26951982,-43.47968877788865,172.6228927390931,1569502.7870999984,5185845.279724192,1569502.7871,5185845.2797
"POINT (1563790.40375 5181103.8165)",319700,Avonhead South,1.0252514,1.0252514,-43.522126262725166,172.55194374329315,1563790.4037279002,5181103.816500001,1563790.40375,5181103.8165
"POINT (1563019.5341 5180281.86415)",319800,Riccarton Racecourse,1.69503056,1.69503056,-43.52948932222875,172.5423493783963,1563019.5340750173,5180281.86415,1563019.5341,5180281.86415
"POINT (1566901.97025 5183528.58875)",319900,Bryndwr North,1.09070137,1.09070137,-43.5004378813696,172.59059275245735,1566901.9702499998,5183528.588729878,1566901.97025,5183528.58875
"POINT (1568191.006 5184447.75145)",320000,Northlands (Christchurch City),0.62844124,0.62844124,-43.49221763264297,172.6065908821437,1568191.006,5184447.751432737,1568191.006,5184447.75145
"POINT (1567704.77045 5183915.9997)",320100,Papanui West,1.00167645,1.00167645,-43.49698472467567,172.60054577415224,1567704.7704349533,5183915.9997000005,1567704.77045,5183915.9997
"POINT (1565246.48485 5182013.5713)",320200,Ilam North,1.23178205,1.23178205,-43.51400399858078,172.5700189011415,1565246.4848316086,5182013.5713,1565246.48485,5182013.5713
"POINT (1560973.4025 5178555.2846)",320300,Hornby West,0.74485755,0.74485755,-43.54493115205749,172.51690430489134,1560973.4025071273,5178555.2846,1560973.4025,5178555.2846
"POINT (1562826.67315 5179271.26435)",320400,Hornby Central,2.2702299,2.2702299,-43.53857914025815,172.53989353352742,1562826.6731629362,5179271.26435,1562826.67315,5179271.26435
"POINT (1569246.72765 5184597.7574)",320500,Northcote (Christchurch City),1.67620457,1.67620457,-43.4909111393117,172.6196560857857,1569246.7276499993,5184597.757384986,1569246.72765,5184597.7574
"POINT (1566302.48775 5182118.77165)",320600,Jellie Park,1.31125297,1.31125297,-43.51310515558326,172.5830902665668,1566302.48773154,5182118.771650001,1566302.48775,5182118.77165
"POINT (1564824.33915 5180971.7023)",320700,Ilam South,0.91177467,0.91177467,-43.52336523826052,172.56472870255095,1564824.3391580307,5180971.7023,1564824.33915,5180971.7023
"POINT (1567208.6883 5182893.1944)",320800,Bryndwr South,0.90574677,0.90574677,-43.50617253719439,172.59434831279862,1567208.68831615,5182893.194399999,1567208.6883,5182893.1944
"POINT (1568927.239 5183754.4891)",320900,Papanui East,0.82899262,0.82899262,-43.49849080520852,172.61565671530695,1568927.2389749996,5183754.489080358,1568927.239,5183754.4891
"POINT (1564276.0349 5179922.052)",321000,Sockburn North,1.23987082,1.23987082,-43.53279024667486,172.55787503650168,1564276.0348884168,5179922.052,1564276.0349,5179922.052
"POINT (1562166.068 5178032.9917)",321100,Hornby South,1.36582244,1.36582244,-43.54969526416997,172.5316309618454,1562166.068016918,5178032.9917,1562166.068,5178032.9917
"POINT (1565975.76465 5180963.9937)",321200,Ilam University,1.22716656,1.22716656,-43.52348799853366,172.57897582499663,1565975.7646484012,5180963.9936999995,1565975.76465,5180963.9937
"POINT (1573301.19265 5186024.61515)",321300,Prestons,3.9830759,3.9830759,-43.47821925966489,172.66986914285258,1573301.192650006,5186024.6151536,1573301.19265,5186024.61515
"POINT (1568338.2944 5182781.91875)",321400,Strowan,1.43506915,1.43506915,-43.507223193387816,172.6083155324969,1568338.2943995344,5182781.918749999,1568338.2944,5182781.91875
"POINT (1567456.86015 5182036.3154)",321500,Fendalton,0.92187577,0.92187577,-43.51389877918482,172.59736701361754,1567456.8601277743,5182036.315400009,1567456.86015,5182036.3154
"POINT (1573761.85285 5187048.82955)",321600,Waitikiri,1.85082227,1.85082227,-43.46901333383328,172.6756144485625,1573761.8528296957,5187048.82955,1573761.85285,5187048.82955
"POINT (1570696.6755 5184201.59845)",321700,Mairehau North,2.21664747,2.21664747,-43.494536448080225,172.63756675581453,1570696.6754806254,5184201.5984499995,1570696.6755,5184201.59845
"POINT (1565674.47125 5180457.84695)",321800,Bush Inn,0.8392385,0.8392385,-43.52803156080216,172.57521566933485,1565674.4712601446,5180457.84695,1565674.47125,5180457.84695
"POINT (1562698.7502 5177647.71915)",321900,Awatea North,1.01997911,1.01997911,-43.55319105322686,172.5381986566081,1562698.7501999994,5177647.719160796,1562698.7502,5177647.71915
"POINT (1565120.8322 5179667.73795)",322000,Upper Riccarton,0.52083977,0.52083977,-43.535120038972245,172.5683137414367,1565120.832221276,5179667.73795,1565120.8322,5179667.73795
"POINT (1570099.8736 5183354.89425)",322100,Malvern,0.99002148,0.99002148,-43.50213663541844,172.63013892949436,1570099.8736,5183354.894262794,1570099.8736,5183354.89425
"POINT (1569500.31675 5182869.111)",322200,Rutland,0.98659323,0.98659323,-43.50648644550733,172.6226953970574,1569500.3167499993,5182869.111003887,1569500.31675,5182869.111
"POINT (1564801.80655 5178476.9512)",322300,Sockburn South,2.48674577,2.48674577,-43.54582687831111,172.56428818870103,1564801.806563988,5178476.9512,1564801.80655,5178476.9512
"POINT (1567236.38315 5180853.0501)",322400,Deans Bush,1.25176701,1.25176701,-43.52454331461143,172.59456794379952,1567236.3831499997,5180853.05008352,1567236.38315,5180853.0501
"POINT (1563869.58385 5178161.1099)",322500,Wigram North,0.7677582,0.7677582,-43.54862613952898,172.5527276937445,1563869.5838626479,5178161.1099,1563869.58385,5178161.1099
"POINT (1568338.65785 5181476.0813)",322600,Holmwood,1.1295094,1.1295094,-43.51898105933542,172.60824397888135,1568338.657852665,5181476.081300004,1568338.65785,5181476.0813
"POINT (1566104.7538 5179686.8799)",322700,Wharenui,0.83895558,0.83895558,-43.534993013473105,172.5804922350536,1566104.7537800781,5179686.879899999,1566104.7538,5179686.8799
"POINT (1563538.2571 5177599.96655)",322800,Wigram West,0.45881538,0.45881538,-43.553662521586,172.54858848873982,1563538.2571049633,5177599.96655,1563538.2571,5177599.96655
"POINT (1563238.1758 5176941.6136)",322900,Awatea South,1.51152984,1.51152984,-43.559575554769005,172.54482885490665,1563238.1757922617,5176941.6136,1563238.1758,5176941.6136
"POINT (1569179.2768 5181820.27055)",323000,Merivale,1.10530207,1.10530207,-43.515917118037656,172.61866451623496,1569179.2768000006,5181820.270556318,1569179.2768,5181820.27055
"POINT (1571165.5794 5183422.05455)",323100,Mairehau South,1.38628176,1.38628176,-43.50157379727241,172.6433248899464,1571165.579410335,5183422.054549997,1571165.5794,5183422.05455
"POINT (1568272.74425 5180708.6332)",323200,Mona Vale,0.54774699,0.54774699,-43.5258884057277,172.6073836181275,1568272.744262477,5180708.633199997,1568272.74425,5180708.6332
"POINT (1566983.19535 5179784.73625)",323300,Riccarton West,0.62257937,0.62257937,-43.53415128667724,172.59137002514572,1566983.1953499978,5179784.736233801,1566983.19535,5179784.73625
"POINT (1572195.7584 5183726.60605)",323400,Shirley West,1.63066447,1.63066447,-43.49887061351833,172.65608330116333,1572195.7583999964,5183726.60603396,1572195.7584,5183726.60605
"POINT (1566312.3973 5178839.4911)",323500,Middleton,1.90189507,1.90189507,-43.54263230273844,172.5830095098279,1566312.397319714,5178839.4911,1566312.3973,5178839.4911
"POINT (1563944.89145 5177288.3556)",323600,Wigram South,0.39907152,0.39907152,-43.55648801328352,172.55360192870398,1563944.8914473085,5177288.355599999,1563944.89145,5177288.3556
"POINT (1575581.96325 5186297.25155)",323700,Queenspark,1.12074483,1.12074483,-43.47584232674759,172.69808269992348,1575581.96325,5186297.251530849,1575581.96325,5186297.25155
"POINT (1570614.05195 5182568.89385)",323800,St Albans North,0.63729003,0.63729003,-43.50923426610015,172.63645665906336,1570614.0519475527,5182568.893850001,1570614.05195,5182568.89385
"POINT (1569895.57005 5181883.82375)",323900,St Albans West,0.68131176,0.68131176,-43.515374093329875,172.6275303291406,1569895.5700500004,5181883.823738263,1569895.57005,5181883.82375
"POINT (1574868.50815 5185321.3807)",324000,Travis Wetlands,2.54934124,2.54934124,-43.48460563011991,172.68921626011644,1574868.5081401276,5185321.3807,1574868.50815,5185321.3807
"POINT (1564614.94675 5177642.30085)",324100,Wigram East,0.31144402,0.31144402,-43.553333197371074,172.56192072521753,1564614.9467500001,5177642.30083744,1564614.94675,5177642.30085
"POINT (1568314.0584 5179964.44985)",324200,Riccarton Central,0.39834807,0.39834807,-43.53259081905646,172.60785144835867,1568314.0584136546,5179964.44985,1568314.0584,5179964.44985
"POINT (1563754.4457 5175812.89855)",324300,Oaklands West,1.70047691,1.70047691,-43.56976368606631,172.5511454696026,1563754.4457100146,5175812.89855,1563754.4457,5175812.89855
"POINT (1567747.5764 5179848.01245)",324400,Riccarton South,0.54475455,0.54475455,-43.53361496457307,172.60083385865127,1567747.5764181134,5179848.01245,1567747.5764,5179848.01245
"POINT (1562780.50605 5174789.6628)",324500,Halswell West,6.36638022,6.36638022,-43.5789288028107,172.53901458623432,1562780.5060345642,5174789.6628,1562780.50605,5174789.6628
"POINT (1573164.16945 5183770.7703)",324600,Shirley East,1.69660978,1.69660978,-43.49850835243874,172.66806376472772,1573164.1694500055,5183770.770303225,1573164.16945,5183770.7703
"POINT (1564488.5069 5176938.8044)",324700,Broken Run,0.42593773,0.42593773,-43.55966143275226,172.56030934568054,1564488.5068750367,5176938.804375,1564488.5069,5176938.8044
"POINT (1570708.9381 5181690.39495)",324800,St Albans East,0.67550283,0.67550283,-43.51714808356605,172.63758317171585,1570708.9381000346,5181690.3949554525,1570708.9381,5181690.39495
"POINT (1569309.4104 5180203.6367)",324900,Hagley Park,2.18842107,2.18842107,-43.530478754135984,172.62018327425872,1569309.4104,5180203.636686967,1569309.4104,5180203.6367
"POINT (1566222.43135 5177580.988)",325000,Hillmorton,2.91663436,2.91663436,-43.553959777669284,172.58181759245699,1566222.4313507886,5177580.988,1566222.43135,5177580.988
"POINT (1576357.5055 5185884.4807)",325100,Parklands,1.8033493,1.8033493,-43.47958392185181,172.70765386453368,1576357.5055000004,5185884.4807156585,1576357.5055,5185884.4807
"POINT (1568525.3335 5179956.3171)",325200,Riccarton East,0.20811641,0.20811641,-43.532672984788555,172.61046568009704,1568525.3335000023,5179956.317091513,1568525.3335,5179956.3171
"POINT (1571465.03465 5181990.2211)",325300,Edgeware,1.01426957,1.01426957,-43.514477687308926,172.6469538784086,1571465.0346500417,5181990.221095593,1571465.03465,5181990.2211
"POINT (1564934.18565 5176437.57435)",325400,Aidanfield,1.67829745,1.67829745,-43.56419556798147,172.56579501362575,1564934.1856468036,5176437.57435,1564934.18565,5176437.57435
"POINT (1567968.3038 5178943.60605)",325500,Tower Junction,1.07287164,1.07287164,-43.541767766969684,172.6035122309731,1567968.3038000008,5178943.606029972,1567968.3038,5178943.60605
"POINT (1574558.09025 5184067.93285)",325600,Burwood,1.20976504,1.20976504,-43.49588140244215,172.68531900328722,1574558.0902374014,5184067.9328499995,1574558.09025,5184067.93285
"POINT (1570202.3652 5180356.5603)",325700,Christchurch Central-West,0.69482578,0.69482578,-43.529137995353594,172.63124235193803,1570202.3652000278,5180356.560309738,1570202.3652,5180356.5603
"POINT (1570822.33565 5180885.7907)",325800,Christchurch Central-North,0.77759649,0.77759649,-43.524397250167674,172.6389430062979,1570822.335643777,5180885.790700001,1570822.33565,5180885.7907
"POINT (1572475.4097 5182177.71755)",325900,Richmond North (Christchurch City),1.16647674,1.16647674,-43.51282736154389,172.65946391845165,1572475.4096867128,5182177.717550004,1572475.4097,5182177.71755
"POINT (1577274.55975 5185670.94705)",326000,Waimairi Beach,0.5812741,0.5812741,-43.48153505560759,172.7189844518718,1577274.5597499947,5185670.947055601,1577274.55975,5185670.94705
"POINT (1568638.69045 5178634.81155)",326100,Addington West,0.55813508,0.55813508,-43.54457663456788,172.61179223457478,1568638.690433312,5178634.811549987,1568638.69045,5178634.81155
"POINT (1575290.7086 5183731.75105)",326200,Otakaro-Avon River Corridor,6.13238653,6.13238653,-43.498933020993185,172.69436507618664,1575290.7085999998,5183731.751064224,1575290.7086,5183731.75105
"POINT (1564626.8417 5175270.8406)",326300,Oaklands East,1.30062237,1.30062237,-43.57468623728091,172.56191327934056,1564626.8416999995,5175270.840591161,1564626.8417,5175270.8406
"POINT (1569429.2776 5178918.19895)",326400,Addington North,0.43431408,0.43431408,-43.54205781349194,172.6215943103554,1569429.2775847558,5178918.198950006,1569429.2776,5178918.19895
"POINT (1573436.5595 5182325.21845)",326500,Dallington,0.84120136,0.84120136,-43.51153404096249,172.6713623391802,1573436.5594874355,5182325.2184500005,1573436.5595,5182325.21845
"POINT (1570519.99475 5180096.405)",326600,Christchurch Central,0.71393734,0.71393734,-43.53149306161197,172.63515894613855,1570519.9947500252,5180096.405010709,1570519.99475,5180096.405
"POINT (1566932.52015 5176794.2361)",326700,Hoon Hay West,1.07523139,1.07523139,-43.56107549203247,172.59056064369997,1566932.5201499998,5176794.236091336,1566932.52015,5176794.2361
"POINT (1572316.2703 5181224.77145)",326800,Richmond South (Christchurch City),0.80309275,0.80309275,-43.521401914699474,172.6574465339181,1572316.2703000307,5181224.77142881,1572316.2703,5181224.77145
"POINT (1568076.09755 5177697.7788)",326900,Spreydon West,1.02698731,1.02698731,-43.55298982826853,172.60477318292277,1568076.0975253214,5177697.7787999995,1568076.09755,5177697.7788
"POINT (1571320.8041 5180421.6848)",327000,Christchurch Central-East,0.71344527,0.71344527,-43.528595410995585,172.64508665278663,1571320.804122738,5180421.684800007,1571320.8041,5180421.6848
"POINT (1571447.9759 5179595.2322)",327100,Christchurch Central-South,1.250479,1.250479,-43.53604172889677,172.64661696312666,1571447.975879157,5179595.232199993,1571447.9759,5179595.2322
"POINT (1576894.5725 5184521.90695)",327200,North Beach,1.98904153,1.98904153,-43.49186960923451,172.71423693929285,1576894.5725214768,5184521.906949999,1576894.5725,5184521.90695
"POINT (1565975.61255 5175453.6353)",327300,Halswell North,2.60853723,2.60853723,-43.573103150826384,172.5786284533103,1565975.6125500002,5175453.635319006,1565975.61255,5175453.6353
"POINT (1569512.7458 5178587.9649)",327400,Addington East,0.56803048,0.56803048,-43.54503466749732,172.62260891316305,1569512.7457936613,5178587.964899998,1569512.7458,5178587.9649
"POINT (1575017.76095 5182591.67745)",327500,Avondale (Christchurch City),1.26093166,1.26093166,-43.50918935548238,172.69093660641101,1575017.7609378956,5182591.677449999,1575017.76095,5182591.67745
"POINT (1569436.0624 5177716.948)",327600,Spreydon North,1.21379293,1.21379293,-43.55287418961139,172.62161063772805,1569436.062392762,5177716.948,1569436.0624,5177716.948
"POINT (1567696.70375 5176478.6167)",327700,Hoon Hay East,1.82287179,1.82287179,-43.56395081655745,172.6000036834581,1567696.703750001,5176478.616713455,1567696.70375,5176478.6167
"POINT (1573953.2343 5181234.57595)",327800,Avonside,0.81030652,0.81030652,-43.52137252344318,172.67770217538512,1573953.2343173083,5181234.57595,1573953.2343,5181234.57595
"POINT (1572405.25045 5180363.4106)",327900,Linwood West,1.07760146,1.07760146,-43.529160987358864,172.65850379024232,1572405.2504396006,5180363.4105999945,1572405.25045,5180363.4106
"POINT (1565281.07095 5173672.2715)",328000,Halswell South,1.7808656,1.7808656,-43.58911038028316,172.56991304957774,1565281.0709611136,5173672.2715,1565281.07095,5173672.2715
"POINT (1570704.61665 5178740.7975)",328100,Sydenham Central,1.21275693,1.21275693,-43.543706301557606,172.63737061881307,1570704.616645227,5178740.797500004,1570704.61665,5178740.7975
"POINT (1568733.17195 5177081.62435)",328200,Spreydon South,0.72391644,0.72391644,-43.55856551763799,172.61287224835868,1568733.1719499982,5177081.624344865,1568733.17195,5177081.62435
"POINT (1577146.3181 5183460.9733)",328300,Rawhiti,1.93513277,1.93513277,-43.50143020256314,172.7173058765187,1577146.3180801515,5183460.973300001,1577146.3181,5183460.9733
"POINT (1574950.14725 5181490.0169)",328400,Wainoni,1.50391215,1.50391215,-43.51910660415713,172.69004938339577,1574950.1472497915,5181490.016899997,1574950.14725,5181490.0169
"POINT (1573537.9499 5180346.42155)",328500,Linwood North,0.8574418,0.8574418,-43.52935496600346,172.67252034761376,1573537.949920474,5180346.42155,1573537.9499,5180346.42155
"POINT (1576189.54425 5182417.78645)",328600,Aranui,1.4164159,1.4164159,-43.51079336357814,172.7054253103652,1576189.544243149,5182417.7864500005,1576189.54425,5182417.78645
"POINT (1570237.6327 5178028.65275)",328700,Sydenham West,0.48794081,0.48794081,-43.550100001783676,172.63155117646653,1570237.6327000046,5178028.6527336035,1570237.6327,5178028.65275
"POINT (1572041.34335 5179065.5478)",328800,Lancaster Park,1.11557727,1.11557727,-43.54083350966826,172.65393355195388,1572041.3433749522,5179065.547774484,1572041.34335,5179065.5478
"POINT (1572904.0804 5179417.1471)",328900,Phillipstown,0.9334353,0.9334353,-43.53769950317379,172.6646296963855,1572904.0804000134,5179417.147094734,1572904.0804,5179417.1471
"POINT (1566680.11145 5172538.55525)",329000,Kennedys Bush,12.00591024,12.00591024,-43.59938215100328,172.58717368711106,1566680.1114634355,5172538.55525,1566680.11145,5172538.55525
"POINT (1569996.76605 5176977.46345)",329100,Somerfield East,1.22917182,1.22917182,-43.55955528776758,172.62851124585777,1569996.7660499997,5176977.463430384,1569996.76605,5176977.46345
"POINT (1569347.9563 5176256.0391)",329200,Somerfield West,1.18118116,1.18118116,-43.56602461090174,172.6204373203513,1569347.9563228455,5176256.039100001,1569347.9563,5176256.0391
"POINT (1574379.1698 5180303.7713)",329300,Linwood East,0.91216529,0.91216529,-43.529768336876614,172.68292864703682,1574379.1697999998,5180303.7712936755,1574379.1698,5180303.7713
"POINT (1571209.3329 5178027.35175)",329400,Sydenham North,0.48328896,0.48328896,-43.55014984841715,172.64358021983506,1571209.3329000021,5178027.351739384,1571209.3329,5178027.35175
"POINT (1568657.8171 5175610.42895)",329500,Hoon Hay South,0.79560727,0.79560727,-43.57180898435893,172.6118542255915,1568657.8171000006,5175610.428929474,1568657.8171,5175610.42895
"POINT (1572545.01285 5178781.78735)",329600,Charleston (Christchurch City),0.36094657,0.36094657,-43.54340720985391,172.6601534073429,1572545.0128292306,5178781.787325,1572545.01285,5178781.78735
"POINT (1571019.6405 5177577.02585)",329700,Sydenham South,0.55360982,0.55360982,-43.55419725660782,172.641207876417,1571019.640492618,5177577.025850003,1571019.6405,5177577.02585
"POINT (1576134.7623 5181405.66535)",329800,Bexley,0.8988086,0.8988086,-43.519904912320186,172.70470314048586,1576134.7622901085,5181405.665349999,1576134.7623,5181405.66535
"POINT (1571976.1104 5178133.25115)",329900,Waltham,0.5882026,0.5882026,-43.54922552141492,172.6530779894495,1571976.1103831623,5178133.251149999,1571976.1104,5178133.25115
"POINT (1568429.5503 5174273.74075)",330000,Westmorland,5.55762522,5.55762522,-43.58383484928709,172.6089495219252,1568429.5503000002,5174273.740738453,1568429.5503,5174273.74075
"POINT (1573797.4097 5179117.07965)",330100,Woolston North,1.29547609,1.29547609,-43.54043323595152,172.67567190929856,1573797.4096934274,5179117.07965,1573797.4097,5179117.07965
"POINT (1578140.92065 5182147.2002)",330200,New Brighton,1.76101132,1.76101132,-43.51328941837745,172.7295559060156,1578140.9206499993,5182147.2001806935,1578140.92065,5182147.2002
"POINT (1570017.55575 5175042.28195)",330300,Cashmere West,2.38126637,2.38126637,-43.57698050395971,172.62866162202158,1570017.5557500059,5175042.281972963,1570017.55575,5175042.28195
"POINT (1574861.6422 5179529.3101)",330400,Bromley South,1.24298994,1.24298994,-43.53675807639014,172.68886356302673,1574861.6422,5179529.310101115,1574861.6422,5179529.3101
"POINT (1573226.6041 5178293.0806)",330500,Ensors,0.87364461,0.87364461,-43.54783232947988,172.66856611279863,1573226.6040790412,5178293.0806,1573226.6041,5178293.0806
"POINT (1571126.51945 5176459.5193)",330600,Beckenham,0.87659434,0.87659434,-43.564263465385416,172.642471576728,1571126.519450008,5176459.519295615,1571126.51945,5176459.5193
"POINT (1576283.58875 5179610.94905)",330700,Bromley North,6.22879283,6.22879283,-43.53606952652559,172.70646626951333,1576283.5887499996,5179610.9490571115,1576283.58875,5179610.94905
"POINT (1572050.6956 5177246.08595)",330800,St Martins,1.04566736,1.04566736,-43.55721640092106,172.65395559753813,1572050.6956000002,5177246.08594116,1572050.6956,5177246.08595
"POINT (1572727.06145 5177372.0487)",330900,Opawa,0.81403259,0.81403259,-43.55610726444206,172.66233596980746,1572727.06145,5177372.048688456,1572727.06145,5177372.0487
"POINT (1573949.6617 5177896.48525)",331000,Woolston West,0.51495272,0.51495272,-43.55142890194104,172.6774978244315,1573949.66168939,5177896.48525,1573949.6617,5177896.48525
"POINT (1574729.44695 5178155.06)",331100,Woolston East,1.2754992,1.2754992,-43.5491274951806,172.68716343416605,1574729.4469499998,5178155.060002662,1574729.44695,5178155.06
"POINT (1571811.81285 5175935.79105)",331200,Huntsbury,1.36516963,1.36516963,-43.569005350147016,172.65092989578505,1571811.812849986,5175935.791028152,1571811.81285,5175935.79105
"POINT (1570895.37465 5174884.783)",331300,Cashmere East,2.33083863,2.33083863,-43.57843341945368,172.63952490443617,1570895.374671666,5174884.783,1570895.37465,5174884.783
"POINT (1573359.21465 5176899.81905)",331400,Hillsborough (Christchurch City),1.64399452,1.64399452,-43.56038209486985,172.67013928317274,1573359.2146499997,5176899.819037184,1573359.21465,5176899.81905
"POINT (1574491.21745 5176800.6669)",331500,Woolston South,2.40401821,2.40401821,-43.56131444654139,172.6841506304022,1574491.2174362494,5176800.666900028,1574491.21745,5176800.6669
"POINT (1572826.2605 5172974.4393)",331600,Port Hills,44.48171644,44.48171644,-43.59570706966963,172.6633436035875,1572826.26049148,5172974.439300001,1572826.2605,5172974.4393
"POINT (1578924.82445 5180149.87935)",331700,South New Brighton,2.76495818,2.76495818,-43.531296166690574,172.73917692592804,1578924.82445,5180149.879336908,1578924.82445,5180149.87935
"POINT (1575815.83675 5176923.9498)",331800,Brookhaven-Ferrymead,2.67254053,2.67254053,-43.560248530876144,172.70055731833202,1575815.8367500002,5176923.9497921225,1575815.83675,5176923.9498
"POINT (1576740.0986 5175011.4769)",331900,Heathcote Valley,4.18072939,4.18072939,-43.57749798507984,172.71191910846957,1576740.0985890655,5175011.4769,1576740.0986,5175011.4769
"POINT (1577392.485 5176312.84375)",332000,Mount Pleasant,2.47292732,2.47292732,-43.56580044830885,172.72005329498722,1577392.4850249996,5176312.843770624,1577392.485,5176312.84375
"POINT (1578364.2347 5176456.64605)",332100,Redcliffs,1.85691569,1.85691569,-43.56453446895449,172.7320919845331,1578364.2346999983,5176456.646041129,1578364.2347,5176456.64605
"POINT (1571690.07075 5169709.59535)",332200,Governors Bay,3.21975959,3.21975959,-43.62506126710398,172.64909669891875,1571690.0707500011,5169709.59534391,1571690.07075,5169709.59535
"POINT (1592624.0383 5167463.37195)",332300,Inlets other Christchurch City,0,36.58700965,-43.64578842107983,172.90854304866644,1592624.0382999997,5167463.371946011,1592624.0383,5167463.37195
"POINT (1579509.7855 5175551.06005)",332400,Clifton Hill,2.56194216,2.56194216,-43.57272081809931,172.7462425641964,1579509.785505936,5175551.0600499995,1579509.7855,5175551.06005
"POINT (1576913.00645 5172233.58545)",332500,Lyttelton,4.45376131,4.45376131,-43.60251562318415,172.71394216245915,1576913.006428548,5172233.58545,1576913.00645,5172233.58545
"POINT (1573158.84245 5169460.90615)",332600,Inlet Port Lyttelton,0,42.65055545,-43.62735488356907,172.66728955330274,1573158.8424614137,5169460.90615,1573158.84245,5169460.90615
"POINT (1581203.6564 5175164.2235)",332700,Sumner,2.63994355,2.63994355,-43.57624857173006,172.7672064135446,1581203.656406678,5175164.2235,1581203.6564,5175164.2235
"POINT (1576110.2027 5165891.81615)",332800,Teddington,46.15547118,46.15547118,-43.6595914201223,172.7037148308968,1576110.202696608,5165891.81615,1576110.2027,5165891.81615
"POINT (1577844.9343 5169126.8104)",332900,Diamond Harbour,4.06451978,4.06451978,-43.63051737467066,172.72536173446312,1577844.9342999994,5169126.81039306,1577844.9343,5169126.8104
"POINT (1562246.47715 5149310.64595)",333000,Inland water Lake Ellesmere/Te Waihora South,0,63.30783375,-43.80830718519687,172.53061464862395,1562246.477133552,5149310.64595,1562246.47715,5149310.64595
"POINT (1580777.63535 5151650.6752)",333100,Banks Peninsula South,371.90876014,377.85763862,-43.78795215533541,172.7610915088009,1580777.6353708482,5151650.6752,1580777.63535,5151650.6752
"POINT (1594461.86715 5164129.94335)",333200,Eastern Bays-Banks Peninsula,368.22831163,368.22831163,-43.67581870458307,172.9312966516614,1594461.8671499963,5164129.943362937,1594461.86715,5164129.94335
"POINT (1596239.1723 5145706.34535)",333300,Akaroa Harbour,162.25415912,162.25415912,-43.84171384998083,172.95321594246582,1596239.1723000002,5145706.345341253,1596239.1723,5145706.34535
"POINT (1595218.4511 5150521.1458)",333400,Inlet Akaroa Harbour,0,44.26434418,-43.79835649611837,172.94056137245573,1595218.4510999997,5150521.145807634,1595218.4511,5150521.1458
"POINT (1597717.28995 5149587.3446)",333500,Akaroa,2.03033969,2.03033969,-43.80677620840086,172.9716200309581,1597717.2899514863,5149587.3445999995,1597717.28995,5149587.3446
"POINT (1488948.0574 5230596.0397)",333600,Craigieburn,3407.42882008,3444.16017829,-43.06921637632515,171.63601594487218,1488948.0573961618,5230596.0397,1488948.0574,5230596.0397
"POINT (1506677.84265 5201968.22465)",333700,Torlesse,414.2003312,414.2003312,-43.32933968142563,171.8488977915381,1506677.8426445452,5201968.224649999,1506677.84265,5201968.22465
"POINT (1499763.4406 5185734.58475)",333800,Glenroy-Hororata,644.35235632,644.35235632,-43.47459055587154,171.76065365604995,1499763.4406240117,5185734.58475,1499763.4406,5185734.58475
"POINT (1519875.12135 5185306.8139)",333900,Glentunnel,159.68294866,159.68294866,-43.48086647078079,172.00921471347516,1519875.1213530423,5185306.8138999995,1519875.12135,5185306.8139
"POINT (1527152.6411 5183922.47645)",334000,Darfield,15.14334168,15.14334168,-43.494074251615466,172.0990082491744,1527152.6411143085,5183922.47645,1527152.6411,5183922.47645
"POINT (1535284.9442 5186063.6696)",334100,Kirwee,97.18899939,97.18899939,-43.47554443398045,172.19983456609373,1535284.9441981525,5186063.669600001,1535284.9442,5186063.6696
"POINT (1524349.7497 5165014.253)",334200,Bankside,359.56369825,359.56369825,-43.66402600922098,172.06170600334983,1524349.7496992976,5165014.2530000005,1524349.7497,5165014.253
"POINT (1530050.653 5175658.16945)",334300,Charing Cross,168.67829573,168.67829573,-43.568756438673624,172.13378306883305,1530050.6530117053,5175658.16945,1530050.653,5175658.16945
"POINT (1547516.9537 5184209.3561)",334400,Halkett,86.01209235,86.01209235,-43.49319850809251,172.3508871136333,1547516.9537088089,5184209.356100002,1547516.9537,5184209.3561
"POINT (1542800.5976 5174711.56325)",334500,Newtons Road,153.13874701,153.13874701,-43.57836640539645,172.29155875010701,1542800.597621757,5174711.56325,1542800.5976,5174711.56325
"POINT (1548586.48355 5180819.7737)",334600,West Melton,5.31938768,5.31938768,-43.523791723157565,172.36379382562123,1548586.4835499953,5180819.773719902,1548586.48355,5180819.7737
"POINT (1543756.15585 5170635.11375)",334700,Burnham Camp,1.49394208,1.49394208,-43.61514136077613,172.30296937153534,1543756.1558305658,5170635.11375,1543756.15585,5170635.11375
"POINT (1549333.17255 5174227.05475)",334800,Rolleston Izone,2.4331473,2.4331473,-43.58320146215239,172.37241733542038,1549333.1725506254,5174227.054749999,1549333.17255,5174227.05475
"POINT (1548432.7147 5172269.10945)",334900,Rolleston North West,1.50658248,1.50658248,-43.600768239585044,172.3610780559223,1548432.714693836,5172269.109449999,1548432.7147,5172269.10945
"POINT (1551558.0707 5164264.39105)",335000,Springston,119.1198356,119.1198356,-43.67304928060753,172.39908144369986,1551558.0707095498,5164264.39105,1551558.0707,5164264.39105
"POINT (1549821.62675 5172381.5876)",335100,Rolleston Central,1.60115418,1.60115418,-43.59985040722291,172.37829618124542,1549821.6267616185,5172381.5876,1549821.62675,5172381.5876
"POINT (1551098.09055 5173361.7296)",335200,Rolleston North East,2.85581157,2.85581157,-43.59111046526158,172.394199064956,1551098.0905482736,5173361.7296,1551098.09055,5173361.7296
"POINT (1549421.11415 5170500.44915)",335300,Rolleston South West,3.59540086,3.59540086,-43.61676031358086,172.3731583015227,1549421.1141500003,5170500.449131105,1549421.11415,5170500.44915
"POINT (1536389.6914 5150612.7946)",335400,Southbridge,361.56215108,361.56215108,-43.79481166485756,172.20931882478152,1536389.6913999997,5150612.794593817,1536389.6914,5150612.7946
"POINT (1552104.3082 5171078.55235)",335500,Rolleston South East,10.08256188,10.08256188,-43.611732779116764,172.40646144609198,1552104.3081939104,5171078.55235,1552104.3082,5171078.55235
"POINT (1556554.58275 5172322.02845)",335600,Trents,49.95590515,49.95590515,-43.60080986949098,172.46170798248096,1556554.5827499996,5172322.028460338,1556554.58275,5172322.02845
"POINT (1560204.9643 5174746.568)",335700,Prebbleton,5.09915758,5.09915758,-43.57918375024843,172.50711294024015,1560204.9642999999,5174746.56797993,1560204.9643,5174746.568
"POINT (1546459.9901 5156108.9051)",335800,Irwell,128.14982826,128.14982826,-43.74612614358792,172.33503280597253,1546459.9901000005,5156108.905110508,1546459.9901,5156108.9051
"POINT (1561275.71105 5168393.4318)",335900,Ladbrooks,50.03923547,50.03923547,-43.63644260922416,172.5199196195799,1561275.7110500003,5168393.431793519,1561275.71105,5168393.4318
"POINT (1557676.83875 5167835.39265)",336000,Lincoln West,4.07103588,4.07103588,-43.641270955857806,172.47526101164758,1557676.8387500006,5167835.3926488655,1557676.83875,5167835.39265
"POINT (1559082.0182 5168216.41695)",336100,Lincoln East,4.98779504,4.98779504,-43.63791895947401,172.49271115253143,1559082.0182000003,5168216.416932266,1559082.0182,5168216.41695
"POINT (1543396.03495 5154256.29315)",336200,Leeston,2.43680185,2.43680185,-43.76257789537764,172.29678592144484,1543396.0349499998,5154256.293155417,1543396.03495,5154256.29315
"POINT (1566494.65115 5164832.00555)",336300,Tai Tapu,56.81296525,56.81296525,-43.66876246021551,172.5843980120894,1566494.6511499998,5164832.005536215,1566494.65115,5164832.00555
"POINT (1562147.15805 5158933.5059)",336400,Motukarara,64.6356206,64.6356206,-43.72166193982144,172.53005861952232,1562147.1580731613,5158933.5059,1562147.15805,5158933.5059
"POINT (1555030.76995 5151509.52)",336500,Inland water Lake Ellesmere/Te Waihora North,0,135.00717847,-43.788106194861705,172.44109101248912,1555030.7699414014,5151509.52,1555030.76995,5151509.52
"POINT (1446020.57545 5189819.1678)",336600,Ashburton Lakes,2995.11405477,3002.08023866,-43.428701697020124,171.09761581422222,1446020.5754748934,5189819.167800001,1446020.57545,5189819.1678
"POINT (1493799.8798 5163462.98445)",336700,Cairnbrae,542.75539775,542.75539775,-43.67425234187663,171.68257344516178,1493799.8798,5163462.984473025,1493799.8798,5163462.98445
"POINT (1476073.47345 5153146.704)",336800,Ashburton Forks,858.450443,858.450443,-43.76436072470358,171.46037120847365,1476073.473449998,5153146.70401738,1476073.47345,5153146.704
"POINT (1490201.5422 5167963.0994)",336900,Methven,4.18282463,4.18282463,-43.63322139650506,171.63886318990998,1490201.5421801922,5167963.0994,1490201.5422,5167963.0994
"POINT (1478210.8795 5125643.03345)",337000,Ealing-Lowcliffe,413.21879132,413.21879132,-44.01226286329177,171.48063551323133,1478210.8795000003,5125643.03347199,1478210.8795,5125643.03345
"POINT (1491543.0519 5132332.3618)",337100,Eiffelton,434.14680861,435.0087906,-43.954142535881566,171.64827776887694,1491543.0519000005,5132332.361814013,1491543.0519,5132332.3618
"POINT (1517472.13695 5144478.661)",337200,Chertsey,572.51139594,572.51139594,-43.84816473393756,171.9732590717884,1517472.1369500004,5144478.661008569,1517472.13695,5144478.661
"POINT (1506000.9557 5131548.72465)",337300,Winchmore-Wakanui,312.07354733,312.07354733,-43.96318598280349,171.82829096838853,1506000.9556999998,5131548.724652277,1506000.9557,5131548.72465
"POINT (1499167.51305 5140448.27325)",337400,Allenton North,2.09646424,2.09646424,-43.88217189519427,171.74481655089457,1499167.5130589646,5140448.273250001,1499167.51305,5140448.27325
"POINT (1498344.3656 5139463.24205)",337500,Allenton South,2.92667453,2.92667453,-43.890925647457905,171.7343845525448,1498344.3656142321,5139463.24205,1498344.3656,5139463.24205
"POINT (1520104.4716 5155842.6249)",337600,Rakaia,11.30140458,11.30140458,-43.746150447801,172.00769797529153,1520104.4715870516,5155842.6249,1520104.4716,5155842.6249
"POINT (1504058.7957 5140571.47295)",337700,Ashburton North,20.64829883,20.64829883,-43.88171538513926,171.80571299189216,1504058.7957123145,5140571.47295,1504058.7957,5140571.47295
"POINT (1500193.01095 5139496.71935)",337800,Allenton East,1.23589573,1.23589573,-43.89087686079467,171.75740110530114,1500193.01095,5139496.719354553,1500193.01095,5139496.71935
"POINT (1497419.97545 5136989.63175)",337900,Tinwald North,1.90350444,1.90350444,-43.913063634116654,171.7224025390761,1497419.9754702859,5136989.631750001,1497419.97545,5136989.63175
"POINT (1499005.5382 5137542.9614)",338000,Ashburton Central,2.5629037,2.5629037,-43.90830190703188,171.74225032562154,1499005.5382000003,5137542.961420378,1499005.5382,5137542.9614
"POINT (1499201.8104 5138642.18445)",338100,Ashburton West,0.45251945,0.45251945,-43.898434127465976,171.7449019799457,1499201.8104000005,5138642.184457866,1499201.8104,5138642.18445
"POINT (1496184.1573 5136180.1482)",338200,Tinwald South,2.79307049,2.79307049,-43.92017697238451,171.70685690531982,1496184.1573226918,5136180.1482,1496184.1573,5136180.1482
"POINT (1499894.47665 5137771.68025)",338300,Ashburton East,0.77867209,0.77867209,-43.90636439057253,171.75336122812055,1499894.4766499999,5137771.680228936,1499894.47665,5137771.68025
"POINT (1500881.5905 5138471.3749)",338400,Netherby,1.09301422,1.09301422,-43.900199471953314,171.76578131555803,1500881.5905000002,5138471.374923765,1500881.5905,5138471.3749
"POINT (1500165.8541 5137205.74065)",338500,Hampstead,1.4410195,1.4410195,-43.911495527652065,171.7566339105354,1500165.8540811911,5137205.74065,1500165.8541,5137205.74065
"POINT (1427118.89315 5160274.54015)",338600,Ben McLeod,842.34141983,842.34141983,-43.69041962712636,170.85482563444987,1427118.8931451384,5160274.54015,1427118.89315,5160274.54015
"POINT (1454998.2614 5121534.9889)",338700,Arundel,629.0307862,629.0307862,-44.045014255359305,171.19005598692416,1454998.2614017832,5121534.9889,1454998.2614,5121534.9889
"POINT (1441818.0055 5093525.54875)",338800,Levels Valley,386.37963232,386.37963232,-44.29431548139659,171.01720153638425,1441818.005499999,5093525.548747964,1441818.0055,5093525.54875
"POINT (1459504.606 5116570.96255)",338900,Geraldine,3.12428734,3.12428734,-44.09056346394375,171.24495878754274,1459504.6059999997,5116570.96255036,1459504.606,5116570.96255
"POINT (1464502.4405 5114157.91415)",339000,Rangitata,172.13007105,172.13007105,-44.11322132502278,171.30674339723382,1464502.4404851468,5114157.91415,1464502.4405,5114157.91415
"POINT (1460091.96825 5106355.41215)",339100,Waitohi (Timaru District),371.70240733,371.70240733,-44.18260659116651,171.2495781495207,1460091.9682273392,5106355.412149999,1460091.96825,5106355.41215
"POINT (1451292.82905 5097912.41795)",339200,Pleasant Point,5.20861311,5.20861311,-44.2568405737219,171.13715124866474,1451292.8290500385,5097912.417950001,1451292.82905,5097912.41795
"POINT (1462455.24315 5100194.87325)",339300,Temuka West,4.07223362,4.07223362,-44.23849507055845,171.277516776862,1462455.243150001,5100194.873228744,1462455.24315,5100194.87325
"POINT (1454667.1411 5087963.65975)",339400,Hadlow,93.74147049,93.74147049,-44.347045568716396,171.17662999682386,1454667.1410923488,5087963.65975,1454667.1411,5087963.65975
"POINT (1461197.9508 5093167.33545)",339500,Levels,88.02671306,88.02671306,-44.30149692102749,171.2599133526359,1461197.9508011495,5093167.335449999,1461197.9508,5093167.33545
"POINT (1464287.0024 5099351.2988)",339600,Temuka East,4.29829941,4.29829941,-44.24643006159602,171.30022732187373,1464287.0024151164,5099351.2988,1464287.0024,5099351.2988
"POINT (1455169.3376 5085212.30885)",339700,Gleniti North,5.45839314,5.45839314,-44.371903720123846,171.1821618955694,1455169.337619238,5085212.30885,1455169.3376,5085212.30885
"POINT (1460501.8538 5087053.8677)",339800,Washdyke,10.65741138,10.65741138,-44.35637745585952,171.2495548735413,1460501.8537999997,5087053.867695903,1460501.8538,5087053.8677
"POINT (1455874.7699 5077064.2844)",339900,Fairview,98.36975006,98.36975006,-44.44536314381628,171.1887497261204,1455874.7699085956,5077064.2844,1455874.7699,5077064.2844
"POINT (1456179.35425 5084069.5781)",340000,Gleniti South,1.73692412,1.73692412,-44.382387525137204,171.1945167679141,1456179.3542500003,5084069.578089666,1456179.35425,5084069.5781
"POINT (1457348.4775 5083466.19325)",340100,Glenwood,1.04957951,1.04957951,-44.388048089196474,171.20902085835772,1457348.4774999996,5083466.193258616,1457348.4775,5083466.19325
"POINT (1458500.1592 5084524.6912)",340200,Marchwiel West,0.84044759,0.84044759,-44.37874888673758,171.22376132177226,1458500.1592000045,5084524.691182315,1458500.1592,5084524.6912
"POINT (1459333.78915 5084736.1494)",340300,Marchwiel East,0.93109401,0.93109401,-44.377008275008876,171.23427807599893,1459333.7891416608,5084736.1493999995,1459333.78915,5084736.1494
"POINT (1458262.00985 5083911.7029)",340400,Highfield North,1.41108191,1.41108191,-44.384218378066414,171.22060616096306,1458262.0098629321,5083911.7029,1458262.00985,5083911.7029
"POINT (1458130.3754 5082844.10475)",340500,Highfield South,0.95030675,0.95030675,-44.39379944769056,171.218662958867,1458130.3754173596,5082844.104749999,1458130.3754,5082844.10475
"POINT (1459977.6764 5083983.4758)",340600,Waimataitai-Maori Hill,1.49774365,1.49774365,-44.383905967030145,171.24215401715972,1459977.6763999998,5083983.475817956,1459977.6764,5083983.4758
"POINT (1458977.523 5082672.9484)",340700,Fraser Park,1.21556866,1.21556866,-44.39550497466303,171.22924835200592,1458977.5229999963,5082672.948411796,1458977.523,5082672.9484
"POINT (1460001.9704 5082676.888)",340800,Seaview,0.73492871,0.73492871,-44.39566818522635,171.242106867884,1460001.970399993,5082676.887993475,1460001.9704,5082676.888
"POINT (1461491.34545 5083463.371)",340900,Inlet Port Timaru,0,0.49029495,-44.38887707296298,171.26100933186024,1461491.3454500004,5083463.371012019,1461491.34545,5083463.371
"POINT (1459190.3537 5081562.9287)",341000,Watlington,1.20719933,1.20719933,-44.40553496869642,171.23161855920915,1459190.3537000022,5081562.928711446,1459190.3537,5081562.9287
"POINT (1460723.02885 5082466.7332)",341100,Timaru Central,0.8240427,0.8240427,-44.39769826165118,171.25110033065587,1460723.0288449884,5082466.7332000015,1460723.02885,5082466.7332
"POINT (1460887.7983 5079972.11135)",341200,Timaru East,3.596137,3.73207634,-44.42017819558692,171.25249991862606,1460887.7983,5079972.111351505,1460887.7983,5079972.11135
"POINT (1460405.5356 5081708.66695)",341300,Parkside,1.1472002,1.1472002,-44.40445873569871,171.24691167018173,1460405.535601607,5081708.6669499995,1460405.5356,5081708.66695
"POINT (1460435.63815 5080905.3569)",341400,Kensington (Timaru District),0.72551225,0.72551225,-44.411693237573786,171.24707358927301,1460435.6381699566,5080905.3569,1460435.63815,5080905.3569
"POINT (1381348.44785 5126960.52575)",341500,Mackenzie Lakes,5134.28848751,5169.24405357,-43.977970341394865,170.27383776379554,1381348.4478499992,5126960.525735391,1381348.44785,5126960.52575
"POINT (1373627.2086 5119808.02085)",341600,Inland water Lake Pukaki,0,172.82436001,-44.03995318930767,170.1746284907197,1373627.2085999986,5119808.020830642,1373627.2086,5119808.02085
"POINT (1400441.4398 5138613.0324)",341700,Inland water Lake Tekapo,0,93.86417969,-43.87858478122649,170.5160267598772,1400441.4398000026,5138613.03241692,1400441.4398,5138613.0324
"POINT (1367518.58745 5094671.4273)",341800,Twizel,21.07146234,23.10237334,-44.26406306873184,170.08737797077148,1367518.5874597821,5094671.4273,1367518.58745,5094671.4273
"POINT (1432308.34565 5128557.35855)",341900,Opua (Mackenzie District),1978.37942911,1978.37942911,-43.97699440416757,170.9092314502335,1432308.345649999,5128557.358540406,1432308.34565,5128557.35855
"POINT (1425312.75525 5115232.68825)",342000,Fairlie,4.95308417,4.95308417,-44.09524667691512,170.8176747053142,1425312.755253648,5115232.6882500015,1425312.75525,5115232.68825
"POINT (1411818.8648 5059689.8652)",342100,Hakataramea,2059.65432342,2088.31124733,-44.591528537195245,170.6291732007378,1411818.8648000003,5059689.865180369,1411818.8648,5059689.8652
"POINT (1438332.2678 5071150.89565)",342200,Maungati,696.26398702,696.26398702,-44.49485868977619,170.96657294435386,1438332.2677999893,5071150.895641712,1438332.2678,5071150.89565
"POINT (1448408.73985 5072061.8117)",342300,Lyalldale,109.32700697,109.32700697,-44.48884821518068,171.0935079311013,1448408.7398429264,5072061.8116999995,1448408.73985,5072061.8117
"POINT (1447067.1921 5048247.5779)",342400,Makikihi-Willowbridge,294.9108799,294.9108799,-44.70283319934742,171.06956185065894,1447067.1921146358,5048247.577899999,1447067.1921,5048247.5779
"POINT (1444004.13855 5045466.2778)",342500,Waimate North,4.46429085,4.46429085,-44.727196757383986,171.03007104618385,1444004.1385376975,5045466.277799999,1444004.13855,5045466.2778
"POINT (1439744.73205 5031702.30745)",342600,Morven-Glenavy-Ikawai,386.31251307,386.31251307,-44.850085821815085,170.97198275135776,1439744.7320688944,5031702.30745,1439744.73205,5031702.30745
"POINT (1444704.9817 5044943.39845)",342700,Waimate West,0.9267257,0.9267257,-44.73205342409095,171.03875713322762,1444704.9817,5044943.3984654285,1444704.9817,5044943.39845
"POINT (1445376.8307 5044389.6279)",342800,Waimate East,2.60293037,2.60293037,-44.737181122924554,171.04706933549954,1445376.8307000003,5044389.627885099,1445376.8307,5044389.6279
"POINT (2486126.14125 5077889.59025)",342900,Oceanic Chatham Islands,0,12583.8398682,-43.916040755649334,-175.96535686222091,2486126.176985204,5077889.393750001,2486126.14125,5077889.59025
"POINT (2441462.5314 5085509.174)",343000,Chatham Islands,793.94659384,993.8493519,-43.90068999666136,-176.52407663858173,2441462.55265,5085509.045836716,2441462.5314,5085509.174
"POINT (1360545.8094 5067197.44855)",343100,Aviemore,3483.63797474,3532.6404532,-44.50880788982892,169.98748442122198,1360545.8094000001,5067197.448550988,1360545.8094,5067197.44855
"POINT (1348335.02955 5097653.52985)",343200,Inland water Lake Ohau,0,59.76085292,-44.230878395967984,169.84881869383125,1348335.0295536332,5097653.529850006,1348335.02955,5097653.52985
"POINT (1409536.27175 5026148.72505)",343300,Danseys Pass,711.49333783,711.49333783,-44.89261015400108,170.5879219271269,1409536.2717450592,5026148.725049997,1409536.27175,5026148.72505
"POINT (1417183.12955 5006597.9955)",343400,Ngapara,1134.59407083,1134.59407083,-45.07046435954375,170.677590206095,1417183.1295688287,5006597.995500002,1417183.12955,5006597.9955
"POINT (1444136.87635 5015754.185)",343500,Lower Waitaki,172.93549806,172.93549806,-44.99453948153174,171.02261393380425,1444136.8763500003,5015754.18500388,1444136.87635,5015754.185
"POINT (1410579.18165 4974694.32105)",343600,Waihemo,1312.35820393,1312.35820393,-45.355657050854994,170.58163302468165,1410579.18163127,4974694.32105,1410579.18165,4974694.32105
"POINT (1427130.9374 4990774.84495)",343700,Maheno,262.42151874,262.42151874,-45.215293849184064,170.79839207518864,1427130.9373999988,4990774.844973875,1427130.9374,4990774.84495
"POINT (1437155.3888 5004729.54055)",343800,Weston,3.30651893,3.30651893,-45.09214953615495,170.93052443334255,1437155.3888000015,5004729.540536739,1437155.3888,5004729.54055
"POINT (1442378.03 5007774.2227)",343900,Oamaru North Milner Park,7.13438315,7.13438315,-45.06594182114698,170.99781115587444,1442378.0300000003,5007774.222697981,1442378.03,5007774.2227
"POINT (1440968.01175 5006148.28165)",344000,Oamaru North Orana Park,2.76059371,2.76059371,-45.08025378991727,170.9793959594355,1440968.0117653082,5006148.28165,1440968.01175,5006148.28165
"POINT (1439355.43575 5004235.9233)",344100,Oamaru Gardens,1.42438176,1.42438176,-45.0970932356207,170.9583070539059,1439355.4357266212,5004235.9233,1439355.43575,5004235.9233
"POINT (1440215.67265 5004940.7787)",344200,Glen Warren,1.80084295,1.80084295,-45.090947160540274,170.96945804471534,1440215.672642186,5004940.7787,1440215.67265,5004940.7787
"POINT (1438519.31475 5002922.32795)",344300,Holmes Hill,2.61928692,2.61928692,-45.10871988890162,170.94726367929192,1438519.3147472483,5002922.32795,1438519.31475,5002922.32795
"POINT (1440503.28525 5004227.928)",344400,Oamaru Central,0.96438725,0.96438725,-45.09742497314022,170.97288378125234,1440503.28525,5004227.928013874,1440503.28525,5004227.928
"POINT (1439708.88925 5003076.12665)",344500,South Hill,1.44829725,1.44829725,-45.10760704252466,170.96242513078886,1439708.8892672663,5003076.12665,1439708.88925,5003076.12665
"POINT (1440806.0651 5003137.495)",344600,Inlet Port Oamaru,0,0.23233605,-45.107302887226176,170.97638288226872,1440806.0650805538,5003137.495,1440806.0651,5003137.495
"POINT (1421218.3758 4960868.24235)",344700,Palmerston,8.77063444,8.77063444,-45.48280460126685,170.71233478790273,1421218.375799994,4960868.24233095,1421218.3758,4960868.24235
"POINT (1306246.32695 5014111.24805)",344800,Lindis-Nevis Valleys,2884.62229617,2904.778319,-44.96566359407519,169.27511498967343,1306246.3269499997,5014111.248037869,1306246.32695,5014111.24805
"POINT (1298512.0707 5002788.98025)",344900,Cromwell West,12.03514156,12.03514156,-45.064119752797296,169.1704764144893,1298512.0707,5002788.980223465,1298512.0707,5002788.98025
"POINT (1301294.414 5005763.2858)",345000,Cromwell East,3.59440752,3.59440752,-45.03858300576497,169.20750858858005,1301294.4140000124,5005763.28576801,1301294.414,5005763.2858
"POINT (1343491.70215 5004906.45165)",345100,Manuherikia-Ida Valleys,2511.48365288,2511.48365288,-45.0628121027985,169.74188677712942,1343491.7021499947,5004906.451627215,1343491.70215,5004906.45165
"POINT (1304993.5535 4979598.8973)",345200,Earnscleugh,391.85621352,394.25674066,-45.275149252518574,169.23892219507223,1304993.5535000013,4979598.897251904,1304993.5535,4979598.8973
"POINT (1320579.7393 4986500.7293)",345300,Dunstan-Galloway,444.43764322,444.43764322,-45.21950928510797,169.4411156442972,1320579.739300001,4986500.729269495,1320579.7393,4986500.7293
"POINT (1311383.2327 4989000.93765)",345400,Clyde,2.0817272,2.0817272,-45.19334253296715,169.32566887446967,1311383.232730303,4989000.9376,1311383.2327,4989000.93765
"POINT (1316654.03245 4983611.7148)",345500,Alexandra North,4.61612472,4.61612472,-45.24389535633068,169.38956902392138,1316654.0324499996,4983611.714799974,1316654.03245,4983611.7148
"POINT (1315688.36755 4982521.0891)",345600,Alexandra South,5.14867358,5.14867358,-45.2533036440886,169.3766653524011,1315688.3675499998,4982521.0890929615,1315688.36755,4982521.0891
"POINT (1368251.49215 4987453.62645)",345700,Maniototo,2371.04327813,2371.04327813,-45.22824469589609,170.04784681681494,1368251.49215,4987453.626434736,1368251.49215,4987453.62645
"POINT (1321672.8989 4948142.6755)",345800,Teviot Valley,1302.49934543,1314.97606192,-45.56454882336661,169.43337456767992,1321672.8989041601,4948142.6755,1321672.8989,4948142.6755
"POINT (1291727.635 5095882.2361)",345900,Outer Wanaka,3175.99305056,3175.99305056,-44.2250602365505,169.1404261218831,1291727.6350000005,5095882.23603515,1291727.635,5095882.2361
"POINT (1236062.733 5041975.5123)",346000,Glenorchy,1464.37156618,1464.37156618,-44.68318679048323,168.40769825691956,1236062.732999999,5041975.512144733,1236062.733,5041975.5123
"POINT (1289099.52465 5051175.5389)",346100,Inland water Lake Wanaka,0,201.00413578,-44.625495373845055,169.0808181911397,1289099.52465,5051175.538837098,1289099.52465,5051175.5389
"POINT (1265048.086 5037921.5508)",346200,Outer Wakatipu,1880.05940322,1880.05940322,-44.73369321355461,168.76975527355066,1265048.086000001,5037921.550741507,1265048.086,5037921.5508
"POINT (1307604.3766 5072763.921)",346300,Inland water Lake Hawea,0,157.12279406,-44.43930592688752,169.3258253378351,1307604.3766090823,5072763.92095,1307604.3766,5072763.921
"POINT (1287480.52985 5033606.54325)",346400,Cardrona,858.05058563,858.05058563,-44.782581439071244,169.04972452600953,1287480.5298499996,5033606.543187128,1287480.52985,5033606.54325
"POINT (1247146.94345 4997493.5898)",346500,Inland water Lake Wakatipu,0,294.58265507,-45.087931671257316,168.5161642131649,1247146.9434697954,4997493.5896499995,1247146.94345,4997493.5898
"POINT (1293529.28245 5045888.68105)",346600,Wanaka Waterfront,3.89295707,3.89295707,-44.67488293830806,169.1333732423153,1293529.2824500003,5045888.681026183,1293529.28245,5045888.68105
"POINT (1295164.6864 5045529.69115)",346700,Wanaka North,7.76736301,7.76736301,-44.678803609713974,169.1537464191696,1295164.686399995,5045529.691098576,1295164.6864,5045529.69115
"POINT (1291980.0246 5042762.34195)",346800,Wanaka West,4.42402629,4.42402629,-44.70229978162766,169.11199067813573,1291980.0246131471,5042762.3419,1291980.0246,5042762.34195
"POINT (1297430.2092 5045094.12555)",346900,Albert Town,4.95955476,4.95955476,-44.68367444604883,169.182010759536,1297430.2091999995,5045094.125513567,1297430.2092,5045094.12555
"POINT (1294971.25375 5042429.5836)",347000,Wanaka Central,7.56235683,7.56235683,-44.70656682331284,169.14946384239587,1294971.2537500001,5042429.583570238,1294971.25375,5042429.5836
"POINT (1303805.18475 5053169.86635)",347100,Lake Hawea,2.38898384,2.38898384,-44.61378654095971,169.26694412420022,1303805.1847638385,5053169.866299993,1303805.18475,5053169.86635
"POINT (1305377.94965 5045882.80405)",347200,Upper Clutha Valley,161.06900552,161.06900552,-44.67989583543262,169.28253999334626,1305377.949649997,5045882.804011013,1305377.94965,5045882.80405
"POINT (1244053.79195 4987232.27655)",347300,Kingston,1012.53590033,1012.53590033,-45.178464224142644,168.4696811396985,1244053.7919867218,4987232.2764,1244053.79195,4987232.27655
"POINT (1258796.46015 5008579.64935)",347400,Arthurs Point,5.52130923,5.52130923,-44.994133043955024,168.67129214822535,1258796.4601760237,5008579.64925,1258796.46015,5008579.64935
"POINT (1265306.83205 5011601.01805)",347500,Wakatipu Basin,59.51702521,59.51702521,-44.97010752910819,168.75566281401692,1265306.8320469875,5011601.01795,1265306.83205,5011601.01805
"POINT (1261467.8102 5007094.1426)",347600,Queenstown Hill,15.40032986,15.40032986,-45.00874616282313,168.70408849151477,1261467.8102070205,5007094.142500001,1261467.8102,5007094.1426
"POINT (1258307.21985 5005377.521)",347700,Warren Park,0.93646739,0.93646739,-45.02264048964978,168.6629304707764,1258307.2198500019,5005377.520916479,1258307.21985,5005377.521
"POINT (1255954.05985 5003229.60515)",347800,Sunshine Bay-Fernhill,1.31223993,1.31223993,-45.040782459675896,168.631679482233,1255954.0598499996,5003229.605027156,1255954.05985,5003229.60515
"POINT (1271564.02625 5014762.2271)",347900,Arrowtown,2.36121673,2.36121673,-44.94464449453765,168.83685674823815,1271564.026267691,5014762.22705,1271564.02625,5014762.2271
"POINT (1264030.69195 5009503.45785)",348000,Quail Rise,6.26898212,6.26898212,-44.98833538398286,168.73812714575485,1264030.69195,5009503.457766691,1264030.69195,5009503.45785
"POINT (1257567.68895 5004062.31725)",348100,Queenstown Central,0.80516741,0.80516741,-45.03408917419154,168.65267546791347,1257567.6889605613,5004062.3171500005,1257567.68895,5004062.31725
"POINT (1259044.2992 5004297.49595)",348200,Queenstown East,0.97595775,0.97595775,-45.03268954558744,168.67152741917047,1259044.2992157293,5004297.49585,1259044.2992,5004297.49595
"POINT (1260349.0425 5004994.1682)",348300,Frankton Arm,1.20179441,1.20179441,-45.027061953508394,168.68851464333036,1260349.042497647,5004994.168099999,1260349.0425,5004994.1682
"POINT (1264212.43085 5006291.4394)",348400,Frankton,7.61602284,7.61602284,-45.01725561334274,168.73828501767986,1264212.430860159,5006291.4393,1264212.43085,5006291.4394
"POINT (1270269.7172 5010906.60635)",348500,Lake Hayes,5.92525278,8.76457562,-44.978661532445514,168.81797565091884,1270269.717200001,5010906.606254518,1270269.7172,5010906.60635
"POINT (1262667.96385 5003668.51945)",348600,Kelvin Heights,9.27575905,9.27575905,-45.04006835062676,168.71697893630864,1262667.963876511,5003668.51935,1262667.96385,5003668.51945
"POINT (1267208.3913 5007573.78545)",348700,Shotover Country,3.03647568,3.03647568,-45.00715476053829,168.7770526020545,1267208.3913218286,5007573.7853500005,1267208.3913,5007573.78545
"POINT (1268482.57325 5008139.5591)",348800,Lake Hayes Estate,1.93638722,1.93638722,-45.00267164101286,168.79354998714535,1268482.5732500008,5008139.559002564,1268482.57325,5008139.5591
"POINT (1263770.90435 5000396.0251)",348900,Jacks Point,14.47995059,14.47995059,-45.06996874072228,168.72875337231457,1263770.904349999,5000396.025006317,1263770.90435,5000396.0251
"POINT (1375737.48715 4942714.793)",349000,Strath Taieri,2114.97501667,2114.97501667,-45.632869050914124,170.1227054986633,1375737.4871500013,4942714.793020613,1375737.48715,4942714.793
"POINT (1409489.88505 4943568.1155)",349100,Bucklands Crossing,421.95631198,421.95631198,-45.635279194540665,170.5556509445331,1409489.885050001,4943568.115522009,1409489.88505,4943568.1155
"POINT (1418998.3953 4948370.2653)",349200,Waikouaiti,7.32819774,7.32819774,-45.59463533247526,170.6793297178599,1418998.3952999935,4948370.2652870435,1418998.3953,4948370.2653
"POINT (1382651.0803 4908444.30925)",349300,Momona,217.70291202,217.70291202,-45.94315750425789,170.19588081402577,1382651.0803,4908444.309242157,1382651.0803,4908444.30925
"POINT (1390083.8785 4917021.0394)",349400,Taieri,150.19445807,150.19445807,-45.868360849571346,170.29541455628413,1390083.8784911071,4917021.0394,1390083.8785,4917021.0394
"POINT (1411954.7497 4933204.96305)",349500,Inlets other Dunedin City,0,16.57097911,-45.72914546658174,170.5832364208038,1411954.7496999996,4933204.96303294,1411954.7497,4933204.96305
"POINT (1410943.06405 4926194.86275)",349600,Mount Cargill,129.73588294,129.73588294,-45.791908874620255,170.56750652893473,1410943.0640607188,4926194.8627499975,1410943.06405,4926194.86275
"POINT (1393412.60205 4916597.11725)",349700,Bush Road,0.87644249,0.87644249,-45.873178924590334,170.33807300003843,1393412.6020346954,4916597.11725,1393412.60205,4916597.11725
"POINT (1395461.0661 4917365.4112)",349800,Mosgiel East,3.34393766,3.34393766,-45.86688278050749,170.36476626035935,1395461.0661000004,4917365.411210375,1395461.0661,4917365.4112
"POINT (1394166.56725 4916142.0535)",349900,Mosgiel Central,1.23774547,1.23774547,-45.87749616429704,170.34758269354055,1394166.5672499998,4916142.053480284,1394166.56725,4916142.0535
"POINT (1394850.68285 4916257.7326)",350000,Seddon Park,1.55941559,1.55941559,-45.87666031003059,170.35643821543582,1394850.6828500004,4916257.73261364,1394850.68285,4916257.7326
"POINT (1397160.89865 4917546.86215)",350100,Wingatui,6.82243927,6.82243927,-45.86575409734235,170.3867198935143,1397160.898631217,4917546.86215,1397160.89865,4917546.86215
"POINT (1395381.74805 4913295.46025)",350200,Saddle Hill-Chain Hills,47.41585798,47.41585798,-45.90345206256941,170.36201276407073,1395381.748048605,4913295.46025,1395381.74805,4913295.46025
"POINT (1394470.436 4914733.4277)",350300,East Taieri,3.11997913,3.11997913,-45.89025176223816,170.35089186881865,1394470.4360182593,4914733.4277,1394470.436,4914733.4277
"POINT (1403446.49255 4918710.0684)",350400,Halfway Bush,1.70481455,1.70481455,-45.85711752411757,170.46809429759116,1403446.4925335338,4918710.0684,1403446.49255,4918710.0684
"POINT (1404712.86055 4919730.4544)",350500,Helensburgh,1.4613127,1.4613127,-45.8483024900256,170.48480498053416,1404712.8605499992,4919730.454376193,1404712.86055,4919730.4544
"POINT (1405755.19445 4920439.471)",350600,Glenleith,2.12369841,2.12369841,-45.842221626670685,170.49850266983626,1405755.1944499994,4920439.470982818,1405755.19445,4920439.471
"POINT (1398275.7423 4913268.538)",350700,Fairfield (Dunedin City),3.95623473,3.95623473,-45.90454902380943,170.3992723604196,1398275.7423215816,4913268.538000001,1398275.7423,4913268.538
"POINT (1415148.2116 4921863.17555)",350800,Inlet Otago Harbour,0,47.60293222,-45.83200188764746,170.61990457453402,1415148.2115955348,4921863.17555,1415148.2116,4921863.17555
"POINT (1402986.42815 4917644.1476)",350900,Brockville,1.47132967,1.47132967,-45.86657056437182,170.4617374502165,1402986.4281429322,4917644.1476,1402986.42815,4917644.1476
"POINT (1404830.9539 4918493.69345)",351000,Wakari,2.20630571,2.20630571,-45.85945677796576,170.48582308936767,1404830.9539,4918493.693443899,1404830.9539,4918493.69345
"POINT (1400270.2986 4914415.3013)",351100,Abbotsford,2.36459521,2.36459521,-45.894820149948764,170.42543767491327,1400270.2985883846,4914415.3013,1400270.2986,4914415.3013
"POINT (1394656.95485 4909421.4992)",351200,Brighton,3.39318287,3.39318287,-45.938066230749975,170.3510204484473,1394656.9548440445,4909421.4991999995,1394656.95485,4909421.4992
"POINT (1407357.1553 4920175.81915)",351300,Pine Hill-Dalmore,1.17720849,1.17720849,-45.845042044969965,170.51900774981027,1407357.1553000004,4920175.819144269,1407357.1553,4920175.81915
"POINT (1402869.7718 4914676.1837)",351400,Kaikorai-Bradford,3.43901745,3.43901745,-45.89322414805583,170.45901899450263,1402869.7718000002,4914676.183699136,1402869.7718,4914676.1837
"POINT (1405896.04535 4918609.00585)",351500,Maori Hill,1.01060743,1.01060743,-45.85872085199791,170.4995769088349,1405896.04535,4918609.005825968,1405896.04535,4918609.00585
"POINT (1405422.7103 4917727.23185)",351600,Roslyn (Dunedin City),1.29448954,1.29448954,-45.866516165136524,170.4931288001081,1405422.7102858718,4917727.23185,1405422.7103,4917727.23185
"POINT (1408171.6291 4920043.0808)",351700,North East Valley Chingford,1.0826699,1.0826699,-45.84646284915827,170.52943437814835,1408171.6291000005,4920043.080821721,1408171.6291,4920043.0808
"POINT (1412912.5479 4922229.7475)",351800,Roseneath-Sawyers Bay,4.96568148,4.96568148,-45.828102405200106,170.5912866859553,1412912.5478999992,4922229.74747559,1412912.5479,4922229.7475
"POINT (1409188.7677 4920536.9202)",351900,Normanby,1.41871037,1.41871037,-45.84230448624557,170.54271757778542,1409188.7677159132,4920536.9202,1409188.7677,4920536.9202
"POINT (1407671.67005 4919419.16765)",352000,North East Valley Knox,0.66777942,0.66777942,-45.851933822752905,170.52275226251027,1407671.670035962,4919419.167649999,1407671.67005,4919419.16765
"POINT (1404592.8748 4916823.74455)",352100,Belleknowes,1.12695016,1.12695016,-45.874405216210505,170.4820808350436,1404592.8748163995,4916823.74455,1404592.8748,4916823.74455
"POINT (1407451.856 4918668.71695)",352200,Gardens (Dunedin City),1.51165737,1.51165737,-45.85862057693957,170.51962349456676,1407451.8560185144,4918668.71695,1407451.856,4918668.71695
"POINT (1403544.8902 4915429.7031)",352300,Kenmure,1.10022034,1.10022034,-45.886641820022554,170.4680206459557,1403544.8901999963,4915429.703096416,1403544.8902,4915429.7031
"POINT (1406582.9966 4918100.96275)",352400,Campus West,0.32165944,0.32165944,-45.86348242853387,170.5082134607998,1406582.9965999997,4918100.962736841,1406582.9966,4918100.96275
"POINT (1400993.16985 4911716.54865)",352500,Waldronville,9.53866325,9.53866325,-45.91929533923399,170.43362745679178,1400993.1698759086,4911716.54865,1400993.16985,4911716.54865
"POINT (1401209.6111 4912989.1646)",352600,Green Island,3.64491392,3.64491392,-45.90791528987812,170.43694298765791,1401209.6111083701,4912989.1646,1401209.6111,4912989.1646
"POINT (1414834.14735 4924089.4996)",352700,Port Chalmers,3.2339918,3.2339918,-45.81189666734339,170.61671920224526,1414834.1473499988,4924089.499579016,1414834.14735,4924089.4996
"POINT (1406125.959 4917545.34695)",352800,Royal Terrace,0.2764839,0.2764839,-45.868350016771,170.50210720828125,1406125.9589999996,4917545.346969971,1406125.959,4917545.34695
"POINT (1405504.1523 4916775.4462)",352900,Arthur Street,0.71722271,0.71722271,-45.87509755931565,170.49379218459106,1405504.1523175854,4916775.4462,1405504.1523,4916775.4462
"POINT (1408929.4776 4919044.033)",353000,Opoho,2.35880595,2.35880595,-45.8556570966279,170.53878915992777,1408929.4776054765,4919044.033,1408929.4776,4919044.033
"POINT (1407437.7917 4917984.89105)",353100,Campus North,0.60673268,0.60673268,-45.864765686686084,170.51916885253297,1407437.791714765,4917984.89105,1407437.7917,4917984.89105
"POINT (1406964.3975 4917615.0919)",353200,Campus South,0.47018426,0.47018426,-45.86795841716963,170.51292740967952,1406964.3974995692,4917615.0919,1406964.3975,4917615.0919
"POINT (1404657.3806 4915517.94015)",353300,Mornington,1.06980458,1.06980458,-45.88616509882475,170.48238062258508,1404657.3806237536,4915517.94015,1404657.3806,4915517.94015
"POINT (1406317.12015 4916758.7306)",353400,Dunedin Central,1.3070742,1.3070742,-45.87547706333737,170.5042510107112,1406317.1201500003,4916758.73061644,1406317.12015,4916758.7306
"POINT (1404243.33965 4914880.21665)",353500,Maryhill,1.23501707,1.23501707,-45.891781717414474,170.47678980113187,1404243.3396489643,4914880.21665,1404243.33965,4914880.21665
"POINT (1410854.975 4919349.6573)",353600,Ravensbourne-St Leonards,4.90925957,4.90925957,-45.853440157445064,170.56368910886624,1410854.975,4919349.657322966,1410854.975,4919349.6573
"POINT (1408389.979 4917673.9541)",353700,Harbourside,2.7054949,2.7054949,-45.86782727391857,170.53130075884258,1408389.978999999,4917673.954109704,1408389.979,4917673.9541
"POINT (1405455.52285 4915744.4279)",353800,Fernhill,0.79443961,0.79443961,-45.88435463890835,170.49274895491942,1405455.5228499984,4915744.427908143,1405455.52285,4915744.4279
"POINT (1417313.00525 4917527.7545)",353900,Otago Peninsula,84.98696105,84.98696105,-45.87156725155903,170.64610881321784,1417313.005249998,4917527.754510169,1417313.00525,4917527.7545
"POINT (1403096.8292 4913452.25445)",354000,Concord,1.1631525,1.1631525,-45.904294322334295,170.46144104375531,1403096.8292,4913452.254472718,1403096.8292,4913452.25445
"POINT (1403652.85445 4913943.9712)",354100,Calton Hill,0.66409249,0.66409249,-45.90003191763514,170.46880352977556,1403652.8544407377,4913943.9712000005,1403652.85445,4913943.9712
"POINT (1404585.1767 4914345.2089)",354200,Caversham,0.70323849,0.70323849,-45.8966895725322,170.4809739762733,1404585.1767148627,4914345.208899999,1404585.1767,4914345.2089
"POINT (1406195.27905 4914878.0075)",354300,Hillside-Portsmouth Drive,1.37483404,1.37483404,-45.89235416829047,170.50192417335305,1406195.2790467371,4914878.0075,1406195.27905,4914878.0075
"POINT (1404572.17875 4913609.44055)",354400,Kew (Dunedin City),0.70651138,0.70651138,-45.903301754259935,170.48050717950363,1404572.1787644466,4913609.4405499995,1404572.17875,4913609.44055
"POINT (1403882.0585 4913056.1684)",354500,Corstorphine,0.8711156,0.8711156,-45.908080180139144,170.4713927580026,1403882.0584948447,4913056.1684,1403882.0585,4913056.1684
"POINT (1405346.46735 4913919.6857)",354600,Forbury,0.55507378,0.55507378,-45.900731651761056,170.49060551498687,1405346.4673500003,4913919.685722472,1405346.46735,4913919.6857
"POINT (1406049.14855 4914223.2695)",354700,Bathgate Park,0.53137439,0.53137439,-45.89820034857135,170.49977805872444,1406049.1485687995,4914223.2695,1406049.14855,4914223.2695
"POINT (1404448.6894 4912557.6096)",354800,St Clair,2.02846947,2.02846947,-45.912724469008786,170.4784882132851,1404448.6893946026,4912557.6096,1404448.6894,4912557.6096
"POINT (1408447.241 4915686.93775)",354900,Waverley,2.14698517,2.14698517,-45.885710804232474,170.53124624075704,1408447.2409759932,4915686.9377500005,1408447.241,4915686.93775
"POINT (1413280.5785 4917390.09885)",355000,Macandrew Bay-Company Bay,2.5809186,2.5809186,-45.871723387890555,170.59414404521104,1413280.5784999765,4917390.098831102,1413280.5785,4917390.09885
"POINT (1417589.18355 4920981.30645)",355100,Broad Bay-Portobello,3.59696267,3.59696267,-45.840582710205354,170.6509730674795,1417589.1835693144,4920981.30645,1417589.18355,4920981.30645
"POINT (1406073.7122 4913494.92145)",355200,St Kilda South,1.13620034,1.13620034,-45.9047565212602,170.4998002675342,1406073.7121870506,4913494.92145,1406073.7122,4913494.92145
"POINT (1407431.67135 4914313.23215)",355300,Musselburgh,0.57524802,0.57524802,-45.89777981779781,170.5176192612733,1407431.6713597828,4914313.23215,1407431.67135,4914313.23215
"POINT (1409270.8156 4915369.1544)",355400,Shiel Hill,1.37180667,1.37180667,-45.88879713165366,170.5417245388653,1409270.8155999999,4915369.154374635,1409270.8156,4915369.1544
"POINT (1407097.306 4913708.60145)",355500,St Kilda North,1.05786436,1.05786436,-45.90312298185719,170.51307021780238,1407097.3059813248,4913708.60145,1407097.306,4913708.60145
"POINT (1408488.02775 4914600.0434)",355600,Andersons Bay,1.2576674,1.2576674,-45.895495676060655,170.53133819065258,1408488.0277500006,4914600.043377444,1408488.02775,4914600.0434
"POINT (1408271.681 4913694.9898)",355700,Tainui,1.98803563,1.98803563,-45.90357376297109,170.5281907025541,1408271.6809951002,4913694.9898,1408271.681,4913694.9898
"POINT (1307276.64555 4908669.67185)",355800,West Otago,1374.56187455,1374.56187455,-45.91316485797459,169.22543837387553,1307276.6455499998,4908669.6718191905,1307276.64555,4908669.67185
"POINT (1344943.39325 4913675.7882)",355900,Tuapeka,1235.24675803,1256.74853109,-45.883186122318584,169.71292680215402,1344943.3932517082,4913675.788200002,1344943.39325,4913675.7882
"POINT (1322247.8698 4876994.1193)",356000,Clinton,839.66081045,839.66081045,-46.20390159147563,169.39962373648055,1322247.8698,4876994.119297023,1322247.8698,4876994.1193
"POINT (1337150.9722 4886847.357)",356100,Clutha Valley,747.33301687,747.33301687,-46.12129581165759,169.59791724067946,1337150.9722000011,4886847.356992524,1337150.9722,4886847.357
"POINT (1365924.3831 4891927.57545)",356200,Bruce,879.67792953,885.94596522,-46.08611035166433,169.97227730544208,1365924.383090855,4891927.575449999,1365924.3831,4891927.57545
"POINT (1322772.14175 4847109.3174)",356300,Catlins,1072.98704882,1072.98704882,-46.47254054191632,169.38875484898546,1322772.1417694176,4847109.317399999,1322772.14175,4847109.3174
"POINT (1365672.80565 4887952.05915)",356400,Milton,4.16487002,4.16487002,-46.12175435012044,169.96706726784566,1365672.8056500005,4887952.059149962,1365672.80565,4887952.05915
"POINT (1347475.7865 4873628.1035)",356500,Balclutha South,4.51738053,4.51738053,-46.243972644530004,169.72427240520955,1347475.7864785264,4873628.1035,1347475.7865,4873628.1035
"POINT (1349615.68555 4874930.9328)",356600,Balclutha North,3.06676179,3.06676179,-46.23305760045375,169.7526769647075,1349615.6855733558,4874930.932800006,1349615.68555,4874930.9328
"POINT (1351405.3704 4874633.90965)",356700,Benhar-Stirling,9.4832928,9.4832928,-46.236383122280834,169.77569410629505,1351405.3704,4874633.909633631,1351405.3704,4874633.90965
"POINT (1358074.0958 4871518.119)",356800,Kaitangata-Matau,163.71039295,163.71039295,-46.26678832697268,169.8604559412259,1358074.0958086113,4871518.119000001,1358074.0958,4871518.119
"POINT (1341811.7899 4847286.44785)",356900,Inlet Catlins,0,7.23246131,-46.47850697057589,169.63641751849158,1341811.7898956088,4847286.44785,1341811.7899,4847286.44785
"POINT (1162177.86695 4987113.5848)",357000,Fiordland,12042.3888983,12091.5396844,-45.133535238801514,167.4319724782175,1162177.8669498744,4987113.584042527,1162177.86695,4987113.5848
"POINT (1111453.78155 4919028.0008)",357100,Inlets Fiordland,0,854.05167507,-45.709558877468005,166.72311254833534,1111453.7814999993,4919027.998813503,1111453.78155,4919028.0008
"POINT (1185497.46965 4983329.9973)",357200,Inland water Lake Te Anau,0,344.40282964,-45.18150526425627,167.7241083414519,1185497.4696851356,4983329.9968,1185497.46965,4983329.9973
"POINT (1204564.3518 4984332.43695)",357300,Mararoa,2716.9438949,2727.28849551,-45.183456714426754,167.96662855053353,1204564.351799999,4984332.436626935,1204564.3518,4984332.43695
"POINT (1175356.54915 4944565.1842)",357400,Inland water Lake Manapouri,0,138.8476547,-45.52285253677461,167.56234196292758,1175356.5491696524,4944565.18355,1175356.54915,4944565.1842
"POINT (1187407.5935 4957604.65865)",357500,Te Anau,5.57469755,5.57469755,-45.413212091438716,167.72692890672374,1187407.5935402852,4957604.6581500005,1187407.5935,4957604.65865
"POINT (1189216.54405 4954279.1262)",357600,Whitestone,91.02317986,91.02317986,-45.44408362570009,167.7471781696862,1189216.5440500001,4954279.1257188395,1189216.54405,4954279.1262
"POINT (1242947.93275 4946308.85095)",357700,Mossburn,2740.55528789,2740.55528789,-45.54510446625462,168.42609620699986,1242947.9327544314,4946308.8508,1242947.93275,4946308.85095
"POINT (1158742.0524 4894697.0563)",357800,Inland water Lake Hauroko,0,71.10793822,-45.95919528964226,167.30524302797033,1158742.052379,4894697.055399999,1158742.0524,4894697.0563
"POINT (1188259.64845 4895484.49175)",357900,Longwood Forest,2198.42405823,2230.52935753,-45.97046288091742,167.68514806329742,1188259.6484500004,4895484.491224579,1188259.64845,4895484.49175
"POINT (1214505.87075 4902215.48465)",358000,Ohai-Nightcaps,948.81471909,948.81471909,-45.92534599119137,168.02801739057375,1214505.8707499972,4902215.484363606,1214505.87075,4902215.48465
"POINT (1276238.4873 4924457.393)",358100,Riversdale-Piano Flat,1578.8260167,1578.8260167,-45.757536632464465,168.83683278450982,1276238.4872999997,4924457.392931519,1276238.4873,4924457.393
"POINT (1261898.45925 4926802.9322)",358200,Lumsden-Balfour,767.62179088,767.62179088,-45.729625488472266,168.65459891420477,1261898.4592500022,4926802.932097923,1261898.45925,4926802.9322
"POINT (1237755.81005 4892201.92435)",358300,Oreti River,629.95443303,629.95443303,-46.027811733887965,168.31926599721348,1237755.8100500018,4892201.924169194,1237755.81005,4892201.92435
"POINT (1218047.6772 4871555.21185)",358400,Otautau,703.22598573,703.22598573,-46.202245638685895,168.04894984416055,1218047.6772000007,4871555.211550936,1218047.6772,4871555.21185
"POINT (1255276.3183 4883375.51405)",358500,Hedgehope,729.25978699,729.25978699,-46.11604944322509,168.53855548455834,1255276.3183188941,4883375.513900001,1255276.3183,4883375.51405
"POINT (1238903.69745 4879509.2699)",358600,Winton,3.07453728,3.07453728,-46.14227411031987,168.32441813659642,1238903.697450001,4879509.2697288785,1238903.69745,4879509.2699
"POINT (1239467.8405 4867800.44665)",358700,Waianiwa,228.59097719,228.59097719,-46.247601341304815,168.3227764375576,1239467.8405200718,4867800.446450001,1239467.8405,4867800.44665
"POINT (1216598.51625 4852682.92975)",358800,Riverton,8.74454549,8.74454549,-46.37063865717716,168.0148725239639,1216598.5162499999,4852682.929441292,1216598.51625,4852682.92975
"POINT (1235407.78115 4856814.25105)",358900,Wallacetown,89.78595911,89.78595911,-46.343973671565536,168.26177594389247,1235407.781187059,4856814.250849998,1235407.78115,4856814.25105
"POINT (1252306.29545 4862217.3645)",359000,Grove Bush,145.56352456,145.56352456,-46.30437810104754,168.48467598446442,1252306.2954638202,4862217.36435,1252306.29545,4862217.3645
"POINT (1268269.64605 4860632.37515)",359100,Edendale-Woodlands,385.3964417,385.3964417,-46.326593756247405,168.69025541840122,1268269.6460727728,4860632.37505,1268269.64605,4860632.37515
"POINT (1263671.21225 4832919.51725)",359200,Inlets other Southland District,0,31.84762774,-46.573005178173744,168.61072046769667,1263671.2122390335,4832919.51715,1263671.21225,4832919.51725
"POINT (1208719.5683 4788611.1848)",359300,Stewart Island,1747.73632959,1747.73632959,-46.94043600577994,167.85855016698594,1208719.5683,4788611.184387337,1208719.5683,4788611.1848
"POINT (1262518.57675 4842190.0162)",359400,Awarua Plains,409.09391302,409.09391302,-46.489244099638775,168.60245525539406,1262518.5767620604,4842190.0161,1262518.57675,4842190.0162
"POINT (1293460.9521 4844910.02135)",359500,Wyndham-Catlins,1381.83525395,1381.83525395,-46.479605310958796,169.00639155796608,1293460.9520999992,4844910.021294455,1293460.9521,4844910.02135
"POINT (1288659.8914 4905190.7439)",359600,Waikaka,586.76576918,586.76576918,-45.936226292436714,168.98370342003238,1288659.8914000024,4905190.743846635,1288659.8914,4905190.7439
"POINT (1285952.8532 4881540.114)",359700,Waimumu-Kaiwera,648.00837569,648.00837569,-46.147322303357626,168.93329633570295,1285952.853195116,4881540.113950001,1285952.8532,4881540.114
"POINT (1286405.30365 4887830.4912)",359800,Gore North,1.72781492,1.72781492,-46.09105824138406,168.9432937654988,1286405.3036472374,4887830.491149999,1286405.30365,4887830.4912
"POINT (1284907.70615 4886146.86165)",359900,Gore West,3.15771899,3.15771899,-46.10548423100557,168.9228544884104,1284907.706171169,4886146.8616,1284907.70615,4886146.86165
"POINT (1288035.84235 4888247.06205)",360000,East Gore,3.69861304,3.69861304,-46.0880643482133,168.9646066812082,1288035.8423499933,4888247.061983208,1288035.84235,4888247.06205
"POINT (1286627.28475 4887018.56965)",360100,Gore Central,1.02927229,1.02927229,-46.0984491698057,168.9456230330062,1286627.2847499982,4887018.569568301,1286627.28475,4887018.56965
"POINT (1286048.4059 4886319.2163)",360200,Gore Main,0.6081923,0.6081923,-46.10446197863354,168.93769077399054,1286048.4058999964,4886319.2162308,1286048.4059,4886319.2163
"POINT (1284849.80385 4884474.18825)",360300,Gore South,3.54332679,3.54332679,-46.120473683209525,168.92099764809967,1284849.8038401187,4884474.188200002,1284849.80385,4884474.18825
"POINT (1281991.5802 4877124.00995)",360400,Mataura,5.32206082,5.32206082,-46.18513008443007,168.8791699153327,1281991.5801999955,4877124.009874502,1281991.5802,4877124.00995
"POINT (1237650.7236 4852555.55835)",360500,West Plains-Makarewa,87.86607396,87.86607396,-46.383373961446416,168.28753401074306,1237650.7235999976,4852555.558175876,1237650.7236,4852555.55835
"POINT (1241889.215 4853306.77105)",360600,Prestonville-Grasmere,3.1962938,3.1962938,-46.37889127009345,168.3430448767696,1241889.2150000054,4853306.770863706,1241889.215,4853306.77105
"POINT (1243058.2852 4853746.7304)",360700,Donovan Park,2.93102078,2.93102078,-46.37556214316674,168.35853205698047,1243058.2851999993,4853746.730242051,1243058.2852,4853746.7304
"POINT (1246765.06705 4854732.1778)",360800,Myross Bush,20.49689847,20.49689847,-46.368665948653835,168.40731732577157,1246765.067074279,4854732.177649999,1246765.06705,4854732.1778
"POINT (1237844.80795 4846735.3839)",360900,Otatara,19.95161859,19.95161859,-46.4356803137089,168.28554372482,1237844.80795,4846735.383676232,1237844.80795,4846735.3839
"POINT (1241912.94585 4849774.99425)",361000,Invercargill Central,9.18066539,9.18066539,-46.41058368589997,168.34065106630416,1241912.9458453245,4849774.99405,1241912.94585,4849774.99425
"POINT (1242812.5296 4852019.42125)",361100,Gladstone (Invercargill City),1.26997527,1.26997527,-46.39092673165724,168.35403000572353,1242812.5296261152,4852019.42105,1242812.5296,4852019.42125
"POINT (1243870.14615 4852228.9861)",361200,Rosedale,1.08588187,1.08588187,-46.3896042857691,168.36790011342197,1243870.146149998,4852228.985951768,1243870.14615,4852228.9861
"POINT (1242739.61745 4850886.10135)",361300,Avenal,1.42781023,1.42781023,-46.40105421865093,168.35221989225403,1242739.617452296,4850886.1011500005,1242739.61745,4850886.10135
"POINT (1244856.10355 4852297.28215)",361400,Hargest,1.02953061,1.02953061,-46.38950977348959,168.38073359067957,1244856.1035500006,4852297.281980427,1244856.10355,4852297.28215
"POINT (1244312.50255 4851427.14525)",361500,Windsor,1.60991921,1.60991921,-46.397029720484454,168.373025491245,1244312.5025711183,4851427.145100001,1244312.50255,4851427.14525
"POINT (1244113.7271 4850310.0311)",361600,Richmond (Invercargill City),1.27965464,1.27965464,-46.40694603633995,168.36959875624186,1244113.7271281183,4850310.0309500005,1244113.7271,4850310.0311
"POINT (1245371.1104 4850981.73185)",361700,Glengarry,2.05295974,2.05295974,-46.401581014761796,168.38641347792006,1245371.1104336344,4850981.731699999,1245371.1104,4850981.73185
"POINT (1242266.85305 4841991.55175)",361800,Inlet New River Estuary,0,49.00786172,-46.48058748756492,168.33927692372757,1242266.8530544736,4841991.55155,1242266.85305,4841991.55175
"POINT (1245684.09495 4850060.6423)",361900,Turnbull Thompson Park,1.48988387,1.48988387,-46.41000769701226,168.38977435054957,1245684.0949573512,4850060.64215,1245684.09495,4850060.6423
"POINT (1243168.375 4848588.2394)",362000,Crinan,0.82389206,0.82389206,-46.42189259997888,168.35602618159754,1243168.3750000005,4848588.239231236,1243168.375,4848588.2394
"POINT (1244176.21105 4848931.33525)",362100,Georgetown,1.123485,1.123485,-46.4193461954748,168.36936012121438,1244176.2110867798,4848931.335100001,1244176.21105,4848931.33525
"POINT (1242819.31165 4847280.187)",362200,Kew (Invercargill City),2.0303197,2.0303197,-46.43344150179363,168.35049879451532,1242819.3116500028,4847280.18679696,1242819.31165,4847280.187
"POINT (1247958.67675 4849400.60055)",362300,Kennington-Tisbury,37.11911309,37.11911309,-46.41711679554502,168.41877697929473,1247958.6767499996,4849400.60039597,1247958.67675,4849400.60055
"POINT (1245692.1977 4849325.13075)",362400,Newfield,2.00552502,2.00552502,-46.41660986800612,168.38932223273167,1245692.197690166,4849325.130600001,1245692.1977,4849325.13075
"POINT (1244127.6338 4848024.3552)",362500,Strathern,0.98388272,0.98388272,-46.42745645640522,168.36803954686837,1244127.6338089658,4848024.355049998,1244127.6338,4848024.3552
"POINT (1245570.26505 4848340.683)",362600,Elizabeth Park,1.03043444,1.03043444,-46.42537693440067,168.38699438158872,1245570.2650512718,4848340.6828499995,1245570.26505,4848340.683
"POINT (1245279.5081 4847822.06415)",362700,Aurora,0.65289649,0.65289649,-46.429876634762216,168.38282894536044,1245279.50813649,4847822.063999998,1245279.5081,4847822.06415
"POINT (1244827.03915 4847170.4379)",362800,Moulson,0.77411182,0.77411182,-46.43548429221287,168.3764635758678,1244827.0391773004,4847170.4377500005,1244827.03915,4847170.4379
"POINT (1244523.7943 4846676.92675)",362900,Kingswell,1.90132691,1.90132691,-46.4397517487688,168.37215353540466,1244523.7943117842,4846676.9266,1244523.7943,4846676.92675
"POINT (1244161.0477 4845436.9077)",363000,Clifton,2.86675942,2.86675942,-46.450683985586664,168.3665016878313,1244161.047717257,4845436.907549999,1244161.0477,4845436.9077
"POINT (1244675.4132 4837827.7562)",363100,Woodend-Greenhills,173.5970315,173.5970315,-46.5192101947368,168.36737409544742,1244675.4132320883,4837827.756050001,1244675.4132,4837827.7562
"POINT (1244807.0862 4831713.23205)",363200,Inlet Bluff Harbour,0,56.44302196,-46.574127074917556,168.36440829825688,1244807.0861889077,4831713.231899999,1244807.0862,4831713.23205
"POINT (1242832.9448 4828080.4737)",363300,Bluff,10.09935064,10.09935064,-46.605665741499486,168.3359302475105,1242832.9447992065,4828080.4735,1242832.9448,4828080.4737
"POINT (1360504.8856 5220284.86715)",363400,Oceanic West Coast Region,0,12985.4085989,-43.13229216989268,170.05547194250258,1360504.8856,5220284.867143332,1360504.8856,5220284.86715
"POINT (1633567.1771 5461512.3975)",363500,Oceanic Nelson Region,0,787.57463618,-40.996881750908784,173.3991075599523,1633567.1771,5461512.39752443,1633567.1771,5461512.3975
"POINT (1688631.88705 5507237.27125)",363600,Oceanic Marlborough Region,0,5204.20618562,-40.58090980211886,174.0472533688082,1688631.8870500007,5507237.271256346,1688631.88705,5507237.27125
"POINT (1194071.36295 4821239.4388)",363700,Oceanic Southland Region,0,22404.5952425,-46.63928624616897,167.6957875309188,1194071.36295,4821239.438282153,1194071.36295,4821239.4388
"POINT (1598296.04765 5183670.2715)",363800,Oceanic Canterbury Region,0.02722564,11442.0815502,-43.49989313490776,172.9789230813216,1598296.0476719656,5183670.271500001,1598296.04765,5183670.2715
"POINT (1394804.1645 4887824.20725)",363900,Oceanic Otago Region,0,6538.04501738,-46.132283616256736,170.3436235646307,1394804.1645000004,4887824.207267152,1394804.1645,4887824.20725
